Artist,Title,Format,Cover Present,Label,Catogue Number,Year Released,Country,Notes,Sealed Status,discogs URL, Median Price ,discogs_release_id,,
Acting Trio,Acting Trio,"12"" Vinyl",Yes,BYG Records,529.314,1969,Angola,Actuel - 14,No,https://www.discogs.com/release/516112-Acting-Trio-Acting-Trio, $26.31 ,516112,,516112
Adele,30,"12"" Vinyl",Yes,Columbia,19439937971,2021,Argentina,,No,https://www.discogs.com/release/21122347-Adele-30, $10.00 ,21122347,,21122347
Adult Net,The Honey Tangle,"12"" Vinyl",Yes,Fontana,838 717-1,1989,Argentina,,Yes,https://www.discogs.com/release/3442231-Adult-Net-The-Honey-Tangle, $7.75 ,3442231,,3442231
"Allen, Daevid",Alien In New York,"12"" Vinyl",Yes,Shanghai,HAI 202,1983,Argentina,"The artist on the cover is listed as ""EX""",No,https://www.discogs.com/release/2190110-EX-StopDont, $7.59 ,2190110,,2190110
"Allen, Daevid",Banana Moon,"10"" Vinyl",Yes,Charly Records,CYX 202,1982,Argentina,,No,https://www.discogs.com/release/528062-Daevid-Allen-With-Planet-Gong-Opium-For-The-People, $9.16 ,528062,,528062
"Allen, Daevid",Divided Alien Playbax 80,"10"" Vinyl",Yes,Charly Records,CYX 203,1982,Argentina,,No,https://www.discogs.com/release/7566857-Daevid-Allen-With-New-York-Gong-Jungle-Window, $9.48 ,7566857,,7566857
"Allen, Daevid",Divided Alien Playbax 80,"12"" Vinyl",Yes,Charly Records,CYZ 101,1983,Argentina,,No,https://www.discogs.com/release/1400307-Daevid-Allen-Alien-In-New-York, $12.64 ,1400307,,1400307
"Allen, Daevid",Elevenses,"12"" Vinyl",Yes,Shanghai,HAI 201,1982,Argentina,,No,https://www.discogs.com/release/829680-Daevid-Allen-The-Death-Of-Rock-Other-Entrances, $13.80 ,829680,,829680
"Allen, Daevid",Good Morning,"12"" Vinyl",Yes,Oxford,OX 3297,1984,Argentina,"Extensively damaged cover, only the front half exists and it is water damaged",No,https://www.discogs.com/release/1400307-Daevid-Allen-Alien-In-New-York, $14.74 ,1400307,,1400307
"Allen, Daevid",Jungle Windo(w),"12"" Vinyl",Yes,Charly Records,CR 30218,1982,Argentina,,No,https://www.discogs.com/release/1400307-Daevid-Allen-Alien-In-New-York, $14.74 ,1400307,,1400307
"Allen, Daevid",N'Existe Pas!,"12"" Vinyl",Yes,Tapioca,TP 10017,1977,Argentina,Black Paper Labels,No,https://www.discogs.com/release/9575253-Daevid-Allen-Now-Is-The-Happiest-Time-Of-Your-Life, $18.36 ,9575253,,9575253
"Allen, Daevid",Now Is The Happiest Time Of Your Life,"12"" Vinyl",Yes,Charly Records,CRL 5015,1979,Argentina,,No,https://www.discogs.com/release/774061-Daevid-Allen-NExiste-Pas, $21.05 ,774061,,774061
"Allen, Daevid",Opium For The People,"12"" Vinyl",Yes,Purple Pyramid,CLO 0043,2016,Argentina,Last recording of Daevid Allen,Yes,https://www.discogs.com/release/8126941-Daevid-Allen-Weird-Quartet-Elevenses, $26.21 ,8126941,,8126941
"Allen, Daevid",Stop/Don't,"12"" Vinyl",Yes,Virgin,V 2054,1976,Argentina,Autographed Copy,No,https://www.discogs.com/release/471077-Daevid-Allen-Euterpe-Good-Morning, $36.84 ,471077,,471077
"Allen, Daevid",The Death Of Rock & Other Entrances,"12"" Vinyl",Yes,BYG Records,529.345,1971,Argentina,Actuel - 45,No,https://www.discogs.com/release/2486018-Daevid-Allen-Banana-Moon, $75.00 ,2486018,,2486018
"Allen, Daevid & Euterpe",Good Morning!,"12"" Vinyl",Yes,Virgin,V2054,1976,Argentina,,No,https://www.discogs.com/release/471077-Daevid-Allen-Euterpe-Good-Morning, $36.84 ,471077,,471077
"Allen, Daevid & Kramer",Who's Afraid?,"12"" Vinyl",Yes,Shimmy Disc,SHIMMY 060,1992,Australia,,No,https://www.discogs.com/release/1727414-Daevid-Allen-And-Kramer-Whos-Afraid, $19.99 ,1727414,,1727414
"Amos, Tori",1000 Oceans,CD,Yes,Atlantic,7567-83486-2 D,2001,Australia,4th Cover,No,https://www.discogs.com/release/1436227-Tori-Amos-Strange-Little-Girls, $2.00 ,1436227,,1436227
"Amos, Tori",1000 Oceans,CD,Yes,Epic,EK 92800,2005,Australia,,No,https://www.discogs.com/release/1268739-Tori-Amos-The-Beekeeper, $2.38 ,1268739,,1268739
"Amos, Tori",1000 Oceans,CD,Yes,Atlantic,7567-83486-2,2001,Australia,First Cover,No,https://www.discogs.com/release/479673-Tori-Amos-Strange-Little-Girls, $2.49 ,479673,,479673
"Amos, Tori",A Piano: The Collection,CD,Yes,Atlantic,83095-2,1998,Australia,,No,https://www.discogs.com/release/10473418-Tori-Amos-From-The-Choirgirl-Hotel, $2.61 ,10473418,,10473418
"Amos, Tori",A Sorta Fairytale,CD,Yes,Atlantic,7567-84526-2,1999,Australia,CD Single,No,https://www.discogs.com/release/474984-Tori-Amos-Glory-Of-The-80s, $2.62 ,474984,,474984
"Amos, Tori",Abnormally Attracted To Sin,CD,Yes,Epic,EK 86412,2002,Australia,Enhanced ,No,https://www.discogs.com/release/4255744-Tori-Amos-Scarlets-Walk, $2.66 ,4255744,,4255744
"Amos, Tori",American Doll Posse,CD,Yes,Atlantic,2-84104,1998,Australia,SlidePack,No,https://www.discogs.com/release/1774934-Tori-Amos-Spark, $2.76 ,1774934,,1774934
"Amos, Tori",American Doll Posse,CD,Yes,Atlantic,2-84163,1998,Australia,SlidePack,No,https://www.discogs.com/release/1264008-Tori-Amos-Jackies-Strength, $2.97 ,1264008,,1264008
"Amos, Tori",American Doll Posse,CD,Yes,Atlantic,7567-83486-2,2001,Australia,2nd Cover,No,https://www.discogs.com/release/1436211-Tori-Amos-Strange-Little-Girls, $2.97 ,1436211,,1436211
"Amos, Tori",Big Wheel,CD,Yes,Epic,82876 86140 2,2007,Australia,,No,https://www.discogs.com/release/2443427-Tori-Amos-American-Doll-Posse, $3.00 ,2443427,,2443427
"Amos, Tori",Bliss,CD,Yes,Atlantic,2-84412,1998,Australia,SlidePack,Yes,https://www.discogs.com/release/283714-Tori-Amos-Cruel-Raspberry-Swirl, $3.00 ,283714,,283714
"Amos, Tori",Boys For Pele,CD,Yes,Atlantic,2-84412,1998,Australia,SlidePack,No,https://www.discogs.com/release/283714-Tori-Amos-Cruel-Raspberry-Swirl, $3.00 ,283714,,283714
"Amos, Tori",Concertina,CD,Yes,Atlantic,7567-83486-2,2001,Australia,Fifth Cover,No,https://www.discogs.com/release/1541935-Tori-Amos-Strange-Little-Girls, $3.03 ,1541935,,1541935
"Amos, Tori",Cruel / Raspberry Swirl,CD,Yes,Atlantic / EastWest,AT0031CD2,1998,Australia,CD Single 2,No,https://www.discogs.com/release/1186811-Tori-Amos-Spark, $3.16 ,1186811,,1186811
"Amos, Tori",Cruel / Raspberry Swirl,CD,Yes,Atlantic,2-84534,1999,Australia,CD Single,No,https://www.discogs.com/release/1411090-Tori-Amos-1000-Oceans, $3.26 ,1411090,,1411090
"Amos, Tori",From The Choirgirl Hotel,CD,Yes,Atlantic,2-84533,1999,Australia,CD Single,No,https://www.discogs.com/release/2635884-Tori-Amos-Bliss, $3.78 ,2635884,,2635884
"Amos, Tori",Glory Of The 80's,CD,Yes,Atlantic / EastWest,AT0045CD,1998,Australia,CD Single,No,https://www.discogs.com/release/166955-Tori-Amos-Raspberry-Swirl, $3.79 ,166955,,166955
"Amos, Tori",Glory Of The 80's,CD,Yes,Atlantic / EastWest,AT0045CD,1998,Australia,CD Single,No,https://www.discogs.com/release/166955-Tori-Amos-Raspberry-Swirl, $3.79 ,166955,,166955
"Amos, Tori",Gold Dust,CD,Yes,Atlantic,2-84105,1998,Australia,Maxi-Single,No,https://www.discogs.com/release/1379811-Tori-Amos-Spark, $4.00 ,1379811,,1379811
"Amos, Tori",Jackie's Strength,CD,Yes,Atlantic,7567-83486-2 ,2001,Australia,3rd Cover,No,https://www.discogs.com/release/1436216-Tori-Amos-Strange-Little-Girls, $4.00 ,1436216,,1436216
"Amos, Tori",Jackie's Strength,CD / DVD,Yes,Atlantic,83230-2,1999,Australia,Tri-fold Card Sleeve,No,https://www.discogs.com/release/479669-Tori-Amos-To-Venus-And-Back, $4.00 ,479669,,479669
"Amos, Tori",Little Earthquakes - The B-Sides,CD  / DVD,Yes,Atlantic,83658-2,2003,Australia,Digipack,No,https://www.discogs.com/release/444546-Tori-Amos-Tales-Of-A-Librarian-A-Tori-Amos-Collection, $4.02 ,444546,,444546
"Amos, Tori",Live At Montreaux 1991 & 1992,CD  / DVD,Yes,Atlantic,83658-2,2003,Australia,Digipack,No,https://www.discogs.com/release/444546-Tori-Amos-Tales-Of-A-Librarian-A-Tori-Amos-Collection, $4.02 ,444546,,444546
"Amos, Tori",Midwinter Graces,CD,Yes,Atlantic,AT0077CD2,1999,Australia,CD Single 2,No,https://www.discogs.com/release/1457281-Tori-Amos-Glory-Of-The-80s, $4.20 ,1457281,,1457281
"Amos, Tori",Professional Widow / Hey Jupiter,CD,Yes,Atlantic,2-84535,1999,Australia,Maxi-Single Enhanced,No,https://www.discogs.com/release/1198276-Tori-Amos-1000-Oceans, $4.31 ,1198276,,1198276
"Amos, Tori",Raspberry Swirl,CD,Yes,Atlantic / EastWest,AT0031CD,1998,Australia,CD Single 1,No,https://www.discogs.com/release/1230804-Tori-Amos-Spark, $4.32 ,1230804,,1230804
"Amos, Tori",Raspberry Swirl,CD,Yes,Atlantic,2-84442,1999,Australia,CD Maxi-Single,No,https://www.discogs.com/release/205613-Tori-Amos-Jackies-Strength, $4.71 ,205613,,205613
"Amos, Tori",Raspberry Swirl,DVD,Yes,Eagle Eye Media / Montreux Sounds,EE 39172-9,2008,Australia,,No,https://www.discogs.com/release/3880234-Tori-Amos-Live-At-Montreux-1991-1992, $5.00 ,3880234,,3880234
"Amos, Tori",Scarlet's Walk,CD  / DVD,Yes,Mercury Classics,B0020338-00,2014,Australia,Deluxe Edition,No,https://www.discogs.com/release/5695136-Tori-Amos-Unrepentant-Geraldines, $5.29 ,5695136,,5695136
"Amos, Tori",Sleeps With Butterflies,CD,Yes,Atlantic,7567845352,2000,Australia,Enhanced ,No,https://www.discogs.com/release/4237026-Tori-Amos-1000-Oceans, $5.70 ,4237026,,4237026
"Amos, Tori",Spark,CD / DVD,Yes,Universal Republic Records,B0013629-10,2009,Australia,Limited Edition,No,https://www.discogs.com/release/2080227-Tori-Amos-Midwinter-Graces, $6.00 ,2080227,,2080227
"Amos, Tori",Spark,"12"" Vinyl",Yes,Atlantic,331000032,1998,Australia,Promo - Maroon Labels,No,https://www.discogs.com/release/4224952-Tori-Amos-Raspberry-Swirl, $6.00 ,4224952,,4224952
"Amos, Tori",Spark,DVD,Yes,Epic,34D 79804,2003,Australia,,No,https://www.discogs.com/release/1385015-Tori-Amos-A-Sorta-Fairytale, $6.44 ,1385015,,1385015
"Amos, Tori",Spark,CD,Yes,Atlantic,2-84651,2000,Australia,HyperCD,No,https://www.discogs.com/release/1197002-Tori-Amos-Concertina, $6.84 ,1197002,,1197002
"Amos, Tori",Special 3 Track Radio Sampler,CD,Yes,Mercury Classics / Deutsche Grammophon,B0017441-00,2012,Australia,Deluxe Edition,No,https://www.discogs.com/release/3921801-Tori-Amos-Gold-Dust, $7.30 ,3921801,,3921801
"Amos, Tori",Strange Little Girls,CD,Yes,Atlantic,PRCD 300630,2001,Australia,Promo,No,https://www.discogs.com/release/871906-Tori-Amos-Special-3-Track-Radio-Sampler, $7.50 ,871906,,871906
"Amos, Tori",Strange Little Girls,CD,Yes,Epic,ESK 51344,2005,Australia,Promo,No,https://www.discogs.com/release/1762749-Tori-Amos-Sleeps-With-Butterflies, $7.66 ,1762749,,1762749
"Amos, Tori",Strange Little Girls,"12"" Vinyl",Yes,EastWest,A5494T,1996,Australia,,No,https://www.discogs.com/release/54599-Tori-Amos-Professional-Widow-Hey-Jupiter, $7.74 ,54599,,54599
"Amos, Tori",Strange Little Girls,CD / DVD,Yes,Universal Republic Records,B0012901-10,2009,Australia,Deluxe Edition,No,https://www.discogs.com/release/1784716-Tori-Amos-Abnormally-Attracted-To-Sin, $7.97 ,1784716,,1784716
"Amos, Tori",Strange Little Girls,CD  / DVD,Yes,Epic,88697 08725 2,2007,Australia,Limited Edition,No,https://www.discogs.com/release/1001139-Tori-Amos-American-Doll-Posse, $8.89 ,1001139,,1001139
"Amos, Tori",Tales Of A Librarian (A Tori Amos Collection),CD,Yes,Epic,88697 09554 2,2007,Australia,Promo,No,https://www.discogs.com/release/2489938-Tori-Amos-Big-Wheel, $20.00 ,2489938,,2489938
"Amos, Tori",Tales Of A Librarian (A Tori Amos Collection),"12"" Vinyl",Yes,Rhino Records / Atlantic,R1 695082,2023,Australia,Record Store Day,Yes,https://www.discogs.com/release/26839190-Tori-Amos-Little-Earthquakes-The-B-Sides, $21.66 ,26839190,,26839190
"Amos, Tori",Taxi Ride,CD,Yes,Epic,ESK 59064,2003,Australia,Promo,No,https://www.discogs.com/release/997381-Tori-Amos-Taxi-Ride, $25.00 ,997381,,997381
"Amos, Tori",The Beekeeper,"12"" Vinyl",Yes,Atlantic,82567-1,1994,Australia,Black Vinyl Edition,No,https://www.discogs.com/release/1321346-Tori-Amos-Under-The-Pink, $57.50 ,1321346,,1321346
"Amos, Tori",To Venus And Back,CD,Yes,Rhino Records,R2 77775,2006,Australia,Box Set,No,https://www.discogs.com/release/1019140-Tori-Amos-A-Piano-The-Collection, $64.33 ,1019140,,1019140
"Amos, Tori",Under The Pink,"12"" Vinyl",Yes,Atlantic,82862-1,1996,Australia,Clear Vinyl,No,https://www.discogs.com/release/1478859-Tori-Amos-Boys-For-Pele, $73.61 ,1478859,,1478859
"Amos, Tori",Unrepentant Geraldines,"12"" Vinyl",Yes,Epic,82876 86140 1,2007,Australia,180 Gram Vinyl Issue,No,https://www.discogs.com/release/1461114-Tori-Amos-American-Doll-Posse, $158.42 ,1461114,,1461114
Analogy,Analogy,"12"" Vinyl",Yes,Akarma,AK 093,2000,Australia,Unofficial Release,No,https://www.discogs.com/release/945657-Analogy-Analogy, $30.00 ,945657,,945657
Ancanthus,"Le Frisson Des Vampires (Un Film De Jean Rollin, Musique Par Acanthus)","12"" Vinyl",Yes,Finders Keepers Records,FKR038LPX,2021,Australia,Reissue - Black Vinyl,No,https://www.discogs.com/release/17670274-Acanthus-Le-Frisson-Des-Vampires, $44.30 ,17670274,,17670274
"Anderson, Laurie",Strange Angels,"12"" Vinyl",Yes,Warner Bros. Records,9 25900-1,1989,Australia,,No,https://www.discogs.com/release/678373-Laurie-Anderson-Strange-Angels, $15.99 ,678373,,678373
Aphrodite's Child,The Best Of Aphrodite's Child,"12"" Vinyl",Yes,Mercury,6333 002,1971,Australia,Original Pressing,Yes,"Aphrodite's Child – Best Of Aphrodite's Child – Vinyl (Gatefold, LP, Compilation, Stereo), 1971 [r3746691] | Discogs", $30.00 ,3746691.00,,3746691
Arthur Lee & Love,"Complete ""Forever Changes"" Live","12"" Vinyl",Yes,RockBeat Records,ROC-3348,2017,Australia,,No,https://www.discogs.com/release/10289096-Arthur-Lee-Love-Complete-Forever-Changes-Live, $26.56 ,10289096,,10289096
"Ayers, Kevin",After The Show,"7"" Vinyl",N/A,Island Records,WIP 6194,1974,Australia,,No,https://www.discogs.com/release/1653766-Kevin-Ayers-The-Up-Song, $2.53 ,1653766,,1653766
"Ayers, Kevin",After The Show,CD,Yes,Connoisseur Collection,CSAP CD 110,1992,Australia,Compilation,No,https://www.discogs.com/release/3154559-Kevin-Ayers-Document-Series-Presents, $3.11 ,3154559,,3154559
"Ayers, Kevin",After The Show,"7"" Vinyl",N/A,Island Records,WIP.6201,1974,Australia,Stock Copy,No,https://www.discogs.com/release/6503321-Kevin-Ayers-After-The-Show, $3.78 ,6503321,,6503321
"Ayers, Kevin",After The Show,"7"" Vinyl",N/A,Island Records,WIP.6201,1974,Australia,Stock Copy,No,https://www.discogs.com/release/6503321-Kevin-Ayers-After-The-Show, $3.78 ,6503321,,6503321
"Ayers, Kevin",After The Show,"7"" Vinyl",N/A,Island Records,WIP.6201,1974,Australia,Promo ,No,https://www.discogs.com/release/6503321-Kevin-Ayers-After-The-Show, $3.78 ,6503321,,6503321
"Ayers, Kevin",Alive in California,"7"" Vinyl",N/A,Island Records,WIP 6271,1976,Australia,Stock Copy,No,https://www.discogs.com/release/4527838-Kevin-Ayers-Falling-In-Love-Again, $3.78 ,4527838,,4527838
"Ayers, Kevin",Am I Really Marcel?,"7"" Vinyl",N/A,Island Records,WIP 6271,1976,Australia & New Zealand,Promo ,No,https://www.discogs.com/release/4527838-Kevin-Ayers-Falling-In-Love-Again, $3.78 ,4527838,,4527838
"Ayers, Kevin",Animals,"7"" Vinyl",Yes,Harvest,HAR  5198,1980,Australia & New Zealand,,No,https://www.discogs.com/release/921023-Kevin-Ayers-Money-Money-Money, $4.32 ,921023,,921023
"Ayers, Kevin",Animals,"7"" Vinyl",Yes,Island Records,16 822 AT,1976,Belgium,,No,https://www.discogs.com/release/2706902-Kevin-Ayers-Falling-In-Love-Again-Everyone-Knows-The-Song, $5.00 ,2706902,,2706902
"Ayers, Kevin",As Close As You Think,"7"" Vinyl",N/A,ABC Records,AB-12303,1977,Belgium,Stock Copy,No,https://www.discogs.com/release/7888682-Kevin-Ayers-Mr-Cool-Help-Me, $5.00 ,7888682,,7888682
"Ayers, Kevin",As Close As You Think,"7"" Vinyl",N/A,ABC Records,AB-12303,1977,Belgium,Promo ,No,https://www.discogs.com/release/6617865-Kevin-Ayers-Mr-Cool, $5.00 ,6617865,,6617865
"Ayers, Kevin",As Close As You Think,"7"" Vinyl",N/A,ABC Records,AB-12303,1977,Belgium,Promo,No,https://www.discogs.com/release/6617865-Kevin-Ayers-Mr-Cool, $5.00 ,6617865,,6617865
"Ayers, Kevin",Baby Come Home,"7"" Vinyl",N/A,Harvest,HAR 5109,1976,Belgium,Stock Copy - reissue,No,https://www.discogs.com/release/4111224-Kevin-Ayers-Caribbean-Moon, $5.03 ,4111224,,4111224
"Ayers, Kevin",Banana Follies,"7"" Vinyl",N/A,Harvest,HAR 5109,1976,Belgium,Stock Copy - reissue,No,https://www.discogs.com/release/4111224-Kevin-Ayers-Caribbean-Moon, $5.03 ,4111224,,4111224
"Ayers, Kevin",Banana Productions (The Best Of Kevin Ayers),"7"" Vinyl",Yes,Lo-Max Records,LOMAX030V,2008,Belgium,385/1000,No,https://www.discogs.com/release/1730243-Kevin-Ayers-Baby-Come-Home, $5.05 ,1730243,,1730243
"Ayers, Kevin",Bananamour,Cassette,Yes,Virgin,TCV 2510,1988,Belgium,Black cassette with white print,Yes,https://www.discogs.com/release/7040540-Kevin-Ayers-Falling-Up, $5.06 ,7040540,,7040540
"Ayers, Kevin",Bananamour,"7"" Vinyl",N/A,Harvest,HAR  5198,1980,Belgium,Version issed without sleeve,No,https://www.discogs.com/release/2078849-Kevin-Ayers-Money-Money-Money, $5.26 ,2078849,,2078849
"Ayers, Kevin",Bananamour,"7"" Vinyl",Yes,Charly Records,CYZ-7-107,1983,Belgium,,No,https://www.discogs.com/release/3441243-Kevin-Ayers-My-Speeding-Heart-Champagne-And-Valium, $5.76 ,3441243,,3441243
"Ayers, Kevin",Bananamour,CD,Yes,Water,water188,2006,Belgium,Reissue,No,https://www.discogs.com/release/4220073-Kevin-Ayers-Joy-Of-A-Toy, $6.00 ,4220073,,4220073
"Ayers, Kevin",Bananamour,"7"" Vinyl",Yes,Tabata,TB SP 003,1992,Belgium,,No,https://www.discogs.com/release/4672800-Kevin-Ayers-Thank-You-Very-Much, $6.00 ,4672800,,4672800
"Ayers, Kevin",Bananamour,"7"" Vinyl",N/A,Illuminated Records,LEV 71,1986,Belgium,,No,https://www.discogs.com/release/3646113-Kevin-Ayers-Stepping-Out, $6.16 ,3646113,,3646113
"Ayers, Kevin",Bananamour,"12"" Vinyl",Yes,ABC Records,AB 1021,1977,Belgium,,No,https://www.discogs.com/release/417129-Kevin-Ayers-Yes-We-Have-No-Mañanas-So-Get-Your-Mañanas-Today, $6.20 ,417129,,417129
"Ayers, Kevin",Bananamour,"12"" Vinyl",Yes,ABC Records,AB 1021,1977,Belgium,,No,https://www.discogs.com/release/417129-Kevin-Ayers-Yes-We-Have-No-Mañanas-So-Get-Your-Mañanas-Today, $6.20 ,417129,,417129
"Ayers, Kevin",Bananamour,"12"" Vinyl",Yes,ABC Records,AB 1021,1977,Belgium,,No,https://www.discogs.com/release/417129-Kevin-Ayers-Yes-We-Have-No-Mañanas-So-Get-Your-Mañanas-Today, $6.20 ,417129,,417129
"Ayers, Kevin",Bananamour,Cassette,Yes,Island Records,ZC1 9322,1975,Belgium,Black cassette with pink paper labels,No,https://www.discogs.com/release/11169549-Kevin-Ayers-Sweet-Deceiver, $6.32 ,11169549,,11169549
"Ayers, Kevin",Bananamour,"7"" Vinyl",N/A,Harvest,HAR 5071,1973,Brazil,Stock Copy,No,https://www.discogs.com/release/10546926-Kevin-Ayers-Caribbean-Moon, $6.33 ,10546926,,10546926
"Ayers, Kevin",BBC Radio 1 Live In Concert,"7"" Vinyl",N/A,Harvest,HAR 5071,1973,Brazil,Stock Copy,No,https://www.discogs.com/release/10546926-Kevin-Ayers-Caribbean-Moon, $6.33 ,10546926,,10546926
"Ayers, Kevin",BBC Radio 1 Live In Concert,"7"" Vinyl",Yes,Harvest,5C 006-98 159,1976,Brazil,Stock Copy,No,https://www.discogs.com/release/3407822-Kevin-Ayers-Falling-In-Love-Again-The-Owl, $6.33 ,3407822,,3407822
"Ayers, Kevin",BBC Sessions 1970-1972,CD,Yes,BGO Records,BGOCD11,1993,Brazil,,No,https://www.discogs.com/release/1248166-Kevin-Ayers-Whatevershebringswesing, $6.41 ,1248166,,1248166
"Ayers, Kevin",Butterfly Dance,"12"" Vinyl",Yes,BGO Records,BGOCD86,1990,Brazil,,No,https://www.discogs.com/release/10957189-Kevin-Ayers-The-Confessions-Of-Dr-Dream-And-Other-Stories, $6.84 ,10957189,,10957189
"Ayers, Kevin",Butterfly Dance,CD,Yes,Strange Fruit,SFRSCD 017,1997,Brazil,,No,https://www.discogs.com/release/1900940-Kevin-Ayers-First-Show-In-The-Appearance-Business-The-BBC-Sessions-1973-76, $6.92 ,1900940,,1900940
"Ayers, Kevin",Butterfly Dance,"7"" Vinyl",Yes,Charly Records,CHARLYS169,2017,Brazil,Colored Vinyl (Champagne) RSD 2017,No,https://www.discogs.com/release/10230080-Kevin-Ayers-Champagne-And-Valium-My-Speeding-Heart, $6.96 ,10230080,,10230080
"Ayers, Kevin",Caribbean Moon,"7"" Vinyl",N/A,Harvest,HAR 5100,1975,Brazil,Stock Copy - reissue,No,https://www.discogs.com/release/5837915-Kevin-Ayers-Caribbean-Moon, $6.99 ,5837915,,5837915
"Ayers, Kevin",Caribbean Moon,CD,Yes,See For Miles Records Lts.,SEE CD 117,1990,Brazil,Compilation,No,https://www.discogs.com/release/1755917-Kevin-Ayers-The-Kevin-Ayers-Collection, $7.07 ,1755917,,1755917
"Ayers, Kevin",Caribbean Moon,"7"" Vinyl",N/A,Blau,S-014,1984,Brazil,Promo ,No,https://www.discogs.com/release/5298202-Kevin-Ayers-Stop-Playing-With-My-Heart-Champagne-And-Valium, $7.26 ,5298202,,5298202
"Ayers, Kevin",Caribbean Moon,"7"" Vinyl",Yes,Harvest,3C 006-05347,1976,Brazil,,No,https://www.discogs.com/release/2630316-Kevin-Ayers-Caribbean-Moon, $7.36 ,2630316,,2630316
"Ayers, Kevin",Caribbean Moon,"7"" Vinyl",Yes,Grabaciones Accidentales,GA 196,1988,Brazil,,No,https://www.discogs.com/release/3656528-Kevin-Ayers-Am-I-Really-Marcel, $7.37 ,3656528,,3656528
"Ayers, Kevin",Caribbean Moon,"7"" Vinyl",Yes,Harvest,1A 006-63715,1980,Brazil,,No,https://www.discogs.com/release/4568643-Kevin-Ayers-Money-Money-Money, $7.37 ,4568643,,4568643
"Ayers, Kevin",Caribbean Moon,CD,Yes,BGO Records,BGOCD142,1992,Brazil,,No,https://www.discogs.com/release/1445555-Kevin-Ayers-Bananamour, $7.39 ,1445555,,1445555
"Ayers, Kevin",Caribbean Moon,CD,Yes,BGO Records,BGOCD142,1992,Brazil,,No,https://www.discogs.com/release/1445555-Kevin-Ayers-Bananamour, $7.39 ,1445555,,1445555
"Ayers, Kevin",Caribbean Moon,CD,Yes,Harvest,07243-582778-2-1,2003,Brazil,,No,https://www.discogs.com/release/3369452-Kevin-Ayers-Whatevershebringswesing, $7.43 ,3369452,,3369452
"Ayers, Kevin",Caribbean Moon,CD,Yes,BGO Records,BGOCD13,1997,Brazil,Long Box (clear plastic) still sealed,Yes,https://www.discogs.com/release/1090585-Kevin-Ayers-And-The-Whole-World-Shooting-At-The-Moon, $7.47 ,1090585,,1090585
"Ayers, Kevin",Caribbean Moon,"7"" Vinyl",Yes,Island Records,13 387 AT,1974,Brazil,,No,https://www.discogs.com/release/2948024-Kevin-Ayers-Day-By-Day, $7.63 ,2948024,,2948024
"Ayers, Kevin",Caribbean Moon,"7"" Vinyl",N/A,Sire,SAA-709,1973,Canada,Promo ,No,https://www.discogs.com/release/4894655-Kevin-Ayers-Caribbean-Moon, $7.67 ,4894655,,4894655
"Ayers, Kevin",Caribbean Moon,CD,Yes,Gonzo Multimedia,HST388CD,2016,Canada,Reissue,No,https://www.discogs.com/release/8412628-Kevin-Ayres-As-Close-As-You-Think, $7.69 ,8412628,,8412628
"Ayers, Kevin",Caribbean Moon,"7"" Vinyl",Yes,Harvest,5C 006-05 347,1973,Canada,,No,https://www.discogs.com/release/6427259-Kevin-Ayers-Caribbean-Moon, $7.89 ,6427259,,6427259
"Ayers, Kevin",Caribbean Moon,"7"" Vinyl",N/A,Harvest,HAR-11297,1977,Canada,Promo ,No,https://www.discogs.com/release/14499179-Kevin-Ayers-Caribbean-Moon-, $7.96 ,14499179,,14499179
"Ayers, Kevin",Champagne And Valium / My Speeding Heart,"12"" Vinyl",Yes,Island Records,ILPS 19322,1980,Canada,Date is approximate reissue,No,https://www.discogs.com/release/14774387-Kevin-Ayers-Sweet-Deceiver, $8.15 ,14774387,,14774387
"Ayers, Kevin",Champagne And Valium / My Speeding Heart,CD,Yes,Reel Recordings,RR 009,2008,Canada,,No,https://www.discogs.com/release/1749834-Kevin-Ayers-What-More-Can-I-Say-, $8.15 ,1749834,,1749834
"Ayers, Kevin",Day By Day,"12"" Vinyl",Yes,Island Records,ILPS 19322,1975,Canada,,No,https://www.discogs.com/release/3943834-Kevin-Ayers-Sweet-Deceiver, $8.41 ,3943834,,3943834
"Ayers, Kevin",Deia…Vu,"12"" Vinyl",Yes,Harvest,1A 062-63647,1980,Canada,,No,https://www.discogs.com/release/1473743-Kevin-Ayers-Thats-What-You-Get-Babe, $8.42 ,1473743,,1473743
"Ayers, Kevin",Deia…Vu,CD,Yes,Band Of Joy,BOJCD 019,1996,Canada,,No,https://www.discogs.com/release/1822731-Kevin-Ayers-Singing-The-Bruise-The-BBC-Sessions-1970-72, $8.80 ,1822731,,1822731
"Ayers, Kevin",Deia…Vu,"7"" Vinyl",Yes,Harvest,HAR  5198,1980,Canada,Promo ,No,https://www.discogs.com/release/2559533-Kevin-Ayers-Money-Money-Money, $8.86 ,2559533,,2559533
"Ayers, Kevin",Diamond Jack And The Queen Of Pain,"7"" Vinyl",N/A,Harvest,HAR 5042,1971,Canada,Solid Centre,No,https://www.discogs.com/release/2513196-Kevin-Ayers-And-The-Whole-World-Stranger-In-Blue-Suede-Shoes, $8.86 ,2513196,,2513196
"Ayers, Kevin",Diamond Jack And The Queen Of Pain,CD,Yes,Harvest / EMI,268 2952,2009,Canada,Expanded Edition,No,https://www.discogs.com/release/2823427-Kevin-Ayers-The-Confessions-Of-Dr-Dream-And-Other-Stories, $8.89 ,2823427,,2823427
"Ayers, Kevin",Diamond Jack And The Queen Of Pain,CD,Yes,Harvest / EMI,268 2952,2009,Canada,Reissue,No,https://www.discogs.com/release/2823427-Kevin-Ayers-The-Confessions-Of-Dr-Dream-And-Other-Stories, $8.89 ,2823427,,2823427
"Ayers, Kevin",Diamond Jack And The Queen Of Pain,Cassette,Yes,ABC Records,AB 1021 H,1977,Canada,Blue colored cassette,No,https://www.discogs.com/release/4149614-Kevin-Ayers-Yes-We-Have-No-Mañanas-So-Get-Your-Mañanas-Today, $8.95 ,4149614,,4149614
"Ayers, Kevin",Diamond Jack And The Queen Of Pain,CD,Yes,Harvest,07243-582777-2-2,2003,Canada,,No,https://www.discogs.com/release/1082696-Kevin-Ayers-And-The-Whole-World-Shooting-At-The-Moon, $8.99 ,1082696,,1082696
"Ayers, Kevin",Didn't Feel Lonely Till I Thought Of You,"12"" Vinyl",Yes,Harvest,11C 07463647,1980,Canada,,No,https://www.discogs.com/release/11139045-Kevin-Ayers-Thats-What-You-Get-Babe, $9.21 ,11139045,,11139045
"Ayers, Kevin",Didn't Feel Lonely Till I Thought Of You,"7"" Vinyl",Yes,Grabaciones Accidentales,GA 242,1988,Canada,Promo ,No,https://www.discogs.com/release/3899510-Kevin-Ayers-The-Best-We-Have, $9.21 ,3899510,,3899510
"Ayers, Kevin",Document Series Presents,CD,Yes,Edsel Records,MEDCD 749,2004,Canada,Compilation,No,https://www.discogs.com/release/3374032-Kevin-Ayers-Didnt-Feel-Lonely-Till-I-Thought-Of-You-The-Island-Records-Years, $9.47 ,3374032,,3374032
"Ayers, Kevin",Don't Let It Get You Down,CD,Yes,Edsel Records,MEDCD 749,2004,Canada,Compilation,Yes,https://www.discogs.com/release/3374032-Kevin-Ayers-Didnt-Feel-Lonely-Till-I-Thought-Of-You-The-Island-Records-Years, $9.47 ,3374032,,3374032
"Ayers, Kevin",Falling In Love Again,Cassette,Yes,Grabaciones Accidentales,GA-192K,1988,Canada,,No,https://www.discogs.com/release/5799507-Kevin-Ayers-Falling-Up, $9.47 ,5799507,,5799507
"Ayers, Kevin",Falling In Love Again,"7"" Vinyl",N/A,Harvest,HAR 5124,1977,Canada,Stock Copy,No,https://www.discogs.com/release/4342254-Kevin-Ayers-Star, $9.49 ,4342254,,4342254
"Ayers, Kevin",Falling In Love Again,"12"" Vinyl",Yes,Virgin,V 2510,1988,Canada,,No,https://www.discogs.com/release/2103410-Kevin-Ayers-Falling-Up, $9.99 ,2103410,,2103410
"Ayers, Kevin",Falling In Love Again,CD,Yes,BGO Records,BGOCD189,1993,Canada,,No,https://www.discogs.com/release/1710476-Kevin-Ayers-Rainbow-Takeaway, $9.99 ,1710476,,1710476
"Ayers, Kevin",Falling In Love Again,"7"" Vinyl",N/A,Island Records,K6313,1976,Canada,Company Sleeve,No,https://www.discogs.com/release/2287132-Kevin-Ayers-Falling-In-Love-Again, $10.00 ,2287132,,2287132
"Ayers, Kevin",Falling Up,"12"" Vinyl",Yes,Harvest,5C 054-05954,1975,Canada,,No,https://www.discogs.com/release/13402466-Kevin-Ayers-Odd-Ditties, $10.00 ,13402466,,13402466
"Ayers, Kevin",Falling Up,"12"" Vinyl",Yes,Harvest,5C 054-05954,1975,Canada,,No,https://www.discogs.com/release/13402466-Kevin-Ayers-Odd-Ditties, $10.00 ,13402466,,13402466
"Ayers, Kevin",Falling Up,Cassette,Yes,Fnac Music,594025,1992,Canada,,No,https://www.discogs.com/release/8592014-Kevin-Ayers-Still-Life-With-Guitars, $10.00 ,8592014,,8592014
"Ayers, Kevin",Falling Up,CD,Yes,BGO Records,BGOCD190,1993,Canada,,No,https://www.discogs.com/release/1755871-Kevin-Ayers-Thats-What-You-Get-Babe, $10.00 ,1755871,,1755871
"Ayers, Kevin",Falling Up,"7"" Vinyl",Yes,Harvest,4C 006-05347,1973,Canada,,No,https://www.discogs.com/release/3854270-Kevin-Ayers-Caribbean-Moon, $10.16 ,3854270,,3854270
"Ayers, Kevin",Falling Up,"12"" Vinyl",Yes,Island Records,885911,1975,Canada,,No,https://www.discogs.com/release/7344912-Kevin-Ayers-Sweet-Deceiver, $10.42 ,7344912,,7344912
"Ayers, Kevin",Falling Up,CD,Yes,Voiceprint,VP180CD,1997,Canada,Mini-album,No,https://www.discogs.com/release/5712456-Kevin-Ayers-Mike-Oldfield-Robert-Wyatt-David-Bedford-Lol-Coxhill-Six-Beautiful-Girls-The-Garden-Of-L, $10.52 ,5712456,,5712456
"Ayers, Kevin",Feeling This Way,"12"" Vinyl",Yes,Harvest,5C 062 60535,1978,Canada,,No,https://www.discogs.com/release/5514054-Kevin-Ayers-Rainbow-Takeaway, $10.53 ,5514054,,5514054
"Ayers, Kevin",Feeling This Way,"12"" Vinyl",Yes,Harvest,1C 062-97 907,1976,Canada,,No,https://www.discogs.com/release/2231443-Kevin-Ayers-Yes-We-Have-No-Mañanas-So-Get-Your-Mañanas-Today, $10.53 ,2231443,,2231443
"Ayers, Kevin",First Show In The Appearance Business (The BBC Sessions 1973-76),CD,Yes,Windsong International,WINCD 018,1992,Canada,,No,https://www.discogs.com/release/1154831-Kevin-Ayers-And-The-Whole-World-BBC-Radio-1-Live-In-Concert, $10.54 ,1154831,,1154831
"Ayers, Kevin",Hyde Park Free Concert 1970,CD,No,Windsong International,WINCD 018,1992,Canada,,No,https://www.discogs.com/release/1154831-Kevin-Ayers-And-The-Whole-World-BBC-Radio-1-Live-In-Concert, $10.54 ,1154831,,1154831
"Ayers, Kevin",Joy Of A Toy,"7"" Vinyl",N/A,Island Records,K-5635,1974,Canada,,No,https://www.discogs.com/release/13719983-Kevin-Ayers-After-The-Show, $11.15 ,13719983,,13719983
"Ayers, Kevin",Joy Of A Toy,CD,Yes,Market Square,MSMCD112,2002,Canada,EDC Pressing,No,https://www.discogs.com/release/1758439-Kevin-Ayers-Still-Life-With-Guitar, $11.80 ,1758439,,1758439
"Ayers, Kevin",Joy Of A Toy,CD,Yes,Box-O-Plenty,BOP CD 002,2004,Canada,,Yes,https://www.discogs.com/release/1771904-Kevin-Ayers-Alive-In-California, $12.03 ,1771904,,1771904
"Ayers, Kevin",Joy Of A Toy,CD,Yes,BGO Records,BGOCD990,2011,Canada,Contains two albums,Yes,https://www.discogs.com/release/3388435-Kevin-Ayers-Rainbow-Takeaway-Thats-What-You-Get-Babe, $12.03 ,3388435,,3388435
"Ayers, Kevin",Joy Of A Toy,CD,Yes,Parlophone,256463205,2014,Canada,,Yes,https://www.discogs.com/release/5349374-Kevin-Ayers-Original-Album-Series, $12.57 ,5349374,,5349374
"Ayers, Kevin",Joy Of A Toy,Cassette,Yes,Island Records,ZCI 9263,1974,Canada,Cream/off-white cassette with pink labels,No,https://www.discogs.com/release/8097501-Kevin-Ayers-The-Confessions-Of-Dr-Dream-And-Other-Stories, $12.58 ,8097501,,8097501
"Ayers, Kevin",Joy Of A Toy,"12"" Vinyl",Yes,Virgin,V 2510,1988,Canada,,No,https://www.discogs.com/release/5286306-Kevin-Ayers-Falling-Up, $12.63 ,5286306,,5286306
"Ayers, Kevin",Joy Of A Toy,CD,N/A,Fnac Music,59314,1992,Canada,Promo,No,https://www.discogs.com/release/4060746-Kevin-Ayers-Feeling-This-Way, $12.63 ,4060746,,4060746
"Ayers, Kevin",Joy Of A Toy,Cassette,Yes,Tabata,TBMC 003,1992,Canada,,No,https://www.discogs.com/release/11894846-Kevin-Ayers-Still-Life-With-Guitar, $12.63 ,11894846,,11894846
"Ayers, Kevin",Joy Of A Toy,CD,Yes,Virgin,CDV 2510,1988,Canada,,No,https://www.discogs.com/release/1754634-Kevin-Ayers-Falling-Up, $12.64 ,1754634,,1754634
"Ayers, Kevin",Joy Of A Toy,"12"" Vinyl",Yes,Harvest,SHSP 4057,1976,Canada,,No,https://www.discogs.com/release/1900919-Kevin-Ayers-Yes-We-Have-No-Mañanas-So-Get-Your-Mañanas-Today, $12.64 ,1900919,,1900919
"Ayers, Kevin",Joy Of A Toy,"12"" Vinyl",Yes,Harvest,SHSP 4057,1976,Canada,,No,https://www.discogs.com/release/1900919-Kevin-Ayers-Yes-We-Have-No-Mañanas-So-Get-Your-Mañanas-Today, $12.64 ,1900919,,1900919
"Ayers, Kevin",Joy Of A Toy,"12"" Vinyl",Yes,Harvest,SHSP 4057,1976,Canada,,No,https://www.discogs.com/release/1900919-Kevin-Ayers-Yes-We-Have-No-Mañanas-So-Get-Your-Mañanas-Today, $12.64 ,1900919,,1900919
"Ayers, Kevin",Joy Of A Toy / Shooting At The Moon,"7"" Vinyl",N/A,Harvest,HAR 5124,1977,Canada,Promo ,No,https://www.discogs.com/release/7591715-Kevin-Ayers-Star, $12.66 ,7591715,,7591715
"Ayers, Kevin",Joy Of A Toy / Shooting At The Moon,"7"" Vinyl",N/A,Harvest,HAR 5107,1976,Canada,Stock Copy,No,https://www.discogs.com/release/9560548-Kevin-Ayers-Stranger-In-Blue-Suede-Shoes, $12.66 ,9560548,,9560548
"Ayers, Kevin",Joy Of A Toy / Shooting At The Moon,CD,Yes,EMI/Harvest,268 2972,2009,Canada,Reissue,No,https://www.discogs.com/release/2788440-Kevin-Ayers-Yes-We-Have-No-Mañanas-So-Get-Your-Mañanas-Today, $12.73 ,2788440,,2788440
"Ayers, Kevin",Joy Of A Toy / Shooting At The Moon,CD,Yes,Hux Records,HUX 006,1998,Canada,,No,https://www.discogs.com/release/1842358-Kevin-Ayers-Too-Old-To-Die-Young, $12.82 ,1842358,,1842358
"Ayers, Kevin",Joy Of A Toy / Shooting At The Moon,"12"" Vinyl",Yes,Island Records,ILPS 9322,1975,Canada,,No,https://www.discogs.com/release/1569955-Kevin-Ayers-Sweet-Deceiver, $12.89 ,1569955,,1569955
"Ayers, Kevin",Money Money Money,"12"" Vinyl",Yes,Island Records,ILPS 9322,1975,Canada,,No,https://www.discogs.com/release/1569955-Kevin-Ayers-Sweet-Deceiver, $12.89 ,1569955,,1569955
"Ayers, Kevin",Money Money Money,"12"" Vinyl",Yes,Island Records,ILPS 9322,1975,Canada,,No,https://www.discogs.com/release/1569955-Kevin-Ayers-Sweet-Deceiver, $12.89 ,1569955,,1569955
"Ayers, Kevin",Money Money Money,"12"" Vinyl",Yes,See For Miles Records Ltd.,CM 117,1983,Canada,Original Pressing,No,https://www.discogs.com/release/13206802-Kevin-Ayers-The-Kevin-Ayers-Collection, $13.61 ,13206802,,13206802
"Ayers, Kevin",Money Money Money,"7"" Vinyl",Yes,Island Records,13736-A,1975,Canada,,No,https://www.discogs.com/release/6670802-Kevin-Ayers-After-The-Show, $13.68 ,6670802,,6670802
"Ayers, Kevin",Mr. Cool,"12"" Vinyl",Yes,Island Records,88006-I,1974,Canada,,No,https://www.discogs.com/release/2931730-Kevin-Ayers-The-Confessions-Of-Dr-Dream-And-Other-Stories, $14.21 ,2931730,,2931730
"Ayers, Kevin",Mr. Cool,"12"" Vinyl",Yes,See For Miles Records Ltd.,CM 117,1986,Canada,Version with Bar Code on the back,No,https://www.discogs.com/release/2757410-Kevin-Ayers-The-Kevin-Ayers-Collection, $14.47 ,2757410,,2757410
"Ayers, Kevin",Mr. Cool,"12"" Vinyl",Yes,Island Records,L 35511,1975,Canada,,No,https://www.discogs.com/release/6885089-Kevin-Ayers-Sweet-Deceiver, $14.56 ,6885089,,6885089
"Ayers, Kevin",Odd Ditties,"12"" Vinyl",Yes,Island Records,ILPS 19263,1974,Canada,,No,https://www.discogs.com/release/978820-Kevin-Ayers-The-Confessions-Of-Dr-Dream-And-Other-Stories, $14.63 ,978820,,978820
"Ayers, Kevin",Odd Ditties,"12"" Vinyl",Yes,Roadrunner Records,RR 9913,1983,Canada,,No,https://www.discogs.com/release/2200680-Kevin-Ayers-Diamond-Jack-And-The-Queen-Of-Pain, $14.74 ,2200680,,2200680
"Ayers, Kevin",Odd Ditties,"12"" Vinyl",Yes,Harvest,2C 066-05.954,1976,Canada,,No,https://www.discogs.com/release/4352432-Kevin-Ayers-Odd-Ditties, $14.74 ,4352432,,4352432
"Ayers, Kevin",Odd Ditties,CD,Yes,Hux Records,HUX 007,1998,Canada,,No,https://www.discogs.com/release/1790007-Ayers-And-Archibald-Banana-Follies, $15.00 ,1790007,,1790007
"Ayers, Kevin",Odd Ditties,"12"" Vinyl",Yes,Harvest,SHSMJ(L)2005,1976,Canada,,No,https://www.discogs.com/release/13402338-Kevin-Ayers-Odd-Ditties, $15.00 ,13402338,,13402338
"Ayers, Kevin",Odd Ditties,CD,Yes,Reel Recordings,RR 002,2007,Canada,,No,https://www.discogs.com/release/2545341-Kevin-Ayers-And-The-Whole-World-Hyde-Park-Free-Concert-1970, $15.16 ,2545341,,2545341
"Ayers, Kevin",Odd Ditties,"12"" Vinyl",Yes,Harvest,156 26 0362 3,1985,Canada,,No,https://www.discogs.com/release/2129518-Kevin-Ayers-Featuring-Mike-Oldfield-David-Bedford-The-Joy-Of-A-Toy-Shooting-At-The-Moon, $15.24 ,2129518,,2129518
"Ayers, Kevin",Odd Ditties,"7"" Vinyl",Yes,Island Records,6138 046,1974,Canada,,No,https://www.discogs.com/release/5832228-Kevin-Ayers-The-Up-Song, $15.78 ,5832228,,5832228
"Ayers, Kevin",Odd Ditties,"7"" Vinyl",Yes,Columbia,MO 2113,1982,Chilie,Stock Copy,No,https://www.discogs.com/release/2723793-Kevin-Ayers-Animals, $15.79 ,2723793,,2723793
"Ayers, Kevin",Odd Ditties,"7"" Vinyl",Yes,Columbia,MO 2113,1982,Chilie,Promo ,No,https://www.discogs.com/release/2723793-Kevin-Ayers-Animals, $15.79 ,2723793,,2723793
"Ayers, Kevin",Oh! Wot A Dream,"7"" Vinyl",N/A,Harvest,HATS 312,1973,Colombia,,No,https://www.discogs.com/release/9256909-Kevin-Ayers-Caribbean-Moon, $15.79 ,9256909,,9256909
"Ayers, Kevin",Oh! Wot A Dream,"7"" Vinyl",Yes,Harvest,2 C 006-04926 M,1971,Czech Republic,,No,https://www.discogs.com/release/5133327-Kevin-Ayers-And-The-Whole-World-Stranger-In-Blue-Suede-Shoes, $15.79 ,5133327,,5133327
"Ayers, Kevin",Oh! Wot A Dream,"12"" Vinyl",Yes,Island Records,9101 640,1975,Denmark,,No,https://www.discogs.com/release/2170529-Kevin-Ayers-Sweet-Deceiver, $15.79 ,2170529,,2170529
"Ayers, Kevin",Oh! Wot A Dream,CD,Yes,EMI / Harvest,268 2962,2009,Denmark,,No,https://www.discogs.com/release/3329412-Kevin-Ayers-Sweet-Deceiver, $15.79 ,3329412,,3329412
"Ayers, Kevin",Original Album Series,CD,Yes,Market Square,MSMCD105,1999,Denmark,,No,https://www.discogs.com/release/1767980-Kevin-Ayers-The-Wizards-Of-Twiddly-Turn-The-Lights-Down, $15.81 ,1767980,,1767980
"Ayers, Kevin",Puis-Je?,"12"" Vinyl",Yes,Harvest,SHSM 2005,1976,Denmark,,No,https://www.discogs.com/release/1640557-Kevin-Ayers-Odd-Ditties, $16.02 ,1640557,,1640557
"Ayers, Kevin",Rainbow Takeaway,"12"" Vinyl",Yes,Harvest,SHSP 4106,1980,Denmark,,No,https://www.discogs.com/release/2778156-Kevin-Ayers-Thats-What-You-Get-Babe, $16.12 ,2778156,,2778156
"Ayers, Kevin",Rainbow Takeaway,"12"" Vinyl",Yes,Harvest,SHSP 4106,1980,Denmark,,No,https://www.discogs.com/release/2778156-Kevin-Ayers-Thats-What-You-Get-Babe, $16.12 ,2778156,,2778156
"Ayers, Kevin",Rainbow Takeaway,"12"" Vinyl",Yes,Virgin,V 2510,1988,El Salvador,,No,https://www.discogs.com/release/2148643-Kevin-Ayers-Falling-Up, $16.42 ,2148643,,2148643
"Ayers, Kevin",Rainbow Takeaway,"12"" Vinyl",Yes,Virgin,V 2510,1988,El Salvador,,No,https://www.discogs.com/release/2148643-Kevin-Ayers-Falling-Up, $16.42 ,2148643,,2148643
"Ayers, Kevin",Rainbow Takeaway,"12"" Vinyl",Yes,Harvest,SHSP 4085,1978,EU,,No,https://www.discogs.com/release/2067663-Kevin-Ayers-Rainbow-Takeaway, $16.42 ,2067663,,2067663
"Ayers, Kevin",Rainbow Takeaway,"12"" Vinyl",Yes,Harvest,SHSP 4085,1978,EU,,No,https://www.discogs.com/release/2067663-Kevin-Ayers-Rainbow-Takeaway, $16.42 ,2067663,,2067663
"Ayers, Kevin",Rainbow Takeaway / That's What You Get Babe,"12"" Vinyl",Yes,Harvest,10 C 062-060.535,1978,EU,,No,https://www.discogs.com/release/2929827-Kevin-Ayers-Rainbow-Takeaway, $16.84 ,2929827,,2929827
"Ayers, Kevin",Shooting At The Moon,"12"" Vinyl",Yes,Island Records,ILPS 9263,1974,EU,,No,https://www.discogs.com/release/1937835-Kevin-Ayers-The-Confessions-Of-Dr-Dream-And-Other-Stories, $16.99 ,1937835,,1937835
"Ayers, Kevin",Shooting At The Moon,"12"" Vinyl",Yes,Island Records,ILPS 9263,1974,EU,,No,https://www.discogs.com/release/1937835-Kevin-Ayers-The-Confessions-Of-Dr-Dream-And-Other-Stories, $16.99 ,1937835,,1937835
"Ayers, Kevin",Shooting At The Moon,"12"" Vinyl",Yes,Island Records,ILPS 9263,1974,EU,,No,https://www.discogs.com/release/1937835-Kevin-Ayers-The-Confessions-Of-Dr-Dream-And-Other-Stories, $16.99 ,1937835,,1937835
"Ayers, Kevin",Shooting At The Moon,"12"" Vinyl",Yes,Island Records,ILPS 9263,1974,EU,,No,https://www.discogs.com/release/1937835-Kevin-Ayers-The-Confessions-Of-Dr-Dream-And-Other-Stories, $16.99 ,1937835,,1937835
"Ayers, Kevin",Shooting At The Moon,"12"" Vinyl",Yes,ABC Records,9022-1021,1977,EU,,Yes,https://www.discogs.com/release/764762-Kevin-Ayers-Yes-We-Have-No-Mañanas-So-Get-Your-Mañanas-Today, $18.00 ,764762,,764762
"Ayers, Kevin",Shooting At The Moon,CD,Yes,Air Mail Archive,AIRAC-1700,2013,EU,Paper Sleeve,No,https://www.discogs.com/release/4649353-Kevin-Ayers-Still-Life-With-Guitar, $18.04 ,4649353,,4649353
"Ayers, Kevin",Shooting At The Moon,"12"" Vinyl",Yes,Harvest,2C 184-52277/78,1975,EU,,No,https://www.discogs.com/release/2631270-Kevin-Ayers-Featuring-Mike-Oldfield-David-Bedford-The-Joy-Of-A-Toy-Shooting-At-The-Moon, $18.68 ,2631270,,2631270
"Ayers, Kevin",Shooting At The Moon,"12"" Vinyl",Yes,Harvest,EM 2032,1989,EU,,No,https://www.discogs.com/release/1318548-Kevin-Ayers-Banana-Productions-The-Best-Of-Kevin-Ayers, $18.97 ,1318548,,1318548
"Ayers, Kevin",Singing A Song In The Morning,"7"" Vinyl",N/A,Harvest,HAR 5100,1975,EU,Promo - reissue,No,https://www.discogs.com/release/4724074-Kevin-Ayers-Caribbean-Moon, $18.97 ,4724074,,4724074
"Ayers, Kevin",Singing A Song In The Morning,"12"" Vinyl",Yes,Charly Records,CR 30224,1983,EU,,No,https://www.discogs.com/release/2196661-Kevin-Ayers-Diamond-Jack-And-The-Queen-Of-Pain, $18.97 ,2196661,,2196661
"Ayers, Kevin",Singing A Song In The Morning,"12"" Vinyl",Yes,Charly Records,CR 30224,1983,EU,,No,https://www.discogs.com/release/2196661-Kevin-Ayers-Diamond-Jack-And-The-Queen-Of-Pain, $18.97 ,2196661,,2196661
"Ayers, Kevin",Singing A Song In The Morning,Cassette,Yes,Harvest,TC-EMS 1124,1986,EU,Reissue,No,https://www.discogs.com/release/8783085-Kevin-Ayers-Bananamour, $18.99 ,8783085,,8783085
"Ayers, Kevin",Singing The Bruise (The BBC Sessions 1970-72),"12"" Vinyl",Yes,Harvest,SHDW 407,1975,EU,,No,https://www.discogs.com/release/11332684-Kevin-Ayers-Featuring-Mike-Oldfield-David-Bedford-The-Joy-Of-A-Toy-Shooting-At-The-Moon, $18.99 ,11332684,,11332684
"Ayers, Kevin",Songs For Insane Times - An Anthology 1969 - 1980,"7"" Vinyl",N/A,Harvest,HAR 5042,1971,EU,Promo ,No,https://www.discogs.com/release/4553576-Kevin-Ayres-And-The-Whole-World-Stranger-In-Blue-Suede-Shoes, $18.99 ,4553576,,4553576
"Ayers, Kevin",Star,"7"" Vinyl",N/A,Harvest,HAR 5064,1972,EU,Stock Copy - stamp on label,No,https://www.discogs.com/release/4327096-Kevin-Ayers-Oh-Wot-A-Dream, $19.62 ,4327096,,4327096
"Ayers, Kevin",Star,"7"" Vinyl",N/A,Harvest,HAR 5064,1972,EU,Punch out center missing,No,https://www.discogs.com/release/4327096-Kevin-Ayers-Oh-Wot-A-Dream, $19.62 ,4327096,,4327096
"Ayers, Kevin",Stepping Out,"12"" Vinyl",Yes,WEA,L.240340-1,1983,EU,Promo ,No,https://www.discogs.com/release/15129703-Kevin-Ayers-Diamond-Jack-And-The-Queen-Of-Pain, $20.00 ,15129703,,15129703
"Ayers, Kevin",Still Life With Guitar,"12"" Vinyl",Yes,WEA,L.240340-1,1983,EU,Promo - Ariloa Cover (Silver),No,https://www.discogs.com/release/15129703-Kevin-Ayers-Diamond-Jack-And-The-Queen-Of-Pain, $20.00 ,15129703,,15129703
"Ayers, Kevin",Still Life With Guitar,"12"" Vinyl",Yes,Island Records,ILPS 9263,1974,EU,Embossed Sleeve,No,https://www.discogs.com/release/1494329-Kevin-Ayers-The-Confessions-Of-Dr-Dream-And-Other-Stories, $20.53 ,1494329,,1494329
"Ayers, Kevin",Still Life With Guitar,"12"" Vinyl",Yes,Island Records,ILPS.9263,1974,EU,Embossed Sleeve,No,https://www.discogs.com/release/1494329-Kevin-Ayers-The-Confessions-Of-Dr-Dream-And-Other-Stories, $20.53 ,1494329,,1494329
"Ayers, Kevin",Still Life With Guitar,"7"" Vinyl",N/A,Island Records,WIP 6194,1974,EU,Promo ,No,https://www.discogs.com/release/7442198-Kevin-Ayers-The-Up-Song, $20.87 ,7442198,,7442198
"Ayers, Kevin",Still Life With Guitar,"12"" Vinyl",Yes,No Kidding,NK202203,2022,EU,Unofficial Release - Orange/Yellow Picture Disc,No,https://www.discogs.com/release/22373764-Kevin-Ayers-BBC-Sessions-1970-1972, $20.91 ,22373764,,22373764
"Ayers, Kevin",Still Life With Guitar,"7"" Vinyl",Yes,Harvest,2C 006-05347,1973,EU,,No,https://www.discogs.com/release/2164595-Kevin-Ayers-Caribbean-Moon, $21.05 ,2164595,,2164595
"Ayers, Kevin",Stop Playing With My Heart,"12"" Vinyl",Yes,Vinilisssimo,MR-SSSC 513,2012,EU,Yellow Vinyl,Yes,https://www.discogs.com/release/5838418-Kevin-Ayers-Joy-Of-A-Toy, $21.05 ,5838418,,5838418
"Ayers, Kevin",Stranger In Blue Suede Shoes,"7"" Vinyl",Yes,Harvest,1 J 006-04.926 M,1972,EU,,No,https://www.discogs.com/release/3976756-Kevin-Ayers-Kevin-Ayers-And-The-Whole-World-Stranger-In-Blue-Suede-Shoes, $21.05 ,3976756,,3976756
"Ayers, Kevin",Stranger In Blue Suede Shoes,"7"" Vinyl",Yes,Harvest,1 J 006-04.926 M,1972,EU,,No,https://www.discogs.com/release/3976756-Kevin-Ayers-Kevin-Ayers-And-The-Whole-World-Stranger-In-Blue-Suede-Shoes, $21.05 ,3976756,,3976756
"Ayers, Kevin",Stranger In Blue Suede Shoes,"12"" Vinyl",Yes,Turning Point Music,TPM-99203V,1999,EU,,No,https://www.discogs.com/release/1276400-Kevin-Ayers-The-Radio-Sessions, $21.05 ,1276400,,1276400
"Ayers, Kevin",Stranger In Blue Suede Shoes,"7"" Vinyl",N/A,Harvest,1C 006-04 366,1970,EU,Company Sleeve,No,https://www.discogs.com/release/4579109-Kevin-Ayers-And-The-Whole-World-Singing-A-Song-In-The-Morning, $22.11 ,4579109,,4579109
"Ayers, Kevin",Stranger In Blue Suede Shoes,"7"" Vinyl",N/A,Harvest,1C 006-04 366,1970,EU,Company Sleeve - stamp on label,No,https://www.discogs.com/release/4579109-Kevin-Ayers-And-The-Whole-World-Singing-A-Song-In-The-Morning, $22.11 ,4579109,,4579109
"Ayers, Kevin",Stranger In Blue Suede Shoes,"12"" Vinyl",Yes,WEA,24 9494-0,1984,EU,,No,https://www.discogs.com/release/6213377-Kevin-Ayers-Whos-Still-Crazy, $22.11 ,6213377,,6213377
"Ayers, Kevin",Stranger In Blue Suede Shoes,"12"" Vinyl",Yes,Island Records,L 35511,1975,EU,,No,https://www.discogs.com/release/13100387-Kevin-Ayers-Sweet-Deceiver, $22.29 ,13100387,,13100387
"Ayers, Kevin",Sweet Deceiver,"12"" Vinyl",Yes,Island Records,L 35511,1975,EU,,No,https://www.discogs.com/release/13100387-Kevin-Ayers-Sweet-Deceiver, $22.29 ,13100387,,13100387
"Ayers, Kevin",Sweet Deceiver,"12"" Vinyl",Yes,Harvest,SHDW 407,1986,EU,Black/Silver Labels,No,https://www.discogs.com/release/16052087-Kevin-Ayers-Featuring-Mike-Oldfield-David-Bedford-The-Joy-Of-A-Toy-Shooting-At-The-Moon, $22.63 ,16052087,,16052087
"Ayers, Kevin",Sweet Deceiver,"12"" Vinyl",Yes,4 Men With Beards,4M229,2012,EU,Black Vinyl,No,https://www.discogs.com/release/4294705-Kevin-Ayers-Joy-Of-A-Toy, $22.72 ,4294705,,4294705
"Ayers, Kevin",Sweet Deceiver,Cassette,Yes,Harvest,TC-SHSM 2005,1976,EU,First UK cassette release,No,https://www.discogs.com/release/11234920-Kevin-Ayers-Odd-Ditties, $22.78 ,11234920,,11234920
"Ayers, Kevin",Sweet Deceiver,"12"" Vinyl",Yes,Illuminated Records,AMA 25,1986,EU,,No,https://www.discogs.com/release/2804407-Kevin-Ayers-As-Close-As-You-Think, $22.92 ,2804407,,2804407
"Ayers, Kevin",Sweet Deceiver,"12"" Vinyl",Yes,Vinilisssimo,MR-SSS 513,2012,EU,Black Vinyl,No,https://www.discogs.com/release/3524533-Kevin-Ayers-Joy-Of-A-Toy, $23.16 ,3524533,,3524533
"Ayers, Kevin",Sweet Deceiver,"12"" Vinyl",Yes,Island Records,ILS-80112,1974,EU,Stock copy - no OBI,No,https://www.discogs.com/release/4065518-Kevin-Ayers-The-Confessions-Of-Dr-Dream-And-Other-Stories, $23.40 ,4065518,,4065518
"Ayers, Kevin",Sweet Deceiver,"12"" Vinyl",Yes,Harvest,2 C 066 60535,1978,EU,,No,https://www.discogs.com/release/4354913-Kevin-Ayers-Rainbow-Takeaway, $23.68 ,4354913,,4354913
"Ayers, Kevin",Sweet Deceiver,"12"" Vinyl",Yes,4 Men With Beards,4M229,2018,EU,Yellow Vinyl - Limited Edition of 399,Yes,https://www.discogs.com/release/11988642-Kevin-Ayers-Joy-Of-A-Toy, $24.49 ,11988642,,11988642
"Ayers, Kevin",Sweet Deceiver,"12"" Vinyl",Yes,Illuminated Records,AMA 25,1986,EU,White Label test pressing,No,https://www.discogs.com/release/27219612-Kevin-Ayers-As-Close-As-You-Think, $25.00 ,27219612,,27219612
"Ayers, Kevin",Sweet Deceiver,CD,Yes,Blau / Discmedi,BLAU CD 148,1998,EU,Reissue,No,https://www.discogs.com/release/6173489-Kevin-Ayers-DeiàVu, $25.30 ,6173489,,6173489
"Ayers, Kevin",Sweet Deceiver,8-Track,Yes,ABC Records,8020-AB 1021 H,1977,EU,,Yes,https://www.discogs.com/release/9866396-Kevin-Ayers-Yes-We-Have-No-Mañanas-So-Get-Your-Mañanas-Today, $25.99 ,9866396,,9866396
"Ayers, Kevin",Sweet Deceiver,CD,Yes,Hux Records,HUX 073,2005,EU,Compilation,No,https://www.discogs.com/release/2412607-Kevin-Ayers-The-BBC-Sessions-1970-1976, $26.31 ,2412607,,2412607
"Ayers, Kevin",Sweet Deceiver,"7"" Vinyl",Yes,Harvest,5C 006-06 124,1976,EU,,No,https://www.discogs.com/release/6863899-Kevin-Ayers-Stranger-In-Blue-Suede-Shoes, $26.32 ,6863899,,6863899
"Ayers, Kevin",Sweet Deceiver,"12"" Vinyl",Yes,Island Records,88006-I,1980,EU,,No,https://www.discogs.com/release/14850122-Kevin-Ayers-The-Confessions-Of-Dr-Dream-And-Other-Stories, $26.32 ,14850122,,14850122
"Ayers, Kevin",Thank You Very Much,"12"" Vinyl",Yes,EMI/Harvest,EMS-80727,1976,EU,Promo copy - no OBI,No,https://www.discogs.com/release/16269348-Kevin-Ayers-Odd-Ditties, $27.46 ,16269348,,16269348
"Ayers, Kevin",That's What You Get Babe,CD,Yes,Harvest,521 5570,2008,EU,Box Set,No,https://www.discogs.com/release/2034089-Kevin-Ayers-Songs-For-Insane-Times-An-Anthology-1969-1980, $27.59 ,2034089,,2034089
"Ayers, Kevin",That's What You Get Babe,"12"" Vinyl",Yes,BGO Records,BGOLP 78,1989,EU,Black Vinyl,No,https://www.discogs.com/release/3493176-Kevin-Ayers-Joy-Of-A-Toy, $27.87 ,3493176,,3493176
"Ayers, Kevin",That's What You Get Babe,"12"" Vinyl",Yes,Harvest,SAS-7406,1973,EU,Monarch Pressing with Promo Sticker on Front Cover,No,https://www.discogs.com/release/6828722-Kevin-Ayers-Bananamour, $28.42 ,6828722,,6828722
"Ayers, Kevin",That's What You Get Babe,"12"" Vinyl",Yes,Harvest,3C 154-52277,1976,EU,,No,https://www.discogs.com/release/842171-Kevin-Ayers-Featuring-Mike-Oldfield-David-Bedford-The-Joy-Of-A-Toy-Shooting-At-The-Moon, $28.95 ,842171,,842171
"Ayers, Kevin",That's What You Get Babe,"12"" Vinyl",Yes,Island Records,ILPS.9322,1975,EU,Promo - cover varient ,No,https://www.discogs.com/release/15140747-Kevin-Ayers-Sweet-Deceiver, $28.95 ,15140747,,15140747
"Ayers, Kevin",The BBC Sessions 1970-1976,"12"" Vinyl",Yes,EMI/Harvest,EMS-80681,1976,EU,Promo copy - with OBI,No,https://www.discogs.com/release/4065532-Kevin-Ayers-Yes-We-Have-No-Mañanas-So-Get-Your-Mañanas-Today, $29.38 ,4065532,,4065532
"Ayers, Kevin",The Best We Have,"12"" Vinyl",Yes,EMI/Harvest,EMS-80681,1976,EU,Promo copy - no OBI,No,https://www.discogs.com/release/4065532-Kevin-Ayers-Yes-We-Have-No-Mañanas-So-Get-Your-Mañanas-Today, $29.38 ,4065532,,4065532
"Ayers, Kevin",The Confessions of Dr. Dream And Other Stories,"12"" Vinyl",Yes,BGO Records,BGOLP 13,1989,EU,,No,https://www.discogs.com/release/1900911-Kevin-Ayers-And-The-Whole-World-Shooting-At-The-Moon, $29.42 ,1900911,,1900911
"Ayers, Kevin",The Confessions Of Dr. Dream And Other Stories,"12"" Vinyl",Yes,Music On Vinyl / Parlophone,MOVLP1257,2015,EU,Black Vinyl,No,https://www.discogs.com/release/6576036-Kevin-Ayers-Joy-Of-A-Toy, $29.73 ,6576036,,6576036
"Ayers, Kevin",The Confessions of Dr. Dream And Other Stories,"12"" Vinyl",Yes,Music Box International,MBI 40484,1992,EU,,No,https://www.discogs.com/release/3755412-Kevin-Ayers-Still-Life-With-Guitar, $30.53 ,3755412,,3755412
"Ayers, Kevin",The Confessions of Dr. Dream And Other Stories,"7"" Vinyl",Yes,Harvest,5C 006-04646,1970,EU,,No,https://www.discogs.com/release/4215869-Kevin-Ayers-Butterfly-Dance-Puis-je, $31.05 ,4215869,,4215869
"Ayers, Kevin",The Confessions of Dr. Dream And Other Stories,"12"" Vinyl",Yes,Harvest,SHVL 807,1973,EU,,No,https://www.discogs.com/release/6233891-Kevin-Ayers-Bananamour, $31.55 ,6233891,,6233891
"Ayers, Kevin",The Confessions of Dr. Dream And Other Stories,"7"" Vinyl",Yes,Harvest,2C 006-05218,1972,EU,,No,https://www.discogs.com/release/4335074-Kevin-Ayers-Dont-Let-It-Get-You-Down-Oh-Wot-A-Dream, $31.58 ,4335074,,4335074
"Ayers, Kevin",The Confessions of Dr. Dream And Other Stories,"12"" Vinyl",Yes,Harvest,2 C 150-52507,1977,EU,,No,https://www.discogs.com/release/2578012-Kevin-Ayers-Whatevershebringswesing-Bananamour, $31.58 ,2578012,,2578012
"Ayers, Kevin",The Confessions of Dr. Dream And Other Stories,"12"" Vinyl",Yes,BGO Records,BGO LP11,1988,EU,,No,https://www.discogs.com/release/2196659-Kevin-Ayers-Whatevershebringswesing, $31.65 ,2196659,,2196659
"Ayers, Kevin",The Confessions of Dr. Dream And Other Stories,"12"" Vinyl",Yes,Harvest,EMS1124,1986,EU,,No,https://www.discogs.com/release/1318348-Kevin-Ayers-Bananamour, $32.13 ,1318348,,1318348
"Ayers, Kevin",The Confessions of Dr. Dream And Other Stories,"12"" Vinyl",Yes,Harvest,SHVL 807,1973,EU,2nd Pressing,No,https://www.discogs.com/release/1569949-Kevin-Ayers-Bananamour, $33.29 ,1569949,,1569949
"Ayers, Kevin",The Confessions of Dr. Dream And Other Stories,"12"" Vinyl",Yes,Harvest,SHVL 800,1972,EU,Inner gatefold sleeve is textured and both sides of label same,No,https://www.discogs.com/release/4858901-Kevin-Ayers-Whatevershebringswesing, $34.02 ,4858901,,4858901
"Ayers, Kevin",The Confessions of Dr. Dream And Other Stories,"12"" Vinyl",Yes,EMI/Harvest,EMS-80727,1976,EU,No OBI,No,https://www.discogs.com/release/3867488-Kevin-Ayers-Odd-Ditties, $35.00 ,3867488,,3867488
"Ayers, Kevin",The Confessions of Dr. Dream And Other Stories,"12"" Vinyl",Yes,EMI/Harvest,EMS-80727,1976,EU,With OBI,No,https://www.discogs.com/release/3867488-Kevin-Ayers-Odd-Ditties, $35.00 ,3867488,,3867488
"Ayers, Kevin",The Confessions of Dr. Dream And Other Stories,"12"" Vinyl",Yes,Island Records,ILS-80376,1975,EU,Stock copy - no OBI,No,https://www.discogs.com/release/4062893-Kevin-Ayers-Sweet-Deceiver, $35.50 ,4062893,,4062893
"Ayers, Kevin",The Confessions of Dr. Dream And Other Stories,"12"" Vinyl",Yes,Harvest,2 C062-04 556,1970,EU,,No,https://www.discogs.com/release/2164613-Kevin-Ayers-And-The-Whole-World-Shooting-At-The-Moon, $36.84 ,2164613,,2164613
"Ayers, Kevin",The Confessions of Dr. Dream And Other Stories,"12"" Vinyl",Yes,Harvest,SHVL 800,1975,EU,Reissue non-textured sleeve,No,https://www.discogs.com/release/7149954-Kevin-Ayers-Whatevershebringswesing, $36.84 ,7149954,,7149954
"Ayers, Kevin",The Confessions of Dr. Dream And Other Stories,"12"" Vinyl",Yes,Island Records,L35194,1974,EU,,No,https://www.discogs.com/release/9060820-Kevin-Ayers-The-Confessions-Of-Dr-Dream-And-Other-Stories, $37.36 ,9060820,,9060820
"Ayers, Kevin",The Garden Of Love,"12"" Vinyl",Yes,Harvest,SHVL 807,1973,EU,1st Pressing - no promotional booklet,No,https://www.discogs.com/release/4461062-Kevin-Ayers-Bananamour, $38.46 ,4461062,,4461062
"Ayers, Kevin",The Kevin Ayers Collection,"12"" Vinyl",Yes,Harvest,SHVL 807,1973,EU,1st Pressing - no promotional booklet,No,https://www.discogs.com/release/4461062-Kevin-Ayers-Bananamour, $38.46 ,4461062,,4461062
"Ayers, Kevin",The Kevin Ayers Collection,"7"" Vinyl",N/A,Harvest,HAR 5064,1972,EU,Promo ,No,https://www.discogs.com/release/9046784-Kevin-Ayers-Oh-Wot-A-Dream, $40.82 ,9046784,,9046784
"Ayers, Kevin",The Kevin Ayers Collection,Cassette,Yes,Blau,A-014,1984,EU,,No,https://www.discogs.com/release/18599176-Kevin-Ayers-Deià-Vu, $41.05 ,18599176,,18599176
"Ayers, Kevin",The Radio Sessions,"12"" Vinyl",Yes,Harvest,EOP-80837,1973,EU,Stock Copy - No OBI,No,https://www.discogs.com/release/6127439-Kevin-Ayers-Bananamour, $42.00 ,6127439,,6127439
"Ayers, Kevin",The Unfairground,"12"" Vinyl",Yes,Blau,A-014,1984,EU,,No,https://www.discogs.com/release/3796581-Kevin-Ayers-Deià-Vu, $42.11 ,3796581,,3796581
"Ayers, Kevin",The Up Song,"7"" Vinyl",Yes,Harvest,2C 006-04646 M,1970,EU,,No,https://www.discogs.com/release/4579286-Kevin-Ayers-And-The-Whole-World-Puis-je-Butterfly-Dance, $42.11 ,4579286,,4579286
"Ayers, Kevin",The Up Song,"12"" Vinyl",Yes,Harvest,SHVL 800,1972,EU,Textured Cover,No,https://www.discogs.com/release/13218106-Kevin-Ayers-Whatevershebringswesing, $44.59 ,13218106,,13218106
"Ayers, Kevin",The Up Song,CD,Yes,Parlophone,WPCR-15528,2014,EU,,No,https://www.discogs.com/release/5542442-Kevin-Ayers-Odd-Ditties, $47.36 ,5542442,,5542442
"Ayers, Kevin",Too Old To Die Young,"7"" Vinyl",N/A,Harvest,HAR 5011,1969,EU,Promo ,No,https://www.discogs.com/release/4579142-Kevin-Ayers-And-The-Whole-World-Singing-A-Song-In-The-Morning, $48.06 ,4579142,,4579142
"Ayers, Kevin",Turn The Lights Down!,"12"" Vinyl",Yes,Harvest,SHSP 4005,1972,EU,Second Pressing,No,https://www.discogs.com/release/8754528-Kevin-Ayers-And-The-Whole-World-Shooting-At-The-Moon, $49.65 ,8754528,,8754528
"Ayers, Kevin",What More Can I Say…,"7"" Vinyl",Yes,Harvest,HAR 5109,1976,EU,Promo with writing on sleeve,No,https://www.discogs.com/release/4113085-Kevin-Ayers-Caribbean-Moon, $50.00 ,4113085,,4113085
"Ayers, Kevin",Whatevershebringswesing,"7"" Vinyl",Yes,Harvest,HAR 5109,1976,EU,Promo - upgraded copy,No,https://www.discogs.com/release/4113085-Kevin-Ayers-Caribbean-Moon, $50.00 ,4113085,,4113085
"Ayers, Kevin",Whatevershebringswesing,"7"" Vinyl",N/A,Harvest,HAR 5027,1970,EU,Promo ,No,https://www.discogs.com/release/4579078-Kevin-Ayers-And-The-Whole-World-Butterfly-Dance-Puis-Je, $51.65 ,4579078,,4579078
"Ayers, Kevin",whatevershebringswesing,Mini-CD,Yes,AMR,AIRPROMO-075,1992,EU,Promo,No,https://www.discogs.com/release/16665630-Kevin-Ayers-Feeling-This-Way, $52.08 ,16665630,,16665630
"Ayers, Kevin",whatevershebringswesing,"12"" Vinyl",Yes,Harvest,SKAO 421,1969,EU,,No,https://www.discogs.com/release/1856237-Kevin-Ayers-Joy-Of-A-Toy, $56.39 ,1856237,,1856237
"Ayers, Kevin",whatevershebringswesing,Cassette,Yes,Harvest,TC-SHSP 4057,1976,EU,"Black tape shell, paper labels",No,https://www.discogs.com/release/10153675-Kevin-Ayers-Yes-We-Have-No-Mananas, $65.11 ,10153675,,10153675
"Ayers, Kevin",whatevershebringswesing,"12"" Vinyl",Yes,Island Records,ILS-80376,1975,EU,Promo copy - with OBI,No,https://www.discogs.com/release/16651065-Kevin-Ayers-Sweet-Deceiver, $72.95 ,16651065,,16651065
"Ayers, Kevin",whatevershebringswesing,"12"" Vinyl",Yes,Harvest,SHVL 763,1970,EU,,No,https://www.discogs.com/release/4606479-Kevin-Ayers-Joy-Of-A-Toy, $76.25 ,4606479,,4606479
"Ayers, Kevin",whatevershebringswesing,"12"" Vinyl",Yes,Harvest,SHVL 763,1971,EU,EMI Logo on Label,No,https://www.discogs.com/release/2655369-Kevin-Ayers-Joy-Of-A-Toy, $83.17 ,2655369,,2655369
"Ayers, Kevin",whatevershebringswesing,"12"" Vinyl",Yes,Harvest,SHSP 4005,1970,EU,Flip-back Cover - blank on the top right,No,https://www.discogs.com/release/1973371-Kevin-Ayers-And-The-Whole-World-Shooting-At-The-Moon, $83.42 ,1973371,,1973371
"Ayers, Kevin",whatevershebringswesing / Bananamour,"12"" Vinyl",Yes,Harvest,SHSP 4005,1970,EU,"Flip-back Cover ""File Under Popular""",No,https://www.discogs.com/release/1973371-Kevin-Ayers-And-The-Whole-World-Shooting-At-The-Moon, $83.42 ,1973371,,1973371
"Ayers, Kevin",Who's Still Crazy,"12"" Vinyl",Yes,Harvest,SHSP 4005,1970,EU,Flip-back Cover - blank on the top right,No,https://www.discogs.com/release/1973371-Kevin-Ayers-And-The-Whole-World-Shooting-At-The-Moon, $83.42 ,1973371,,1973371
"Ayers, Kevin",Yes We Have No Mananas (So Get Your Mananas Today),"7"" Vinyl",N/A,Disko,DLS 6013,1970,EU,Company Sleeve,No,https://www.discogs.com/release/12216797-Kevin-Ayers-And-The-Whole-World-Singing-A-Song-In-The-Morning-Eleanors-Cake-Which-Ate-Her, $95.66 ,12216797,,12216797
"Ayers, Kevin",Yes We Have No Mananas (So Get Your Mananas Today),"12"" Vinyl",Yes,Island Records,ILS-80112,1974,EU,Promo copy - with OBI,No,https://www.discogs.com/release/16651047-Kevin-Ayers-The-Confessions-Of-Dr-Dream-And-Other-Stories, $97.26 ,16651047,,16651047
"Ayers, Kevin",Yes We Have No Mananas (So Get Your Mananas Today),"12"" Vinyl",Yes,Island Records,ILS-80112,1974,EU,Promo copy - with OBI,No,https://www.discogs.com/release/16651047-Kevin-Ayers-The-Confessions-Of-Dr-Dream-And-Other-Stories, $97.26 ,16651047,,16651047
"Ayers, Kevin",Yes We Have No Mananas (So Get Your Mananas Today),"12"" Vinyl",Yes,Harvest,SHVL 763,1969,EU,Alternate printing credit on back cover,No,https://www.discogs.com/release/4476972-Kevin-Ayers-Joy-Of-A-Toy, $99.98 ,4476972,,4476972
"Ayers, Kevin",Yes We Have No Mananas (So Get Your Mananas Today),"12"" Vinyl",Yes,Harvest,SHVL 763,1969,EU,Alternate printing credit on back cover,No,https://www.discogs.com/release/4476972-Kevin-Ayers-Joy-Of-A-Toy, $99.98 ,4476972,,4476972
"Ayers, Kevin",Yes We Have No Mananas (So Get Your Mananas Today),"12"" Vinyl",Yes,Music On Vinyl,MOVLP002,2007,EU,180 Gram Vinyl,No,https://www.discogs.com/release/2311773-Kevin-Ayers-The-Unfairground, $104.21 ,2311773,,2311773
"Ayers, Kevin",Yes We Have No Mananas (So Get Your Mananas Today),"12"" Vinyl",Yes,Odeon,EOP-80478,1972,EU,Stock copy - no OBI,No,https://www.discogs.com/release/9159453-Kevin-Ayers-Whatevershebringswesing, $104.61 ,9159453,,9159453
"Ayers, Kevin",Yes We Have No Mananas (So Get Your Mananas Today),"7"" Vinyl",N/A,Harvest,HAR 5027,1970,EU,Solid Centre,No,https://www.discogs.com/release/4553587-Kevin-Ayers-And-The-Whole-World-Butterfly-Dance-Puis-Je, $106.52 ,4553587,,4553587
"Ayers, Kevin",Yes We Have No Mananas (So Get Your Mananas Today),"12"" Vinyl",Yes,Harvest,3 C 064-04954,1972,EU,,No,https://www.discogs.com/release/9956360-Kevin-Ayers-Whatevershebringswesing, $128.95 ,9956360,,9956360
"Ayers, Kevin",Yes We Have No Mananas (So Get Your Mananas Today),"12"" Vinyl",Yes,Odeon,EOP-80478,1972,EU,Promo copy - no OBI,No,https://www.discogs.com/release/11954803-Kevin-Ayers-Whatevershebringswesing, $136.20 ,11954803,,11954803
"Ayers, Kevin",Yes We Have No Mananas (So Get Your Mananas Today),"12"" Vinyl",Yes,Permanent Records,PERM LP5,1992,EU,,No,https://www.discogs.com/release/1900928-Kevin-Ayers-Still-Life-With-Guitar, $143.16 ,1900928,,1900928
"Ayers, Kevin",Yes We Have No Mananas (So Get Your Mananas Today),"12"" Vinyl",Yes,Odeon,OP-80337,1971,EU,No OBI,No,https://www.discogs.com/release/29097511-Kevin-Ayers-Joy-Of-A-Toy, $150.00 ,29097511,,29097511
"Ayers, Kevin",Yes We Have No Mananas (So Get Your Mananas Today),"7"" Vinyl",Yes,Harvest,5C 006-05 253,1972,EU,,No,https://www.discogs.com/release/9634674-Kevin-Ayers-Oh-Wot-A-DreamConnie-On-A-Rubber-Band, $157.89 ,9634674,,9634674
"Ayers, Kevin",Yes We Have No Mananas (So Get Your Mananas Today),"12"" Vinyl",Yes,Harvest,EOP-80837,1973,EU,Promo copy - with OBI,No,https://www.discogs.com/release/17570479-Kevin-Ayers-Bananamour, $182.37 ,17570479,,17570479
"Ayers, Kevin, Cale, John, Eno, Nico","June 1, 1974",CD,Yes,Island Records,842 552-2,1990,EU,,No,https://www.discogs.com/release/695816-Kevin-Ayers-John-Cale-Eno-Nico-June-1-1974, $9.46 ,695816,,695816
"Ayers, Kevin, Cale, John, Eno, Nico","June 1, 1974","12"" Vinyl",Yes,Island Records,14C 062-65029,1982,EU,Date is approximate,No,https://www.discogs.com/release/3416396-Kevin-Ayers-John-Cale-Eno-Nico-June-1-1974, $10.53 ,3416396,,3416396
"Ayers, Kevin, Cale, John, Eno, Nico","June 1, 1974","12"" Vinyl",Yes,Island Records,ILPS 9291,1976,EU,Blue-Rimmed Palm Tree disc labels,No,https://www.discogs.com/release/6026868-Kevin-Ayers-John-Cale-Eno-Nico-June-1-1974, $11.99 ,6026868,,6026868
"Ayers, Kevin, Cale, John, Eno, Nico","June 1, 1974",Cassette,Yes,Island Records,ORK 719291,1987,EU,Orange Cassette,No,https://www.discogs.com/release/22736144-Kevin-Ayers-Eno-John-Cale-Nico-June-1-1974, $12.11 ,22736144,,22736144
"Ayers, Kevin, Cale, John, Eno, Nico","June 1, 1974","12"" Vinyl",Yes,Island Records,ORL 19291,1984,EU,Island Life Collection - Reissue,No,https://www.discogs.com/release/5184228-Kevin-Ayers-John-Cale-Eno-Nico-June-1-1974, $14.74 ,5184228,,5184228
"Ayers, Kevin, Cale, John, Eno, Nico","June 1, 1974","12"" Vinyl",Yes,Island Records,ILPS 19291,1974,EU,,No,https://www.discogs.com/release/2588843-Kevin-Ayers-John-Cale-Eno-Nico-June-1-1974, $15.26 ,2588843,,2588843
"Ayers, Kevin, Cale, John, Eno, Nico","June 1, 1974","12"" Vinyl",Yes,Island Records,6313 344,1982,EU,,No,https://www.discogs.com/release/3826379-Kevin-Ayers-John-Cale-Eno-Nico-June-1-1974, $15.79 ,3826379,,3826379
"Ayers, Kevin, Cale, John, Eno, Nico","June 1, 1974","12"" Vinyl",Yes,Island Records,ILPS 9291,1980,EU,Date is approximate,No,https://www.discogs.com/release/12914340-Kevin-Ayers-John-Cale-Eno-Nico-June-1-1974, $15.90 ,12914340,,12914340
"Ayers, Kevin, Cale, John, Eno, Nico","June 1, 1974","12"" Vinyl",Yes,Island Records,ILPS 9291,1980,EU,Date is approximate,No,https://www.discogs.com/release/12914340-Kevin-Ayers-John-Cale-Eno-Nico-June-1-1974, $15.90 ,12914340,,12914340
"Ayers, Kevin, Cale, John, Eno, Nico","June 1, 1974","12"" Vinyl",Yes,Island Records,ILPS 9291,1980,EU,Date is approximate,No,https://www.discogs.com/release/12914340-Kevin-Ayers-John-Cale-Eno-Nico-June-1-1974, $15.90 ,12914340,,12914340
"Ayers, Kevin, Cale, John, Eno, Nico","June 1, 1974","12"" Vinyl",Yes,Island Records,ILPS 9291,1980,EU,Date is approximate,No,https://www.discogs.com/release/12914340-Kevin-Ayers-John-Cale-Eno-Nico-June-1-1974, $15.90 ,12914340,,12914340
"Ayers, Kevin, Cale, John, Eno, Nico","June 1, 1974","12"" Vinyl",Yes,Island Records,ILPS 9291,1980,EU,Date is approximate,No,https://www.discogs.com/release/4074088-Kevin-Ayers-John-Cale-Eno-Nico-June-1-1974, $16.12 ,4074088,,4074088
"Ayers, Kevin, Cale, John, Eno, Nico","June 1, 1974","12"" Vinyl",Yes,Island Records,ILPS 9291,1974,EU,,No,https://www.discogs.com/release/677158-Kevin-Ayers-John-Cale-Eno-Nico-June-1-1974, $16.93 ,677158,,677158
"Ayers, Kevin, Cale, John, Eno, Nico","June 1, 1974",Cassette,Yes,Island Records,ZCI 9291,1974,EU,Grey Cassette with pink paper labels,No,https://www.discogs.com/release/11169471-Kevin-Ayers-Eno-John-Cale-Nico-June-1-1974, $19.33 ,11169471,,11169471
"Ayers, Kevin, Cale, John, Eno, Nico","June 1, 1974","12"" Vinyl",Yes,Island Records,88.198-I,1988,EU,,No,https://www.discogs.com/release/6951858-Kevin-Ayers-John-Cale-Eno-Nico-June-1-1974, $19.89 ,6951858,,6951858
"Ayers, Kevin, Cale, John, Eno, Nico","June 1, 1974","12"" Vinyl",Yes,Island Records,L 35241,1976,EU,Reissue,No,https://www.discogs.com/release/13891039-Kevin-Ayers-John-Cale-Eno-Nico-June-1-1974, $20.06 ,13891039,,13891039
"Ayers, Kevin, Cale, John, Eno, Nico","June 1, 1974","12"" Vinyl",Yes,Island Records,88.198-I,1981,EU,Reissue,No,https://www.discogs.com/release/4899671-Kevin-Ayers-John-Cale-Eno-Nico-June-1-1974, $20.26 ,4899671,,4899671
"Ayers, Kevin, Cale, John, Eno, Nico","June 1, 1974","12"" Vinyl",Yes,Island Records,ILPS 9291,1984,EU,Date is approximate,No,https://www.discogs.com/release/5476798-Kevin-Ayers-John-Cale-Eno-Nico-June-1-1974, $22.77 ,5476798,,5476798
"Ayers, Kevin, Cale, John, Eno, Nico","June 1, 1974","12"" Vinyl",Yes,Island Records/Elemental Music,700145,2018,EU,This vinyl pressing is limited to 1000 worldwide with only 200 allocated for the UK,Yes,https://www.discogs.com/release/12778159-Kevin-Ayers-John-Cale-Eno-Nico-June-1-1974, $25.29 ,12778159,,12778159
"Ayers, Kevin, Cale, John, Eno, Nico","June 1, 1974","12"" Vinyl",Yes,Island Records,ILS-80074,1974,EU,Complete with OBI and Lyric Sheet,No,https://www.discogs.com/release/8478468-Kevin-Ayers-John-Cale-Eno-Nico-June-1-1974, $37.92 ,8478468,,8478468
"Badalamenti, Angelo",Music From Twin Peaks,"12"" Vinyl",Yes,Warner Records,RCV1 26316,2020,EU,Green Vinyl - limited ediction of 4.850 copies,No,https://www.discogs.com/release/14686566-Angelo-Badalamenti-Music-From-Twin-Peaks, $18.33 ,14686566,,14686566
Badfinger,Airwaves,"12"" Vinyl",Yes,Apple Records,SW-3411,1973,EU,Jacksonville Pressing,No,https://www.discogs.com/release/8525758-Badfinger-Ass, $12.98 ,8525758,,8525758
Badfinger,Ass,"12"" Vinyl",Yes,Apple Records,ST-3364,1970,EU,Jacksonville Pressing,No,https://www.discogs.com/release/1574307-Badfinger-Magic-Christian-Music, $16.10 ,1574307,,1574307
Badfinger,Magic Christian Music,"12"" Vinyl",Yes,Apple Records,SW 3387,1971,EU,Winchester Pressing,No,https://www.discogs.com/release/20762845-Badfinger-Straight-Up, $72.50 ,20762845,,20762845
Badfinger,Straight Up,"12"" Vinyl",Yes,Elektra,63-175,1979,EU,Original Pressing,No,"Badfinger – Airwaves – Vinyl (LP, Album, Stereo), 1979 [r9610561] | Discogs", $7.45 ,9610561.00,,9610561
Barrabas,Barrabas,"12"" Vinyl",Yes,Atco Records,SD 36-136,1976,EU,,No,https://www.discogs.com/release/536556-Barrabas-Watch-Out, $4.08 ,536556,,536556
Barrabas,Watch Out,"12"" Vinyl",Yes,RCA Victor,LSP-10458,1972,EU,,No,https://www.discogs.com/release/1245094-Barrabas-Barrabas, $20.26 ,1245094,,1245094
"Barrett, Syd",Barrett,"12"" Vinyl",Yes,Harvest,SABB-11314,1974,EU,Jacksonville Pressing,No,https://www.discogs.com/release/8493974-Syd-Barrett-The-Madcap-Laughs-Barrett, $28.25 ,8493974,,8493974
"Barrett, Syd",Barrett,"12"" Vinyl",Yes,Harvest,SHSP 4007,1974,EU,Fourth issue vinyl,No,https://www.discogs.com/release/4076322-Syd-Barrett-Barrett, $45.68 ,4076322,,4076322
"Barrett, Syd",The Madcap Laughes / Barrett,"12"" Vinyl",Yes,Harvest,SHVL 765,1970,EU,Second Pressing,No,https://www.discogs.com/release/6511559-Syd-Barrett-The-Madcap-Laughs, $136.84 ,6511559,,6511559
"Barrett, Syd",The Madcap Laughs,"12"" Vinyl",Yes,Harvest,SHVL 765,1970,EU,Second Pressing,No,https://www.discogs.com/release/6511559-Syd-Barrett-The-Madcap-Laughs, $136.84 ,6511559,,6511559
"Barrett, Syd",The Madcap Laughs,"12"" Vinyl",Yes,Harvest,SHSP 4007,1970,EU,Textured Cover,No,https://www.discogs.com/release/4530416-Syd-Barrett-Barrett, $150.00 ,4530416,,4530416
Beck,Guero,CD  / DVD,Yes,Interscope Records,B0004365-00,2005,EU,,No,https://www.discogs.com/release/428290-Beck-Guero, $12.96 ,428290,,428290
Beck,Sea Change,CD,Yes,Mobile Fidelity Sound Lab,UDCD 780,2009,EU,24kt Gold Plated Disc,No,https://www.discogs.com/release/1807134-Beck-Sea-Change, $67.25 ,1807134,,1807134
Big Star,#1 Record,"12"" Vinyl",Yes,Ardent Records,ADS-1501,1974,EU,1st Pressing - Sonic Pressing,No,https://www.discogs.com/release/1455258-Big-Star-Radio-City, $250.00 ,1455258,,1455258
Big Star,3rd,"12"" Vinyl",Yes,PVC Records,PVC 7903,1978,EU,1st Pressing,No,https://www.discogs.com/release/2108805-Big-Star-3rd, $300.00 ,2108805,,2108805
Big Star,Radio City,"12"" Vinyl",Yes,Ardent Records,ADS-2803,1972,EU,1st Pressing - Sonic Pressing,No,https://www.discogs.com/release/27667407-Big-Star-1-Record, $420.00 ,27667407,,27667407
"Bishop, Walter Jr",Coral Keys,"12"" Vinyl",Yes,Black Jazz Records / Real Gone Music,RGM-1078,2020,EU,Black Vinyl Edition,No,https://www.discogs.com/release/15818664-Walter-Bishop-Jr-Coral-Keys, $21.31 ,15818664,,15818664
Bit Brigade,Mega Man II,"12"" Vinyl",Yes,Hello Sir Records,SIR 032,2018,EU,Blue Vinyl with white Splatter,No,https://www.discogs.com/release/12331495-Bit-Brigade-Mega-Man-II, $40.00 ,12331495,,12331495
"Bley, Paul",Ramblin',"12"" Vinyl",Yes,BYG Records,529.313,1969,EU,Actuel - 13,No,https://www.discogs.com/release/9640911-Paul-Bley-Ramblin, $21.00 ,9640911,,9640911
Blondie,AutoAmerican,"12"" Vinyl",Yes,Chrysalis,CHR 1384,1982,EU,,No,https://www.discogs.com/release/2384150-Blondie-The-Hunter, $6.00 ,2384150,,2384150
Blondie,Blondie,"12"" Vinyl",Yes,Chrysalis,CHE 1225,1979,EU,,No,https://www.discogs.com/release/1130364-Blondie-Eat-To-The-Beat, $8.86 ,1130364,,1130364
Blondie,Eat To The Beat,"12"" Vinyl",Yes,Chrysalis,CHE 1290,1980,EU,,No,https://www.discogs.com/release/2805324-Blondie-AutoAmerican, $10.00 ,2805324,,2805324
Blondie,The Best Of Blondie,"12"" Vinyl",Yes,Chrysalis,CHR 1337,1981,EU,,No,https://www.discogs.com/release/162581-Blondie-The-Best-Of-Blondie, $26.00 ,162581,,162581
Blondie,The Hunter,"12"" Vinyl",Yes,Private Stock,PS 2023,1977,EU,,No,https://www.discogs.com/release/745335-Blondie-Blondie, $50.00 ,745335,,745335
Blue Cheer,BC #5 The Original Human Being,"12"" Vinyl",Yes,Philips,PHS 600-264,1968,EU,1st Pressing,No,https://www.discogs.com/release/5490412-Blue-Cheer-Vincebus-Eruptum, $10.00 ,5490412,,5490412
Blue Cheer,New! Improved! Blue Cheer,"12"" Vinyl",Yes,Philips,PHS 600-305,1969,EU,1st Pressing,No,https://www.discogs.com/release/1314116-Blue-Cheer-New-Improved-Blue-Cheer, $13.50 ,1314116,,1314116
Blue Cheer,Oh! Pleasant Hope,"12"" Vinyl",Yes,Philips,PHS 600-350,1971,EU,1st Pressing,No,https://www.discogs.com/release/1489054-Blue-Cheer-Oh-Pleasant-Hope, $18.97 ,1489054,,1489054
Blue Cheer,Vincebus Eruptum,"12"" Vinyl",Yes,Philips,PHS 600-347,1970,EU,1st Pressing,No,https://www.discogs.com/release/1455600-Blue-Cheer-BC-5-The-Original-Human-Being, $23.16 ,1455600,,1455600
"Boone, Steven Charles",Rockabye Baby! Lullaby Renditions of David Bowie,"12"" Vinyl",Yes,Rockabye Baby!,LP 9661,2014,EU,Record Store Day - White Vinyl,No,https://www.discogs.com/release/5610941-Steven-Charles-Boone-Rockabye-Baby-Lullaby-Renditions-Of-David-Bowie, $40.00 ,5610941,,5610941
"Bowie, David",1966,CD,Yes,Castle Classics,CLACD 154,1989,EU,Compilation,No,https://www.discogs.com/release/914136-David-Bowie-David-Bowie-1966, $4.21 ,914136,,914136
"Bowie, David",1966,CD,Yes,DCC Compact Classics,DZS-EP-101,1989,Germany,Compilation,No,https://www.discogs.com/release/1121789-David-Bowie-1966, $8.16 ,1121789,,1121789
"Bowie, David",1966,"12"" Vinyl",Yes,Helidon / PRT / Bad-Ming-Ton Music,7.551441,1989,Italy,,No,https://www.discogs.com/release/2260977-David-Bowie-1966, $10.00 ,2260977,,2260977
"Bowie, David",1966,CD,Yes,BMG / Sanctuary,BMG 16004,2016,Italy,Compilation,No,https://www.discogs.com/release/8713260-David-Bowie-1966, $9.99 ,8713260,,8713260
"Bowie, David",1966,"12"" Vinyl",Yes,BMG / Sanctuary,BMGRM047LP,2015,Netherlands,"Record Store Day - White Vinyl limited edition of 2,000 Copies",Yes,https://www.discogs.com/release/6909449-David-Bowie-1966, $12.00 ,6909449,,6909449
"Bowie, David",1966,"12"" Vinyl",Yes,BMG / Sanctuary,BMG16004V,2016,Netherlands,"Record Store Day Limited Edition of 7,500 copies",No,https://www.discogs.com/release/8394718-David-Bowie-1966, $12.00 ,8394718,,8394718
"Bowie, David",1966,"12"" Vinyl",Yes,BMG / Sanctuary,BMG16004V,2016,Netherlands,"Record Store Day Limited Edition of 7,500 copies",Yes,https://www.discogs.com/release/8394718-David-Bowie-1966, $12.00 ,8394718,,8394718
"Bowie, David",1984,"7"" Vinyl",N/A,RCA Victor,PB 10026,1974,Germany,Stock Copy - Orange Label,No,https://www.discogs.com/release/4884059-David-Bowie-1984-, $8.42 ,4884059,,4884059
"Bowie, David",1984,"12"" Vinyl",Yes,RCA,PB-13769,1984,Portugal,,No,https://www.discogs.com/release/1000386-David-Bowie-1984, $13.16 ,1000386,,1000386
"Bowie, David",1984,"7"" Vinyl",N/A,RCA,PB-13769,1984,South Africa,Stock Copy - Black Label,No,https://www.discogs.com/release/6849107-David-Bowie-1984-TVC-15, $13.48 ,6849107,,6849107
"Bowie, David",1984,"7"" Vinyl",N/A,RCA,JH-10026,1974,Spain,Promo,No,https://www.discogs.com/release/5161810-David-Bowie-1984, $14.99 ,5161810,,5161810
"Bowie, David",1984,"7"" Vinyl",N/A,RCA Victor,PB-10026,1974,UK,Stock Copy - Grey Label,No,https://www.discogs.com/release/7770054-David-Bowie-1984-, $26.58 ,7770054,,7770054
"Bowie, David",1984,"7"" Vinyl",N/A,RCA Victor,PB-10026,1974,UK,Stock Copy - Grey Label,No,https://www.discogs.com/release/7770054-David-Bowie-1984-, $26.58 ,7770054,,7770054
"Bowie, David",1984,"7"" Vinyl",N/A,RCA Victor,PB 10026,1974,USA,,No,https://www.discogs.com/release/12749014-Bowie-1984-, $150.00 ,12749014,,12749014
"Bowie, David",1984,"7"" Vinyl",Yes,RCA,SS-2404,1974,USA,Stock Copy,No,https://www.discogs.com/release/6921833-デビッドボウイー-1984年-1984, $195.57 ,6921833,,6921833
"Bowie, David",1984,"7"" Vinyl",N/A,Parlophone,DB40 1984,2014,USA,"Picture Disc - Limited Edition of 4,000 copies",Yes,https://www.discogs.com/release/5594114-David-Bowie-1984, $73.92 ,5594114,,5594114
"Bowie, David",1984,"7"" Vinyl",N/A,Parlophone,DB40 1984,2014,USA,"Picture Disc - Limited Edition of 4,000 copies",Yes,https://www.discogs.com/release/5594114-David-Bowie-1984, $73.92 ,5594114,,5594114
"Bowie, David",?...The Interview,"12"" Vinyl",Yes,EMI America,SPRO-79112,1987,UK,Promo -  Interview Disc,No,https://www.discogs.com/release/3991824-David-Bowie--The-Interview, $19.99 ,3991824,,3991824
"Bowie, David","""Helden"" / ""Heroes""","7"" Vinyl",Yes,Rolling Stone / Parlophone,121793,2017,Spain,,No,https://www.discogs.com/release/10927145-David-Bowie-Helden-Heroes, $14.64 ,10927145,,10927145
"Bowie, David","""Heroes""",CD,Yes,Virgin,7243 521908 0 5,1999,EU,The David Bowie Series,No,https://www.discogs.com/release/1049301-David-Bowie-Heroes, $5.00 ,1049301,,1049301
"Bowie, David","""Heroes""","7"" Vinyl",N/A,RCA Victor,PB 1121,1977,France,Stock Copy - Injection Label,No,https://www.discogs.com/release/1002557-David-Bowie-Heroes, $6.02 ,1002557,,1002557
"Bowie, David","""Heroes""","7"" Vinyl",Yes,RCA Victor,PB 1121,1977,Japan,Sung in English,No,https://www.discogs.com/release/2419831-David-Bowie-Heroes, $10.53 ,2419831,,2419831
"Bowie, David","""Heroes""","7"" Vinyl",Yes,RCA Victor,PB 1121,1977,Japan,,No,https://www.discogs.com/release/9048897-David-Bowie-Heroes, $10.53 ,9048897,,9048897
"Bowie, David","""Heroes""",CD,Yes,Rykodisc,RCD 10143,1991,Japan,Sound + Vision,No,https://www.discogs.com/release/2589742-David-Bowie-Heroes, $10.33 ,2589742,,2589742
"Bowie, David","""Heroes""",CD,Yes,Rykodisc,RCD 10143,1991,Japan,Sound + Vision,No,https://www.discogs.com/release/2589742-David-Bowie-Heroes, $10.33 ,2589742,,2589742
"Bowie, David","""Heroes""","7"" Vinyl",N/A,RCA Victor,103019,1977,Netherlands,Solid Centre,No,https://www.discogs.com/release/751255-David-Bowie-Heroes, $11.46 ,751255,,751255
"Bowie, David","""Heroes""","7"" Vinyl",Yes,RCA Victor,PB 1121,1977,New Zealand,,No,https://www.discogs.com/release/433247-David-Bowie-Heroes, $12.63 ,433247,,433247
"Bowie, David","""Heroes""","7"" Vinyl",Yes,RCA Victor,PB-1121,1977,South Africa,,No,https://www.discogs.com/release/3424001-David-Bowie-Heroes, $13.42 ,3424001,,3424001
"Bowie, David","""Heroes""","7"" Vinyl",N/A,Parlophone,DBHERO 40,2017,Spain,Picture Disc,Yes,https://www.discogs.com/release/10887591-David-Bowie-Heroes, $14.12 ,10887591,,10887591
"Bowie, David","""Heroes""","7"" Vinyl",N/A,Parlophone,DBHERO 40,2017,Spain,Picture Disc,Yes,https://www.discogs.com/release/10887591-David-Bowie-Heroes, $14.12 ,10887591,,10887591
"Bowie, David","""Heroes""","7"" Vinyl",N/A,Parlophone,DBHERO 40,2017,Spain,Picture Disc,Yes,https://www.discogs.com/release/10887591-David-Bowie-Heroes, $14.12 ,10887591,,10887591
"Bowie, David","""Heroes""","7"" Vinyl",Yes,RCA Victor,PB 9167,1977,UK,Sung in French,No,https://www.discogs.com/release/751801-David-Bowie-Heroes, $15.49 ,751801,,751801
"Bowie, David","""Heroes""","7"" Vinyl",Yes,RCA Victor,PB 1121,1977,UK,Stock Copy,No,https://www.discogs.com/release/1274588-David-Bowie-Heroes, $16.32 ,1274588,,1274588
"Bowie, David","""Heroes""","7"" Vinyl",Yes,RCA Victor,PB 1121,1977,UK,,No,https://www.discogs.com/release/753412-David-Bowie-Heroes, $16.82 ,753412,,753412
"Bowie, David","""Heroes""","7"" Vinyl",N/A,RCA,PB-11121,1977,UK,Stock Copy - Black Label,No,https://www.discogs.com/release/3163642-David-Bowie-Heroes, $17.31 ,3163642,,3163642
"Bowie, David","""Heroes""",8-Track Cartridge,N/A,RCA Victor,AFS1-2522,1977,UK,,No,https://www.discogs.com/release/9800991-David-Bowie-Heroes, $22.48 ,9800991,,9800991
"Bowie, David","""Heroes""","7"" Vinyl",N/A,RCA,JH-11121,1977,UK,Promo,No,https://www.discogs.com/release/4461386-David-Bowie-Heroes, $25.00 ,4461386,,4461386
"Bowie, David","""Heroes""","12"" Vinyl",Yes,RCA Victor,AF1-2522,1977,UK,Indianapolis Pressing - Original Pressing,No,https://www.discogs.com/release/7545954-David-Bowie-Heroes, $29.97 ,7545954,,7545954
"Bowie, David","""Heroes""","12"" Vinyl",Yes,RCA Victor,AF1-2522,1977,UK,Indianapolis Pressing - Original Pressing - Promo Stamp On Back,No,https://www.discogs.com/release/7545954-David-Bowie-Heroes, $29.97 ,7545954,,7545954
"Bowie, David","""Heroes""","12"" Vinyl",Yes,RCA Victor,AF1-2522,1977,UK,Indianapolis Pressing - Original Pressing - Promo Stamp On Back,No,https://www.discogs.com/release/7545954-David-Bowie-Heroes, $29.97 ,7545954,,7545954
"Bowie, David","""Heroes""","7"" Vinyl",Yes,RCA Victor,PB-1121,1977,UK,Stock Copy,No,https://www.discogs.com/release/1777520-David-Bowie-Heroes, $30.23 ,1777520,,1777520
"Bowie, David","""Heroes""","12"" Vinyl",Yes,RCA,PC-1121,1977,UK,Supersingle,No,https://www.discogs.com/release/1086164-David-Bowie-Heroes, $31.57 ,1086164,,1086164
"Bowie, David","""Heroes""","12"" Vinyl",Yes,RCA Victor,AYL1-3857,1980,UK,Reissue - Indianapolis Pressing,No,https://www.discogs.com/release/612773-David-Bowie-Heroes, $21.21 ,612773,,612773
"Bowie, David","""Heroes""","7"" Vinyl",Yes,RCA,BOW 513,1983,UK,Lifetimes The Singles: Push Out Center Intact,No,https://www.discogs.com/release/2209502-David-Bowie-Heroes, $15.18 ,2209502,,2209502
"Bowie, David","""Heroes""",Cassette,Yes,Ryko Analogue,RACS 0143,1991,UK,,Yes,https://www.discogs.com/release/479975-David-Bowie-Heroes, $15.50 ,479975,,479975
"Bowie, David","""Heroes""",CD,Yes,EMI,TOCP-70151,2007,UK,With OBI - made in Japan,No,https://www.discogs.com/release/7045426-David-Bowie-Heroes, $17.48 ,7045426,,7045426
"Bowie, David","""Heroes""","12"" Vinyl",Yes,RCA,NL-13857,2014,UK,Unofficial Release - Red Vinyl,No,https://www.discogs.com/release/8444921-David-Bowie-Heroes, $25.00 ,8444921,,8444921
"Bowie, David","""Heroes""","12"" Vinyl",Yes,RCA,NL-13857,2015,UK,Unofficial Release - Yellow Vinyl,No,https://www.discogs.com/release/7733183-David-Bowie-Heroes, $25.00 ,7733183,,7733183
"Bowie, David","""Heroes""","12"" Vinyl",Yes,RCA,PL 12522,2016,UK,Unofficial Release - Grey Marbled,No,https://www.discogs.com/release/9761802-David-Bowie-Heroes, $25.00 ,9761802,,9761802
"Bowie, David","""Heroes""","12"" Vinyl",Yes,Parlophone,DB 77822,2022,UK,45th Anniversary - Grey Vinyl,Yes,https://www.discogs.com/release/24814589-David-Bowie-Heroes, $25.00 ,24814589,,24814589
"Bowie, David","""Heroes""","12"" Vinyl",Yes,Parlophone,DB 77822,2022,UK,45th Anniversary - Grey Vinyl,No,https://www.discogs.com/release/24814589-David-Bowie-Heroes, $25.00 ,24814589,,24814589
"Bowie, David","""Heroes""","12"" Vinyl",Yes,RCA,JD-11151,1977,USA,Promo,No,https://www.discogs.com/release/729458-David-Bowie-Heroes, $34.98 ,729458,,729458
"Bowie, David","""Heroes""","7"" Vinyl",N/A,RCA Victor,PB-11121,1977,USA,Tan Label - Sung in English,No,https://www.discogs.com/release/865350-David-Bowie-Heroes, $45.00 ,865350,,865350
"Bowie, David","""Heroes""","7"" Vinyl",N/A,RCA Victor,PB-50398,1977,USA,Blue Label - Sung in French,No,https://www.discogs.com/release/5129848-David-Bowie-Heroes, $49.30 ,5129848,,5129848
"Bowie, David","""Heroes""","7"" Vinyl",Yes,RCA Victor,PB-1121,1977,USA,,No,https://www.discogs.com/release/6859653-David-Bowie-Heroes, $210.53 ,6859653,,6859653
"Bowie, David","""Heroes""","12"" Vinyl",Yes,RCA,PC-1121,1978,USA,Supersingle - Reissue,No,https://www.discogs.com/release/9013267-David-Bowie-Heroes, $53.79 ,9013267,,9013267
"Bowie, David","""Heroes""","7"" Vinyl",Yes,RCA,SS-3125,1978,USA,Stock Copy,No,https://www.discogs.com/release/2115877-David-Bowie-ヒーローズ-Heroes, $63.16 ,2115877,,2115877
"Bowie, David","""Heroes""","7"" Vinyl",Yes,RCA,SS-3125,1978,USA,Promo,No,https://www.discogs.com/release/17668471-David-Bowie-ヒーローズ-Heroes, $250.00 ,17668471,,17668471
"Bowie, David","""Heroes""","12"" Vinyl",Yes,RCA,RPL-2106,1982,USA,With OBI - Reissue,No,https://www.discogs.com/release/1675375-David-Bowie-Heroes-英雄夢語りヒーローズ, $47.32 ,1675375,,1675375
"Bowie, David","""Heroes""","12"" Vinyl",Yes,RCA,RPL-2106,1982,USA,With OBI - Reissue,No,https://www.discogs.com/release/1675375-David-Bowie-Heroes-英雄夢語りヒーローズ, $47.32 ,1675375,,1675375
"Bowie, David","""Heroes""",CD,Yes,RCA Victor,PCD1-2522,1985,USA,Red Spine,No,https://www.discogs.com/release/1879403-David-Bowie-Heroes, $50.28 ,1879403,,1879403
"Bowie, David","""Heroes""","12"" Vinyl",Yes,EMI,EMD 1025,1991,USA,Reissue,No,https://www.discogs.com/release/2125651-David-Bowie-Heroes, $68.35 ,2125651,,2125651
"Bowie, David","""Heroes""","7"" Vinyl",Yes,Parlophone,DBISF2015,2015,USA,"Limited edition of 2,000 copies - blue vinyl",Yes,https://www.discogs.com/release/6710528-David-Bowie-Heroes, $59.99 ,6710528,,6710528
"Bowie, David","""Heroes""/Helden","12"" Vinyl",Yes,RCA Victor,PC 9821,1982,USA,Maxi-Single,No,https://www.discogs.com/release/7666615-David-Bowie-Heroes-Helden-Heroes-Héros, $47.57 ,7666615,,7666615
"Bowie, David",1. Outside,CD,Yes,Virgin,7243 8 40711 2 7,1995,EU,Digibook,No,https://www.discogs.com/release/86093-David-Bowie-1-Outside-The-Nathan-Adler-Diaries-A-Hyper-Cycle, $5.00 ,86093,,86093
"Bowie, David",1. Outside,CD,Yes,Virgin,7243 8 40711 2 7,1995,EU,Digibook,No,https://www.discogs.com/release/86093-David-Bowie-1-Outside-The-Nathan-Adler-Diaries-A-Hyper-Cycle, $5.00 ,86093,,86093
"Bowie, David",1. Outside,CD,Yes,Virgin,7243 8 40711 2 7,1995,France,Digibook,No,https://www.discogs.com/release/4613229-David-Bowie-1-Outside-The-Nathan-Adler-Diaries-A-Hyper-Cycle, $6.60 ,4613229,,4613229
"Bowie, David",1. Outside,CD,Yes,Columbia / ISO Records,CK 92100,2004,Germany,Reissue,No,https://www.discogs.com/release/1065007-David-Bowie-1-Outside-The-Nathan-Adler-Diaries-A-Hyper-Cycle, $8.00 ,1065007,,1065007
"Bowie, David",1. Outside,"12"" Vinyl",Yes,ISO Records / Columbia / Sony Music / Friday Music,FRM-40711,2015,USA,White Vinyl,No,https://www.discogs.com/release/7810564-David-Bowie-1-Outside, $95.00 ,7810564,,7810564
"Bowie, David",1. Outside,"12"" Vinyl",Yes,ISO Records / Columbia / Sony Music / Friday Music,FRM-40711,2015,USA,White Vinyl,No,https://www.discogs.com/release/7810564-David-Bowie-1-Outside, $95.00 ,7810564,,7810564
"Bowie, David",1. Outside (Version 2),CD,Yes,Arista / BMG,74321369002,1996,USA,Jewel Case,No,https://www.discogs.com/release/3700916-David-Bowie-1-Outside-Version-2-The-Nathan-Adler-Diaries-A-Hyper-Cycle, $36.38 ,3700916,,3700916
"Bowie, David",1980 All Clear,"12"" Vinyl",Yes,RCA,DJl1-3545,1979,UK,Promo,No,https://www.discogs.com/release/1937389-David-Bowie-1980-All-Clear, $28.16 ,1937389,,1937389
"Bowie, David",1980 All Clear,"12"" Vinyl",Yes,RCA,DJl1-3545,1979,UK,Promo,No,https://www.discogs.com/release/1937389-David-Bowie-1980-All-Clear, $28.16 ,1937389,,1937389
"Bowie, David",1984 Floor Show,"12"" Vinyl",Yes,Great Live Records,208,1978,UK,Unofficial Release - Black Vinyl,No,https://www.discogs.com/release/8564359-Bowie-1984-Floor-Show, $30.00 ,8564359,,8564359
"Bowie, David",A Divine Symmetry (An Alternative Journey Through Hunky Dory),"12"" Vinyl",Yes,Parlophone,DBADS 1971,2023,UK,,Yes,https://www.discogs.com/release/26205434-David-Bowie-A-Divine-Symmetry-An-Alternative-Journey-Through-Hunky-Dory, $19.99 ,26205434,,26205434
"Bowie, David",A Divine Symmetry (An Alternative Journey Through Hunky Dory),"12"" Vinyl",Yes,Parlophone,DBADS 1971,2023,UK,,No,https://www.discogs.com/release/26205434-David-Bowie-A-Divine-Symmetry-An-Alternative-Journey-Through-Hunky-Dory, $19.99 ,26205434,,26205434
"Bowie, David",A New Career In A New Town (1977 - 1982),"12"" Vinyl",Yes,Parlophone,DBXL 3,2017,USA,Box Set,No,https://www.discogs.com/release/10929410-David-Bowie-A-New-Career-In-A-New-Town-19771982, $105.18 ,10929410,,10929410
"Bowie, David",A New Career In A New Town (1977 - 1982),CD,Yes,Parlophone,DBX 3,2017,USA,Box Set,No,https://www.discogs.com/release/10929410-David-Bowie-A-New-Career-In-A-New-Town-19771982, $105.18 ,10929410,,10929410
"Bowie, David",A Portrait In Flesh,CD,Yes,None,070459-1,1996,USA,Unofficial Release,No,https://www.discogs.com/release/3143079-David-Bowie-A-Portrait-In-Flesh, $50.00 ,3143079,,3143079
"Bowie, David",A Reality Tour,CD,Yes,ISO Records / Columbia / RZO,88697588272,2010,Germany,,No,https://www.discogs.com/release/2276051-Bowie-A-Reality-Tour, $7.92 ,2276051,,2276051
"Bowie, David",A Reality Tour,"12"" Vinyl",Yes,Friday Music / ISO Records / Columbia / Sony,FRM-88272,2016,USA,Box Set - Blue Vinyl,No,https://www.discogs.com/release/8566929-Bowie-A-Reality-Tour, $110.96 ,8566929,,8566929
"Bowie, David",A Reality Tour,"12"" Vinyl",Yes,Friday Music / ISO Records / Columbia / Sony,FRM-88272,2016,USA,Box Set - Blue Vinyl,Yes,https://www.discogs.com/release/8566929-Bowie-A-Reality-Tour, $110.96 ,8566929,,8566929
"Bowie, David",A Second Face,"12"" Vinyl",Yes,Decca,TAB 71,1983,Germany,Rock Echoes,No,https://www.discogs.com/release/1620268-David-Bowie-A-Second-Face, $9.18 ,1620268,,1620268
"Bowie, David",A Second Face,"12"" Vinyl",Yes,London Records,MIP-1-9374,1983,UK,,No,https://www.discogs.com/release/2737115-David-Bowie-A-Second-Face, $17.50 ,2737115,,2737115
"Bowie, David",Absolute Beginners,"7"" Vinyl",Yes,EMI America,B-8308,1986,EU,Stock Copy,No,https://www.discogs.com/release/1096109-David-Bowie-Absolute-Beginners, $3.12 ,1096109,,1096109
"Bowie, David",Absolute Beginners,"7"" Vinyl",N/A,EMI America,B-8308,1986,EU,Stock Copy,No,https://www.discogs.com/release/15854958-David-Bowie-Absolute-Beginners, $5.00 ,15854958,,15854958
"Bowie, David",Absolute Beginners,"12"" Vinyl",Yes,EMI America,V-19205,1986,France,Stock Copy,No,https://www.discogs.com/release/916836-David-Bowie-Absolute-Beginners, $7.18 ,916836,,916836
"Bowie, David",Absolute Beginners,"12"" Vinyl",Yes,EMI America,V-19205,1986,France,Stock Copy,No,https://www.discogs.com/release/916836-David-Bowie-Absolute-Beginners, $7.18 ,916836,,916836
"Bowie, David",Absolute Beginners,"7"" Vinyl",Yes,Virgin,VSG 838-12,1986,Germany,Stock Copy ,No,https://www.discogs.com/release/571300-David-Bowie-Absolute-Beginners-Full-Length-Version, $8.26 ,571300,,571300
"Bowie, David",Absolute Beginners,"7"" Vinyl",Yes,Virgin,VSG 838-12,1986,Germany,Stock Copy ,No,https://www.discogs.com/release/571300-David-Bowie-Absolute-Beginners-Full-Length-Version, $8.26 ,571300,,571300
"Bowie, David",Absolute Beginners,"7"" Vinyl",Yes,Virgin,VSG 838-12,1986,Germany,Stock Copy ,No,https://www.discogs.com/release/571300-David-Bowie-Absolute-Beginners-Full-Length-Version, $8.26 ,571300,,571300
"Bowie, David",Absolute Beginners,"7"" Vinyl",Yes,Virgin,VS 661,1986,New Zealand,,No,https://www.discogs.com/release/5713381-David-Bowie-Absolute-Beginners, $12.63 ,5713381,,5713381
"Bowie, David",Absolute Beginners,CD,Yes,Virgin,CDT 20,1988,Spain,Mini-CD,No,https://www.discogs.com/release/1070731-David-Bowie-Absolute-Beginners, $14.62 ,1070731,,1070731
"Bowie, David",Across The Ether (The Legendary US Broadcasts),"12"" Vinyl",Yes,Coda Publishing LTD,CPLVNY 255,2017,UK,Unofficial Release - Clear coloured vinyl,No,https://www.discogs.com/release/10281556-Bowie-Plus-Guests-Across-The-Ether-The-Legendary-US-Broadcasts, $25.00 ,10281556,,10281556
"Bowie, David",Ain't That Close To Love,"12"" Vinyl",Yes,None,None,2015,UK,Unofficial Release - limited edition of 150 copies on red vinyl,No,https://www.discogs.com/release/7817469-David-Bowie-Aint-That-Close-To-Love, $30.00 ,7817469,,7817469
"Bowie, David",Alabama Song,"7"" Vinyl",Yes,RCA,BOW 5,1980,Japan,Stock Copy - poster sleeve,No,https://www.discogs.com/release/424013-David-Bowie-Alabama-Song, $10.33 ,424013,,424013
"Bowie, David",Alabama Song,"7"" Vinyl",Yes,RCA Victor,PB 9510,1980,Japan,,No,https://www.discogs.com/release/1337454-David-Bowie-Alabama-Song, $10.53 ,1337454,,1337454
"Bowie, David",Alabama Song,"7"" Vinyl",Yes,RCA Victor,PB 9510,1980,Japan,,No,https://www.discogs.com/release/1337454-David-Bowie-Alabama-Song, $10.53 ,1337454,,1337454
"Bowie, David",Alabama Song,"7"" Vinyl",N/A,Parlophone,DBALAS 40,2020,New Zealand,Picture Disc,Yes,https://www.discogs.com/release/14779619-David-Bowie-Alabama-Song-, $12.62 ,14779619,,14779619
"Bowie, David",Alabama Song,"7"" Vinyl",N/A,Parlophone,DBALAS 40,2020,New Zealand,Picture Disc,No,https://www.discogs.com/release/14779619-David-Bowie-Alabama-Song-, $12.62 ,14779619,,14779619
"Bowie, David",Alabama Song,"7"" Vinyl",Yes,RCA Victor,PB-9510,1980,Spain,,No,https://www.discogs.com/release/3972143-David-Bowie-Alabama-Song-Space-Oddity, $14.00 ,3972143,,3972143
"Bowie, David",Alabama Song,"7"" Vinyl",Yes,RCA Victor,PB 9510,1980,Spain,,No,https://www.discogs.com/release/1925384-David-Bowie-Alabama-Song, $14.73 ,1925384,,1925384
"Bowie, David",Alabama Song,"7"" Vinyl",Yes,RCA Victor,PB-9510,1980,UK,,No,https://www.discogs.com/release/3387810-David-Bowie-Alabama-Song, $15.76 ,3387810,,3387810
"Bowie, David",Alabama Song,"7"" Vinyl",Yes,RCA Victor,SRCA-89010,1980,UK,Stock Copy,No,https://www.discogs.com/release/3531192-David-Bowie-Alabama-Song-Space-Oddity, $21.05 ,3531192,,3531192
"Bowie, David",Alabama Song,"12"" Vinyl",Yes,RCA Victor,PC 9854,1983,UK,Super-Sound Single,No,https://www.discogs.com/release/603160-David-Bowie-Alabama-Song-Amsterdam-Space-Oddity, $15.78 ,603160,,603160
"Bowie, David",Aladdin Sane,CD,Yes,Virgin,7243 521902 0 1,1999,EU,The David Bowie Series,No,https://www.discogs.com/release/378649-David-Bowie-Aladdin-Sane, $5.00 ,378649,,378649
"Bowie, David",Aladdin Sane,CD,Yes,Virgin,7243 521902 0 1,1999,EU,The David Bowie Series,No,https://www.discogs.com/release/378649-David-Bowie-Aladdin-Sane, $5.00 ,378649,,378649
"Bowie, David",Aladdin Sane,CD,Yes,Rykodisc,RCD 10135,1990,France,,No,https://www.discogs.com/release/14903249-David-Bowie-Aladdin-Sane, $7.28 ,14903249,,14903249
"Bowie, David",Aladdin Sane,CD,Yes,Rykodisc,RCD 10135,1990,France,,No,https://www.discogs.com/release/14903249-David-Bowie-Aladdin-Sane, $7.28 ,14903249,,14903249
"Bowie, David",Aladdin Sane,CD,Yes,Rykodisc,RCD 10135,1990,France,,No,https://www.discogs.com/release/14903249-David-Bowie-Aladdin-Sane, $7.28 ,14903249,,14903249
"Bowie, David",Aladdin Sane,CD,Yes,Rykodisc,RCD 10135,1990,France,,No,https://www.discogs.com/release/14903249-David-Bowie-Aladdin-Sane, $7.28 ,14903249,,14903249
"Bowie, David",Aladdin Sane,CD,Yes,Rykodisc,RCD 10135,1990,France,,No,https://www.discogs.com/release/14903249-David-Bowie-Aladdin-Sane, $7.28 ,14903249,,14903249
"Bowie, David",Aladdin Sane,8-Track Cartridge,N/A,RCA Victor,P8S-2134,1973,Japan,,No,https://www.discogs.com/release/5094187-David-Bowie-Aladdin-Sane, $10.99 ,5094187,,5094187
"Bowie, David",Aladdin Sane,Cassette,Yes,Ryko Analogue,RACS 0135,1990,Japan,,Yes,https://www.discogs.com/release/2117976-David-Bowie-Aladdin-Sane, $10.26 ,2117976,,2117976
"Bowie, David",Aladdin Sane,CD,Yes,EMI,DBAS 40,2013,Japan,40th Anniversary Edition,No,https://www.discogs.com/release/4470429-David-Bowie-Aladdin-Sane, $10.32 ,4470429,,4470429
"Bowie, David",Aladdin Sane,"12"" Vinyl",Yes,RCA Victor,LSP-4852,1973,UK,Original Pressing,No,https://www.discogs.com/release/1139477-David-Bowie-Aladdin-Sane, $21.00 ,1139477,,1139477
"Bowie, David",Aladdin Sane,"12"" Vinyl",Yes,RCA Victor,LSP-4852,1973,UK,Indianapolis Pressing - Original Pressing,No,https://www.discogs.com/release/1139477-David-Bowie-Aladdin-Sane, $21.00 ,1139477,,1139477
"Bowie, David",Aladdin Sane,"12"" Vinyl",Yes,RCA Victor,LSP-4852,1973,UK,Indianapolis Pressing - Original Pressing,No,https://www.discogs.com/release/1139477-David-Bowie-Aladdin-Sane, $21.00 ,1139477,,1139477
"Bowie, David",Aladdin Sane,"12"" Vinyl",Yes,RCA Victor,RS 1001,1973,UK,Stock Copy,No,https://www.discogs.com/release/1344568-David-Bowie-Aladdin-Sane, $22.78 ,1344568,,1344568
"Bowie, David",Aladdin Sane,"12"" Vinyl",Yes,RCA Victor,LSP-4852,1976,UK,Hollywood Pressing - Tan Labels Reissue,No,https://www.discogs.com/release/8211126-David-Bowie-Aladdin-Sane, $18.46 ,8211126,,8211126
"Bowie, David",Aladdin Sane,CD,Yes,Virgin / EMI,7243-58012-2-9,2003,UK,30th Anniversary Edition,No,https://www.discogs.com/release/1387819-David-Bowie-Aladdin-Sane, $18.00 ,1387819,,1387819
"Bowie, David",Aladdin Sane,CD,Yes,EMI,TOCP-70145,2007,UK,With OBI - made in Japan,No,https://www.discogs.com/release/7045235-David-Bowie-Aladdin-Sane, $28.41 ,7045235,,7045235
"Bowie, David",Aladdin Sane,"12"" Vinyl",Yes,RCA Victor,104.4034,2014,UK,Unofficial Release - White Vinyl,No,https://www.discogs.com/release/5447607-David-Bowie-Aladdin-Sane, $25.00 ,5447607,,5447607
"Bowie, David",Aladdin Sane,"12"" Vinyl",Yes,Parlophone,DBASPD 2023,2023,UK,Picture Disc - 50th Anniversary,Yes,https://www.discogs.com/release/26739113-David-Bowie-Aladdin-Sane, $22.58 ,26739113,,26739113
"Bowie, David",Aladdin Sane,"12"" Vinyl",Yes,Parlophone,DBASPD 2023,2023,UK,Picture Disc,Yes,https://www.discogs.com/release/26739113-David-Bowie-Aladdin-Sane, $22.58 ,26739113,,26739113
"Bowie, David",Aladdin Sane,"12"" Vinyl",Yes,Parlophone,DBAS50,2023,UK,Half Speed Master,Yes,https://www.discogs.com/release/26734640-David-Bowie-Aladdin-Sane, $26.28 ,26734640,,26734640
"Bowie, David",Aladdin Sane,"12"" Vinyl",Yes,Ryko Analogue,RALP 0135-2,1990,USA,Clear Vinyl,Yes,https://www.discogs.com/release/1675366-David-Bowie-Aladdin-Sane, $90.36 ,1675366,,1675366
"Bowie, David",Aladdin Sane,"12"" Vinyl",Yes,Ryko Analogue,RALP 0135-2,1990,USA,Clear Vinyl - Promo Stamp on Cover,No,https://www.discogs.com/release/1675366-David-Bowie-Aladdin-Sane, $90.36 ,1675366,,1675366
"Bowie, David",Aladdin Sane,"12"" Vinyl",Yes,EMI,7243 4 99463 1 6,1999,USA,The Millennium Vinyl Collection,No,https://www.discogs.com/release/770761-David-Bowie-Aladdin-Sane, $48.98 ,770761,,770761
"Bowie, David",Aladdin Sane,"12"" Vinyl",Yes,Simply Vinyl,SVLP 276,2001,USA,Simply Vinyl Issue,No,https://www.discogs.com/release/1192729-David-Bowie-Aladdin-Sane, $47.37 ,1192729,,1192729
"Bowie, David",Aladdin Sane,"12"" Vinyl",Yes,Parlophone,DB69735,2018,USA,45th Anniversary - Silver Vinyl,Yes,https://www.discogs.com/release/11872749-David-Bowie-Aladdin-Sane, $34.29 ,11872749,,11872749
"Bowie, David",All Saints (Collected Instrumentals 1977-1999),CD,Yes,Virgin,7243 5 33045 2 2,2001,France,Compilation,No,https://www.discogs.com/release/2212132-David-Bowie-All-Saints-Collected-Instrumentals-1977-1999, $6.50 ,2212132,,2212132
"Bowie, David",All The Madmen,"7"" Vinyl",N/A,Mercury,DJ-311,1970,USA,Promo,No,https://www.discogs.com/release/3904343-David-Bowie-All-The-Madmen, $75.94 ,3904343,,3904343
"Bowie, David",All The Madmen = Todos Los Locos,"7"" Vinyl",Yes,RCA,ESP 601,1984,UK,Unofficial Release - Red Vinyl,No,https://www.discogs.com/release/6815007-David-Bowie-All-The-Madman-Todos-Los-Locos, $25.00 ,6815007,,6815007
"Bowie, David",All The Young Dudes,"7"" Vinyl",Yes,Mainman,PRO 073,1979,UK,Unofficial Release,No,https://www.discogs.com/release/1449546-David-Bowie-All-The-Young-Dudes, $20.00 ,1449546,,1449546
"Bowie, David",Amsterdam,"7"" Vinyl",Yes,RCA Victor,ESP-601,1983,USA,Promo,No,https://www.discogs.com/release/3796542-David-Bowie-Amsterdam-, $63.16 ,3796542,,3796542
"Bowie, David",Amsterdam,"7"" Vinyl",Yes,Parlophone,DBISH 2015,2015,USA,Orange Vinyl,No,https://www.discogs.com/release/7839974-David-Bowie-Amsterdam, $69.16 ,7839974,,7839974
"Bowie, David",Amsterdam,"7"" Vinyl",Yes,Parlophone,DBISH 2015,2015,USA,Orange Vinyl,Yes,https://www.discogs.com/release/7839974-David-Bowie-Amsterdam, $69.16 ,7839974,,7839974
"Bowie, David",An Evening With David Bowie,"12"" Vinyl",Yes,RCA,DJL1-3016,1978,UK,Promo,No,https://www.discogs.com/release/1526362-David-Bowie-An-Evening-With-David-Bowie, $19.99 ,1526362,,1526362
"Bowie, David",An Evening With David Bowie,"12"" Vinyl",Yes,RCA,DJL1-3016,1978,UK,Promo,No,https://www.discogs.com/release/1526362-David-Bowie-An-Evening-With-David-Bowie, $19.99 ,1526362,,1526362
"Bowie, David",And I Say To Myself / Good Morning Girl,"7"" Vinyl",Yes,Pye Records,7N.21000,1982,UK,Unofficial Release - Red Sleeve Version,No,https://www.discogs.com/release/4378623-David-Bowie-And-The-Lower-Third-David-Bowie-And-The-Buzz-And-I-Say-To-Myself-Good-Morning-Girl, $25.00 ,4378623,,4378623
"Bowie, David",Another Face,"12"" Vinyl",Yes,London Records,MIP-1-9324,1981,Japan,,No,https://www.discogs.com/release/408885-David-Bowie-Another-Face, $10.56 ,408885,,408885
"Bowie, David",Another Stage,CD,Yes,Black Eagle,BE 003/4,1994,USA,Unofficial Release,No,https://www.discogs.com/release/3416889-David-Bowie-Another-Stage, $50.00 ,3416889,,3416889
"Bowie, David",Archive4,"12"" Vinyl",Yes,Castle Communications,TOF 105,1986,Germany,"Limited Edition of 7,500",No,https://www.discogs.com/release/1106568-David-Bowie-Archive4, $9.44 ,1106568,,1106568
"Bowie, David",Archive4,"12"" Vinyl",Yes,Castle Communications,TOF 105,1986,Germany,"Limited Edition of 7,500",No,https://www.discogs.com/release/1106568-David-Bowie-Archive4, $9.44 ,1106568,,1106568
"Bowie, David",Ashes To Ashes,"7"" Vinyl",Yes,RCA Victor,PB 9575,1980,EU,,No,https://www.discogs.com/release/802718-David-Bowie-Ashes-To-Ashes, $3.93 ,802718,,802718
"Bowie, David",Ashes To Ashes,"7"" Vinyl",Yes,RCA Victor,PB 9575,1980,EU,,No,https://www.discogs.com/release/1624915-David-Bowie-Ashes-To-Ashes, $4.16 ,1624915,,1624915
"Bowie, David",Ashes To Ashes,"7"" Vinyl",Yes,RCA,BOW 6,1980,EU,Stock Copy - solid centre looking at shoe,No,https://www.discogs.com/release/8135821-David-Bowie-Ashes-To-Ashes, $4.42 ,8135821,,8135821
"Bowie, David",Ashes To Ashes,"7"" Vinyl",N/A,RCA,PB-12078,1980,EU,Stock Copy,No,https://www.discogs.com/release/3310073-David-Bowie-Ashes-To-Ashes, $5.00 ,3310073,,3310073
"Bowie, David",Ashes To Ashes,"7"" Vinyl",Yes,RCA,BOW 6,1980,EU,Stock Copy - solid centre holding shoe looking ahead,No,https://www.discogs.com/release/1935504-David-Bowie-Ashes-To-Ashes, $5.06 ,1935504,,1935504
"Bowie, David",Ashes To Ashes,"7"" Vinyl",Yes,RCA,PB-9575,1980,EU,,No,https://www.discogs.com/release/386171-David-Bowie-Ashes-To-Ashes, $5.21 ,386171,,386171
"Bowie, David",Ashes To Ashes,"7"" Vinyl",N/A,RCA Victor,103671,1980,EU,Solid Centre,No,https://www.discogs.com/release/9857571-David-Bowie-Ashes-To-Ashes, $5.73 ,9857571,,9857571
"Bowie, David",Ashes To Ashes,"7"" Vinyl",Yes,RCA Victor,PB-9575,1980,France,Stock Copy,No,https://www.discogs.com/release/2459897-David-Bowie-Ashes-To-Ashes, $6.32 ,2459897,,2459897
"Bowie, David",Ashes To Ashes,"7"" Vinyl",Yes,RCA,BOW 6,1980,France,Stock Copy - push out center intact holding shoe to ear,No,https://www.discogs.com/release/1990541-David-Bowie-Ashes-To-Ashes, $6.33 ,1990541,,1990541
"Bowie, David",Ashes To Ashes,"7"" Vinyl",Yes,RCA,BOW 6,1980,France,Stock Copy - push out center intact holding shoe to ear,No,https://www.discogs.com/release/1990541-David-Bowie-Ashes-To-Ashes, $6.33 ,1990541,,1990541
"Bowie, David",Ashes To Ashes,"7"" Vinyl",Yes,RCA,PB-12078,1980,Germany,Stock Copy,No,https://www.discogs.com/release/409895-David-Bowie-Ashes-To-Ashes, $8.99 ,409895,,409895
"Bowie, David",Ashes To Ashes,"7"" Vinyl",Yes,RCA,PB-12078,1980,Germany,Stock Copy,No,https://www.discogs.com/release/409895-David-Bowie-Ashes-To-Ashes, $8.99 ,409895,,409895
"Bowie, David",Ashes To Ashes,"7"" Vinyl",Yes,RCA Victor,PB-9575,1980,Japan,,No,https://www.discogs.com/release/3974597-David-Bowie-Ashes-To-Ashes, $11.05 ,3974597,,3974597
"Bowie, David",Ashes To Ashes,"7"" Vinyl",N/A,RCA Victor,103671,1980,Philippines,Solid Centre,No,https://www.discogs.com/release/3482191-David-Bowie-Ashes-To-Ashes, $12.74 ,3482191,,3482191
"Bowie, David",Ashes To Ashes,"7"" Vinyl",N/A,RCA Victor,PB 9575,1980,Spain,Promo,No,https://www.discogs.com/release/18717997-David-Bowie-Ashes-To-Ashes, $14.21 ,18717997,,18717997
"Bowie, David",Ashes To Ashes,"7"" Vinyl",Yes,RCA,JH-12078,1980,Spain,Promo,No,https://www.discogs.com/release/4357620-David-Bowie-Ashes-To-Ashes, $15.00 ,4357620,,4357620
"Bowie, David",Ashes To Ashes,"7"" Vinyl",Yes,RCA Victor,PB 9575,1980,UK,Stock Copy,No,https://www.discogs.com/release/4203587-David-Bowie-Ashes-To-Ashes, $18.42 ,4203587,,4203587
"Bowie, David",Ashes To Ashes,"12"" Vinyl",Yes,RCA Victor,PC 9631,1980,UK,Maxi-Single,No,https://www.discogs.com/release/422472-David-Bowie-Ashes-To-Ashes, $22.49 ,422472,,422472
"Bowie, David",Ashes To Ashes,"7"" Vinyl",Yes,RCA Victor,PB-9575,1980,UK,,No,https://www.discogs.com/release/3541702-David-Bowie-Ashes-To-Ashes, $23.16 ,3541702,,3541702
"Bowie, David",Ashes To Ashes,"7"" Vinyl",N/A,RCA Victor,42-1001,1980,UK,,No,https://www.discogs.com/release/7444923-David-Bowie-Ashes-To-Ashes, $25.00 ,7444923,,7444923
"Bowie, David",Ashes To Ashes,"12"" Vinyl",Yes,RCA,DJL1-3795,1980,USA,Promo,No,https://www.discogs.com/release/399565-David-Bowie-Ashes-To-Ashes, $46.50 ,399565,,399565
"Bowie, David",Ashes To Ashes,"7"" Vinyl",Yes,RCA Victor,103671,1980,USA,Beige Label,No,https://www.discogs.com/release/12454384-David-Bowie-Ashes-To-Ashes, $100.00 ,12454384,,12454384
"Bowie, David",Ashes To Ashes,"7"" Vinyl",Yes,RCA,101.4106,1980,USA,Stock Copy,No,https://www.discogs.com/release/18718063-David-Bowie-Ashes-To-Ashes, $100.00 ,18718063,,18718063
"Bowie, David",Ashes To Ashes,"7"" Vinyl",Yes,RCA,SSD-3011,1980,USA,Promo ,No,https://www.discogs.com/release/8419524-デビッドボウイー-David-Bowie-アッシェズトウアッシェズ-Ashes-To-Ashes-ファッ, $294.74 ,8419524,,8419524
"Bowie, David",Bang Bang (Live Version),CD,Yes,EMI-Manhattan Records,DPRO-31593,1987,USA,Promo,No,https://www.discogs.com/release/947195-David-Bowie-Bang-Bang-Live-Version, $69.19 ,947195,,947195
"Bowie, David",Be My Wife,"7"" Vinyl",N/A,RCA,PB-11017,1977,EU,Stock Copy - Black Label,No,https://www.discogs.com/release/3163638-David-Bowie-Be-My-Wife, $5.75 ,3163638,,3163638
"Bowie, David",Be My Wife,"7"" Vinyl",Yes,RCA,BOW 511,1983,France,Lifetimes The Singles: Push Out Center Intact,No,https://www.discogs.com/release/1777063-David-Bowie-Be-My-Wife, $7.58 ,1777063,,1777063
"Bowie, David",Be My Wife,"7"" Vinyl",N/A,Parlophone,DBBMW40,2017,Japan,Picture Disc,Yes,https://www.discogs.com/release/10442394-David-Bowie-Be-My-Wife, $10.53 ,10442394,,10442394
"Bowie, David",Be My Wife,"7"" Vinyl",N/A,Parlophone,DBBMW40,2017,Japan,Picture Disc,Yes,https://www.discogs.com/release/10442394-David-Bowie-Be-My-Wife, $10.53 ,10442394,,10442394
"Bowie, David",Be My Wife,"7"" Vinyl",N/A,Parlophone,DBBMW40,2017,Japan,Picture Disc,Yes,https://www.discogs.com/release/10442394-David-Bowie-Be-My-Wife, $10.53 ,10442394,,10442394
"Bowie, David",Be My Wife,"7"" Vinyl",N/A,RCA,JH-11017,1977,Netherlands,Promo,No,https://www.discogs.com/release/4354747-David-Bowie-Be-My-Wife, $11.78 ,4354747,,4354747
"Bowie, David",Be My Wife,"7"" Vinyl",Yes,RCA Victor,PB 1017,1977,UK,,No,https://www.discogs.com/release/1154837-David-Bowie-Be-My-Wife, $15.79 ,1154837,,1154837
"Bowie, David",Be My Wife,"7"" Vinyl",Yes,RCA Victor,PB 1017,1977,UK,,No,https://www.discogs.com/release/3215012-David-Bowie-Be-My-Wife, $17.97 ,3215012,,3215012
"Bowie, David",Be My Wife,"7"" Vinyl",N/A,RCA Victor,PB 1017,1977,UK,Promo Copy - Push out center intact,No,https://www.discogs.com/release/4570708-David-Bowie-Be-My-Wife-Speed-Of-Life, $19.62 ,4570708,,4570708
"Bowie, David",Be My Wife,"7"" Vinyl",Yes,RCA Victor,PB-1017,1977,UK,Stock Copy,No,https://www.discogs.com/release/1002546-David-Bowie-Be-My-Wife-Sé-Mi-Mujer, $21.52 ,1002546,,1002546
"Bowie, David",Be My Wife,"7"" Vinyl",Yes,RCA Victor,PB 1017,1977,UK,,No,https://www.discogs.com/release/1429090-David-Bowie-Be-My-Wife, $25.29 ,1429090,,1429090
"Bowie, David",Be My Wife,"7"" Vinyl",Yes,RCA,SS-3104,1977,USA,,No,https://www.discogs.com/release/3352798-David-Bowie-ビーマイワイフ-Be-My-Wife, $36.49 ,3352798,,3352798
"Bowie, David",Be My Wife,"7"" Vinyl",N/A,RCA Victor,PB-11017,1977,USA,Stock Copy,No,https://www.discogs.com/release/7001055-David-Bowie-Be-My-Wife, $42.25 ,7001055,,7001055
"Bowie, David",Be My Wife,"7"" Vinyl",N/A,RCA Victor,PB-11017,1977,USA,Stock Copy,No,https://www.discogs.com/release/7001055-David-Bowie-Be-My-Wife, $42.25 ,7001055,,7001055
"Bowie, David",Be My Wife,"7"" Vinyl",Yes,RCA Victor,PB-1017,1977,USA,,No,https://www.discogs.com/release/2799434-David-Bowie-Be-My-Wife-Speed-Of-Life, $84.21 ,2799434,,2799434
"Bowie, David",Be My Wife,"7"" Vinyl",Yes,RCA Victor,PB 1017,1977,USA,,No,https://www.discogs.com/release/3356609-David-Bowie-Be-My-Wife, $94.74 ,3356609,,3356609
"Bowie, David",Be My Wife,"7"" Vinyl",N/A,RCA Victor,PB 1017,1977,USA,Stock Copy,No,https://www.discogs.com/release/6887286-David-Bowie-Be-My-Wife, $100.00 ,6887286,,6887286
"Bowie, David",Beauty And The Beast,"7"" Vinyl",Yes,RCA Victor,PB 1190,1978,France,Stock Copy - push out center intact,No,https://www.discogs.com/release/748359-David-Bowie-Beauty-And-The-Beast, $6.67 ,748359,,748359
"Bowie, David",Beauty And The Beast,"7"" Vinyl",N/A,RCA,PB-11190,1978,France,Stock Copy - Black Label,No,https://www.discogs.com/release/3163653-David-Bowie-Beauty-And-The-Beast, $6.99 ,3163653,,3163653
"Bowie, David",Beauty And The Beast,"7"" Vinyl",Yes,RCA,BOW 512,1983,Germany,Lifetimes The Singles: Push Out Center Intact,No,https://www.discogs.com/release/2059923-David-Bowie-Beauty-And-The-Beast, $8.00 ,2059923,,2059923
"Bowie, David",Beauty And The Beast,"7"" Vinyl",Yes,RCA,BOW 512,1983,Germany,Lifetimes The Singles: Push Out Center Intact,No,https://www.discogs.com/release/2059923-David-Bowie-Beauty-And-The-Beast, $8.00 ,2059923,,2059923
"Bowie, David",Beauty And The Beast,"7"" Vinyl",Yes,RCA,BOW 512,1983,Germany,Lifetimes The Singles: Push Out Center Intact,No,https://www.discogs.com/release/14137905-David-Bowie-Beauty-And-The-Beast/, $9.00 ,14137905,,14137905
"Bowie, David",Beauty And The Beast,"7"" Vinyl",N/A,Parlophone,DBBATB 40,2018,Germany,Picture Disc,Yes,https://www.discogs.com/release/11358685-David-Bowie-Beauty-And-The-Beast, $8.80 ,11358685,,11358685
"Bowie, David",Beauty And The Beast,"7"" Vinyl",N/A,Parlophone,DBBATB 40,2018,Germany,Picture Disc,No,https://www.discogs.com/release/11358685-David-Bowie-Beauty-And-The-Beast, $8.80 ,11358685,,11358685
"Bowie, David",Beauty And The Beast,"7"" Vinyl",Yes,RCA Victor,PB 1190,1978,Ireland,,No,https://www.discogs.com/release/2295738-David-Bowie-Beauty-And-The-Beast, $9.80 ,2295738,,2295738
"Bowie, David",Beauty And The Beast,"7"" Vinyl",Yes,RCA Victor,PB 1190,1978,Japan,,No,https://www.discogs.com/release/3233838-David-Bowie-Beauty-And-The-Beast, $10.27 ,3233838,,3233838
"Bowie, David",Beauty And The Beast,"7"" Vinyl",Yes,RCA Victor,PB 1190,1978,Japan,,No,https://www.discogs.com/release/3233838-David-Bowie-Beauty-And-The-Beast, $10.27 ,3233838,,3233838
"Bowie, David",Beauty And The Beast,"7"" Vinyl",N/A,RCA,JH-11190,1978,South Africa,Promo,No,https://www.discogs.com/release/5077386-David-Bowie-Beauty-And-The-Beast, $13.54 ,5077386,,5077386
"Bowie, David",Beauty And The Beast,"7"" Vinyl",Yes,RCA Victor,PB 1190,1978,South Africa,,No,https://www.discogs.com/release/3235732-David-Bowie-Beauty-And-The-Beast, $13.66 ,3235732,,3235732
"Bowie, David",Beauty And The Beast,"7"" Vinyl",Yes,RCA Victor,PB 1190,1978,Spain,Stock Copy,No,https://www.discogs.com/release/2431172-David-Bowie-Beauty-And-The-Beast, $14.81 ,2431172,,2431172
"Bowie, David",Beauty And The Beast,"7"" Vinyl",N/A,RCA Victor,103071,1978,UK,Stock Copy,No,https://www.discogs.com/release/7700089-David-Bowie-Beauty-And-The-Beast, $22.29 ,7700089,,7700089
"Bowie, David",Beauty And The Beast,"7"" Vinyl",N/A,RCA Victor,PB-11190,1978,UK,Stock Copy,No,https://www.discogs.com/release/7198306-David-Bowie-Beauty-And-The-Beast, $28.16 ,7198306,,7198306
"Bowie, David",Beckenham Oddity Redux,"12"" Vinyl",Yes,None,BECKODD1,2019,UK,Unofficial Release - Black vinyl,No,https://www.discogs.com/release/13455927-David-Bowie-The-Beckenham-Oddity-Redux, $30.00 ,13455927,,13455927
"Bowie, David",Berlin In Tokyo,"12"" Vinyl",Yes,Coda Publishing LTD,CPLVNY 257,2017,UK,Unofficial Release - Clear coloured vinyl,No,https://www.discogs.com/release/10281613-Bowie-Berlin-In-Tokyo-The-Legendary-Broadcast, $25.00 ,10281613,,10281613
"Bowie, David",Berlin In Tokyo,"12"" Vinyl",Yes,Coda Publishing LTD,CPLVNY 257,2017,UK,Unofficial Release - Clear coloured vinyl,Yes,https://www.discogs.com/release/10281613-Bowie-Berlin-In-Tokyo-The-Legendary-Broadcast, $25.00 ,10281613,,10281613
"Bowie, David",Best,CD,Yes,TF,T-2019,1990,UK,Unofficial - No OBI,No,https://www.discogs.com/release/4415491-David-Bowie-Best, $25.00 ,4415491,,4415491
"Bowie, David",Best Of 1969-1974,CD,Yes,EMI-Capitol Entertainment Properties,72438-212320-2-8,1998,EU,Digipak / Slipcase,No,https://www.discogs.com/release/1771496-David-Bowie-Best-Of-1969-1974, $4.99 ,1771496,,1771496
"Bowie, David",Best Of Bowie,CD,Yes,Virgin,7243 5 41929 2 0,2002,EU,Compilation,No,https://www.discogs.com/release/1300824-Bowie-Best-Of-Bowie, $2.81 ,1300824,,1300824
"Bowie, David",Best Of Bowie,CD,Yes,Virgin,7243 5 41929 2 0,2002,EU,Compilation,No,https://www.discogs.com/release/7901461-Bowie-Best-Of-Bowie, $3.67 ,7901461,,7901461
"Bowie, David",Best Of Bowie,CD,Yes,Virgin / EMI,7243 5 41930 2 6,2002,EU,Compilation,No,https://www.discogs.com/release/2448212-Bowie-Best-Of-Bowie, $4.75 ,2448212,,2448212
"Bowie, David",Best Of Bowie,CD,Yes,EMI,7243 5 42075 2 5,2008,EU,Compilation,No,https://www.discogs.com/release/4280546-Bowie-Best-Of-Bowie, $5.93 ,4280546,,4280546
"Bowie, David",Best Of Bowie,CD / DVD,Yes,Virgin / EMI,2435 9 5692 0 8,2003,Germany,NTSC,No,https://www.discogs.com/release/932972-Bowie-Best-Of-Bowie, $8.26 ,932972,,932972
"Bowie, David",Best Of Dallas '78: Isolar II World Tour,"12"" Vinyl",Yes,Protus,PRPD3008,2020,UK,Unofficial Release - Picture Disc,Yes,https://www.discogs.com/release/15592921-David-Bowie-Best-Of-Dallas-78-Isolar-II-World-Tour, $25.00 ,15592921,,15592921
"Bowie, David",Best Of Los Angeles 1974,"12"" Vinyl",Yes,Protus,PRPD3007,2020,UK,Unofficial Release - Picture Disc,Yes,https://www.discogs.com/release/15042867-David-Bowie-Best-Of-Los-Angeles-1974, $25.00 ,15042867,,15042867
"Bowie, David",Best Of Montreal '87,"12"" Vinyl",Yes,Protus,PRPD3002,2020,UK,Unofficial Release - Picture Disc,Yes,https://www.discogs.com/release/14701657-David-Bowie-Best-Of-Montreal-87, $24.00 ,14701657,,14701657
"Bowie, David",Best Of Seven Months In America,"12"" Vinyl",Yes,Cult Legends,CL72753,2018,UK,Unofficial Release - 180 grams edition,Yes,https://www.discogs.com/release/11618375-David-Bowie-Best-Of-Seven-Months-In-America, $30.00 ,11618375,,11618375
"Bowie, David",Birthday Celebration (Live In NYC),"12"" Vinyl",Yes,Vinyl Passion,VP 80501,2012,USA,Unofficial Release,No,https://www.discogs.com/release/3954798-David-Bowie-Friends-Birthday-Celebration-Live-In-NYC, $50.00 ,3954798,,3954798
"Bowie, David",Black Tie White Noise,CD,Yes,Savage Records,74785-50212-2,1993,EU,,No,https://www.discogs.com/release/86141-David-Bowie-Black-Tie-White-Noise, $4.00 ,86141,,86141
"Bowie, David",Black Tie White Noise,CD,Yes,Savage Records,74785-50212-2,1993,EU,,No,https://www.discogs.com/release/86141-David-Bowie-Black-Tie-White-Noise, $4.00 ,86141,,86141
"Bowie, David",Black Tie White Noise,CD,Yes,Savage Records,74785-50212-2,1993,EU,,No,https://www.discogs.com/release/86141-David-Bowie-Black-Tie-White-Noise, $4.00 ,86141,,86141
"Bowie, David",Black Tie White Noise,Cassette,Yes,Savage Records,74785-50212-4,1993,EU,,No,https://www.discogs.com/release/1974725-David-Bowie-Black-Tie-White-Noise, $4.99 ,1974725,,1974725
"Bowie, David",Black Tie White Noise,Cassette,Yes,Savage Records,74785 50046 4,1993,France,Cassette Single,No,https://www.discogs.com/release/3583722-David-Bowie-Featuring-Al-B-Sure-Black-Tie-White-Noise, $7.75 ,3583722,,3583722
"Bowie, David",Black Tie White Noise,"12"" Vinyl",Yes,Arista / BMG International / Savage Records,74321 148681,1993,Netherlands,Stock Copy,No,https://www.discogs.com/release/1015298-David-Bowie-Black-Tie-White-Noise, $12.05 ,1015298,,1015298
"Bowie, David",Black Tie White Noise,"12"" Vinyl",Yes,Arista,BLACK 1,1993,UK,Promo,No,https://www.discogs.com/release/1053747-David-Bowie-Black-Tie-White-Noise, $15.44 ,1053747,,1053747
"Bowie, David",Black Tie White Noise,"7"" Vinyl",Yes,Arista / Savage Records,74321 148687,1993,UK,Silver Injection Labels,No,https://www.discogs.com/release/5982377-David-Bowie-Black-Tie-White-Noise, $15.97 ,5982377,,5982377
"Bowie, David",Black Tie White Noise,CD,Yes,Savage Records,74785-50045-2,1993,UK,Maxi-Single,No,https://www.discogs.com/release/1053655-David-Bowie-Black-Tie-White-Noise, $16.46 ,1053655,,1053655
"Bowie, David",Black Tie White Noise,CD,Yes,Savage Records,74785-50045-2,1993,UK,Maxi-Single,Yes,https://www.discogs.com/release/1053655-David-Bowie-Black-Tie-White-Noise, $16.46 ,1053655,,1053655
"Bowie, David",Black Tie White Noise,"12"" Vinyl",Yes,Savage Records / Arista,74321 13697 1,1993,USA,Stock Copy,No,https://www.discogs.com/release/1348247-David-Bowie-Black-Tie-White-Noise, $74.82 ,1348247,,1348247
"Bowie, David",Black Tie White Noise,CD / DVD,Yes,Virgin / EMI,72435 90967-0-4,2003,USA,Limited Edition,No,https://www.discogs.com/release/1056956-David-Bowie-Black-Tie-White-Noise, $40.00 ,1056956,,1056956
"Bowie, David",Blackstar,CD,Yes,ISO Records / Columbia,88875173862,2016,France,,Yes,https://www.discogs.com/release/7949394-David-Bowie--Blackstar, $7.38 ,7949394,,7949394
"Bowie, David",Blackstar,CD,Yes,ISO Records / Columbia,88875173862,2016,France,,Yes,https://www.discogs.com/release/7949394-David-Bowie--Blackstar, $7.38 ,7949394,,7949394
"Bowie, David",Blackstar,"12"" Vinyl",Yes,Columbia / ISO Records,88875173871,2016,USA,Original Pressing - Black Vinyl Edition,Yes,https://www.discogs.com/release/7954216-David-Bowie--Blackstar, $40.95 ,7954216,,7954216
"Bowie, David",Blackstar,"12"" Vinyl",Yes,Columbia / ISO Records,88875173871,2016,USA,Original Pressing - Black Vinyl Edition,No,https://www.discogs.com/release/7954216-David-Bowie--Blackstar, $40.95 ,7954216,,7954216
"Bowie, David",Blackstar,"12"" Vinyl",Yes,Columbia / ISO Records,88875173871,2016,USA,Original Pressing - Clear Vinyl,No,https://www.discogs.com/release/7954685-David-Bowie--Blackstar, $180.00 ,7954685,,7954685
"Bowie, David",Blackstar,"12"" Vinyl",Yes,Sony Records Int'l,SIJ7 1,2017,USA,David Bowie Is - Red Vinyl,Yes,https://www.discogs.com/release/9657253-David-Bowie--Blackstar, $122.50 ,9657253,,9657253
"Bowie, David",Blue Jean,"7"" Vinyl",Yes,EMI America,B-8231,1984,EU,,No,https://www.discogs.com/release/2822309-David-Bowie-Blue-Jean, $2.11 ,2822309,,2822309
"Bowie, David",Blue Jean,"7"" Vinyl",Yes,EMI America,B-8231,1984,EU,Stock Copy,No,https://www.discogs.com/release/2822309-David-Bowie-Blue-Jean, $2.11 ,2822309,,2822309
"Bowie, David",Blue Jean,"7"" Vinyl",No,EMI America,1A 006-20 0322 7,1984,EU,,No,https://www.discogs.com/release/626760-David-Bowie-Blue-Jean, $2.11 ,626760,,626760
"Bowie, David",Blue Jean,"7"" Vinyl",Yes,EMI America,B-8231,1984,EU,Black Vinyl,No,https://www.discogs.com/release/13573376-David-Bowie-Blue-Jean, $2.49 ,13573376,,13573376
"Bowie, David",Blue Jean,"7"" Vinyl",Yes,EMI America,EA 181,1984,EU,Stock Copy - Paper Labels,No,https://www.discogs.com/release/4357140-David-Bowie-Blue-Jean, $2.53 ,4357140,,4357140
"Bowie, David",Blue Jean,"7"" Vinyl",Yes,EMI America,EA 181,1984,EU,Stock Copy - Paper Labels,No,https://www.discogs.com/release/4357140-David-Bowie-Blue-Jean, $2.53 ,4357140,,4357140
"Bowie, David",Blue Jean,"7"" Vinyl",N/A,EMI America,AMI-1345,1984,EU,Was issued in a company sleeve,No,https://www.discogs.com/release/2090382-David-Bowie-Blue-Jean, $3.82 ,2090382,,2090382
"Bowie, David",Blue Jean,"7"" Vinyl",Yes,EMI America,AMI-1345,1984,EU,Stock Copy,No,https://www.discogs.com/release/2090382-David-Bowie-Blue-Jean, $3.82 ,2090382,,2090382
"Bowie, David",Blue Jean,"12"" Vinyl",Yes,EMI America,V-7838-1/2,1984,EU,Stock Copy,No,https://www.discogs.com/release/916488-David-Bowie-Blue-Jean, $4.00 ,916488,,916488
"Bowie, David",Blue Jean,"12"" Vinyl",Yes,EMI America,V-7838-1/2,1984,EU,Stock Copy,No,https://www.discogs.com/release/916488-David-Bowie-Blue-Jean, $4.00 ,916488,,916488
"Bowie, David",Blue Jean,"12"" Vinyl",Yes,EMI America,V-7838-1/2,1984,EU,Stock Copy,No,https://www.discogs.com/release/916488-David-Bowie-Blue-Jean, $4.00 ,916488,,916488
"Bowie, David",Blue Jean,"7"" Vinyl",Yes,EMI America,SEMIA 89050,1984,EU,Stock Copy,No,https://www.discogs.com/release/1904349-David-Bowie-Blue-Jean, $4.75 ,1904349,,1904349
"Bowie, David",Blue Jean,"7"" Vinyl",Yes,EMI America,P-B-8231,1984,France,Blue Vinyl,No,https://www.discogs.com/release/5588848-David-Bowie-Blue-Jean, $6.97 ,5588848,,5588848
"Bowie, David",Blue Jean,"7"" Vinyl",Yes,EMI America,P-B-8231,1984,France,Blue Vinyl,No,https://www.discogs.com/release/5588848-David-Bowie-Blue-Jean, $6.97 ,5588848,,5588848
"Bowie, David",Blue Jean,"7"" Vinyl",Yes,EMI America,P-B-8231,1984,France,Blue Vinyl,No,https://www.discogs.com/release/5588848-David-Bowie-Blue-Jean, $6.97 ,5588848,,5588848
"Bowie, David",Blue Jean,"7"" Vinyl",N/A,EMI America,F 8231,1984,France,,No,https://www.discogs.com/release/5261622-David-Bowie-Blue-Jean, $7.68 ,5261622,,5261622
"Bowie, David",Blue Jean,"7"" Vinyl",Yes,EMI America,EA 181,1984,Japan,Solid Centre,No,https://www.discogs.com/release/8971750-David-Bowie-Blue-Jean, $10.76 ,8971750,,8971750
"Bowie, David",Blue Jean,"7"" Vinyl",Yes,EMI America,EYS-17476,1984,Netherlands,Stock Copy,No,https://www.discogs.com/release/13647492-David-Bowie-デビッドボウイ-Blue-Jean-ブルージーン, $11.44 ,13647492,,13647492
"Bowie, David",Blue Jean,"7"" Vinyl",N/A,EMI America,01.36.2328,1984,South Africa,,No,https://www.discogs.com/release/3941218-David-Bowie-Blue-Jean, $13.68 ,3941218,,3941218
"Bowie, David",Blue Jean,"7"" Vinyl",Yes,EMI America,AMIJ 540,1984,UK,,No,https://www.discogs.com/release/8305771-David-Bowie-Blue-Jean, $21.05 ,8305771,,8305771
"Bowie, David",Blue Jean,"7"" Vinyl",Yes,EMI America,006-2003227,1984,UK,Stock Copy,No,https://www.discogs.com/release/7815661-David-Bowie-Blue-Jean, $21.07 ,7815661,,7815661
"Bowie, David",Blue Jean,"7"" Vinyl",N/A,EMI America,8842,1984,UK,Stock Copy,No,https://www.discogs.com/release/8965011-David-Bowie-Mezclilla-Blue-Jean, $30.00 ,8965011,,8965011
"Bowie, David",Blue Jean,"7"" Vinyl",N/A,EMI America,EMA-181-035,1984,UK,Stock Copy - writing on label,No,https://www.discogs.com/release/8107263-David-Bowie-Blue-Jean, $30.00 ,8107263,,8107263
"Bowie, David",Blue Jean,"7"" Vinyl",N/A,EMI,1872 A,1984,USA,Promo,No,https://www.discogs.com/release/11324782-David-Bowie-Blue-Jean, $40.00 ,11324782,,11324782
"Bowie, David",Blue Jean (Extended Dance Mix),"12"" Vinyl",Yes,EMI America,12EA 181,1984,EU,Stock Copy,No,https://www.discogs.com/release/241685-David-Bowie-Blue-Jean-Extended-Dance-Mix, $4.43 ,241685,,241685
"Bowie, David",Bowie,"12"" Vinyl",Yes,London Records,L20P 1053,1982,UK,With OBI,No,https://www.discogs.com/release/4560793-David-Bowie-Bowie, $23.16 ,4560793,,4560793
"Bowie, David",Bowie 1965!,"7"" Vinyl",Yes,Parlophone,GEP 8968,2013,UK,"Limited edition of 1,000 copies",Yes,https://www.discogs.com/release/4491526-David-Bowie-Bowie-1965, $24.97 ,4491526,,4491526
"Bowie, David",Bowie At The Beeb,CD,Yes,Virgin / BBC,7243 5 28958 2 3,2000,Spain,Limited Edition ,No,https://www.discogs.com/release/1327673-David-Bowie-Bowie-At-The-Beeb, $15.00 ,1327673,,1327673
"Bowie, David",Bowie At The Beeb,CD,Yes,Virgin / BBC,7243 5 28958 2 3,2000,Spain,Limited Edition ,No,https://www.discogs.com/release/1327673-David-Bowie-Bowie-At-The-Beeb, $15.00 ,1327673,,1327673
"Bowie, David",Bowie Does Reed,"7"" Vinyl",Yes,Major Tom,6052-204,1983,UK,Unofficial Release,No,https://www.discogs.com/release/2043433-The-Hype-Bowie-Does-Reed, $30.00 ,2043433,,2043433
"Bowie, David",Bowie Now,"12"" Vinyl",Yes,Parlophone,DBNOW 77,2018,UK,Record Store Day - White Vinyl,Yes,https://www.discogs.com/release/11882289-David-Bowie-Bowie-Now, $16.26 ,11882289,,11882289
"Bowie, David",Bowie Now,"12"" Vinyl",Yes,Parlophone,DBNOW 77,2018,UK,Record Store Day - White Vinyl,Yes,https://www.discogs.com/release/11882289-David-Bowie-Bowie-Now, $16.26 ,11882289,,11882289
"Bowie, David",Bowie Now,"12"" Vinyl",Yes,Parlophone,DBNOW 77,2018,UK,Record Store Day - White Vinyl,No,https://www.discogs.com/release/11882289-David-Bowie-Bowie-Now, $16.26 ,11882289,,11882289
"Bowie, David",Bowie Now,"12"" Vinyl",Yes,RCA,DJL1-2697,1978,USA,Promo,No,https://www.discogs.com/release/2969772-David-Bowie-Bowie-Now, $35.00 ,2969772,,2969772
"Bowie, David",Boys Keep Swinging,"7"" Vinyl",N/A,RCA Victor,BOW 2,1979,EU,Stock Copy - push out center intact,No,https://www.discogs.com/release/6139546-David-Bowie-Boys-Keep-Swinging, $3.32 ,6139546,,6139546
"Bowie, David",Boys Keep Swinging,"7"" Vinyl",Yes,RCA Victor,PB-1585,1979,EU,,No,https://www.discogs.com/release/1114399-David-Bowie-Boys-Keep-Swinging, $4.21 ,1114399,,1114399
"Bowie, David",Boys Keep Swinging,"7"" Vinyl",Yes,RCA Victor,BOW 2,1979,EU,Stock Copy - push out center intact,No,https://www.discogs.com/release/700893-David-Bowie-Boys-Keep-Swinging, $5.02 ,700893,,700893
"Bowie, David",Boys Keep Swinging,"7"" Vinyl",Yes,RCA Victor,PB 1585,1979,Germany,,No,https://www.discogs.com/release/801851-David-Bowie-Boys-Keep-Swinging, $8.16 ,801851,,801851
"Bowie, David",Boys Keep Swinging,"7"" Vinyl",N/A,Parlophone,DBBOYS 40,2019,Germany,Picture Disc,Yes,https://www.discogs.com/release/13632876-David-Bowie-Boys-Keep-Swinging, $8.76 ,13632876,,13632876
"Bowie, David",Boys Keep Swinging,"7"" Vinyl",N/A,Parlophone,DBBOYS 40,2019,Germany,Picture Disc,No,https://www.discogs.com/release/13632876-David-Bowie-Boys-Keep-Swinging, $8.76 ,13632876,,13632876
"Bowie, David",Boys Keep Swinging,"7"" Vinyl",N/A,RCA Victor,PB-11585,1979,Italy,Stock Copy,No,https://www.discogs.com/release/2955177-David-Bowie-Boys-Keep-Swinging, $10.00 ,2955177,,2955177
"Bowie, David",Boys Keep Swinging,"7"" Vinyl",Yes,RCA Victor,PB 1585,1979,Japan,Stock Copy,No,https://www.discogs.com/release/2154180-David-Bowie-Boys-Keep-Swinging-Fantastic-Voyage, $10.52 ,2154180,,2154180
"Bowie, David",Boys Keep Swinging,"7"" Vinyl",Yes,RCA Victor,PB 1585,1979,Japan,,No,https://www.discogs.com/release/2147413-David-Bowie-Boys-Keep-Swinging, $10.53 ,2147413,,2147413
"Bowie, David",Boys Keep Swinging,"7"" Vinyl",Yes,RCA Victor,PB 1585,1979,Japan,,No,https://www.discogs.com/release/2147413-David-Bowie-Boys-Keep-Swinging, $10.53 ,2147413,,2147413
"Bowie, David",Boys Keep Swinging,"7"" Vinyl",Yes,RCA Victor,PB-1585,1979,Rhodesia,Front cover is slightly damaged,No,https://www.discogs.com/release/4652513-David-Bowie-Boys-Keep-Swinging, $13.17 ,4652513,,4652513
"Bowie, David",Boys Keep Swinging,"7"" Vinyl",N/A,RCA Victor,103371,1979,South Africa,Stock Copy,No,https://www.discogs.com/release/4265072-David-Bowie-Boys-Keep-Swinging, $13.57 ,4265072,,4265072
"Bowie, David",Boys Keep Swinging,"7"" Vinyl",Yes,RCA,SS-3215,1979,USA,,No,https://www.discogs.com/release/1506690-David-Bowie-Boys-Keep-Swinging-ボーイズキープスインギング, $39.97 ,1506690,,1506690
"Bowie, David",Boys Keep Swinging,"7"" Vinyl",Yes,RCA Victor,PB-1585,1979,USA,,No,https://www.discogs.com/release/6655264-David-Bowie-Boys-Keep-Swinging, $63.29 ,6655264,,6655264
"Bowie, David",Boys Keep Swinging,"7"" Vinyl",Yes,RCA,None,1979,USA,Promo - Picture Disc,No,https://www.discogs.com/release/4265065-David-Bowie-Boys-Keep-Swinging, $130.79 ,4265065,,4265065
"Bowie, David",Brazil 90,"12"" Vinyl",Yes,Roxborough Music Broadcasts,ROXMB034,2018,UK,Unofficial Release - limited to 500 copies,No,https://www.discogs.com/release/12367748-David-Bowie-Brazil-90, $27.22 ,12367748,,12367748
"Bowie, David",Breaking Glass,"7"" Vinyl",Yes,RCA Victor,BOW 1,1978,EU,Stock Copy - push out center intact,No,https://www.discogs.com/release/423020-David-Bowie-Breaking-Glass, $4.36 ,423020,,423020
"Bowie, David",Breaking Glass,"7"" Vinyl",Yes,RCA Victor,BOW 1,1978,EU,Stock Copy - push out center intact,No,https://www.discogs.com/release/423020-David-Bowie-Breaking-Glass, $4.36 ,423020,,423020
"Bowie, David",Breaking Glass,"7"" Vinyl",Yes,RCA Victor,BOW 1,1978,EU,Stock Copy - push out center intact,No,https://www.discogs.com/release/423020-David-Bowie-Breaking-Glass, $4.36 ,423020,,423020
"Bowie, David",Breaking Glass,"7"" Vinyl",Yes,RCA,BOW 520,1983,Germany,Lifetimes The Singles: Push Out Center Intact,No,https://www.discogs.com/release/2386535-David-Bowie-Breaking-Glass, $8.70 ,2386535,,2386535
"Bowie, David",Breaking Glass,"7"" Vinyl",Yes,RCA,BOW 520,1983,Germany,Lifetimes The Singles: Push Out Center Intact,No,https://www.discogs.com/release/2386535-David-Bowie-Breaking-Glass, $8.70 ,2386535,,2386535
"Bowie, David",Breaking Glass,"7"" Vinyl",Yes,RCA Victor,PB 9337,1978,Japan,,No,https://www.discogs.com/release/3260885-David-Bowie-Breaking-Glass, $10.53 ,3260885,,3260885
"Bowie, David",Breaking Glass,"7"" Vinyl",N/A,Parlophone,DBBG 40,2018,Japan,Picture Disc,Yes,https://www.discogs.com/release/12796054-David-Bowie-Breaking-Glass-Live-EP, $10.52 ,12796054,,12796054
"Bowie, David",Breaking Glass,"7"" Vinyl",N/A,Parlophone,DBBG 40,2018,Japan,Picture Disc,Yes,https://www.discogs.com/release/12796054-David-Bowie-Breaking-Glass-Live-EP, $10.52 ,12796054,,12796054
"Bowie, David",Breaking Glass,"7"" Vinyl",N/A,Parlophone,DBBG 40,2018,Japan,Picture Disc,Yes,https://www.discogs.com/release/12796054-David-Bowie-Breaking-Glass-Live-EP, $10.52 ,12796054,,12796054
"Bowie, David",Breaking Glass,"7"" Vinyl",N/A,Parlophone,DBBG 40,2018,Japan,Picture Disc,Yes,https://www.discogs.com/release/12796054-David-Bowie-Breaking-Glass-Live-EP, $10.52 ,12796054,,12796054
"Bowie, David",Breaking Glass,"7"" Vinyl",Yes,RCA Victor,BOW 1,1978,UK,Promo,No,https://www.discogs.com/release/4687587-David-Bowie-Breaking-Glass, $18.00 ,4687587,,4687587
"Bowie, David",Breaking Glass,"7"" Vinyl",Yes,RCA Victor,PB 9337,1978,UK,,No,https://www.discogs.com/release/3345745-David-Bowie-Breaking-Glass-Art-Decade-Ziggy-Stardust, $22.08 ,3345745,,3345745
"Bowie, David",Breaking Glass,"7"" Vinyl",Yes,RCA Victor,PB-9337,1978,UK,Blue Vinyl,No,https://www.discogs.com/release/2078650-David-Bowie-Breaking-Glass, $23.71 ,2078650,,2078650
"Bowie, David",Breaking Glass,"7"" Vinyl",N/A,RCA Victor,103295,1978,USA,Stock Copy,No,https://www.discogs.com/release/8417623-David-Bowie-Breaking-Glass-Art-Decade, $318.41 ,8417623,,8417623
"Bowie, David",Breaking Glass / Art Decade / Ziggy Stardust,"7"" Vinyl",Yes,RCA Victor,PB-9337,1978,UK,Stock Copy,No,https://www.discogs.com/release/3408261-David-Bowie-Stage-Breaking-Glass-Art-Decade-Ziggy-Stardust, $18.95 ,3408261,,3408261
"Bowie, David",Breaking Glass / Art Decade / Ziggy Stardust,"7"" Vinyl",Yes,RCA Victor,PB-9337,1978,UK,Stock Copy,No,https://www.discogs.com/release/3408261-David-Bowie-Stage-Breaking-Glass-Art-Decade-Ziggy-Stardust, $18.95 ,3408261,,3408261
"Bowie, David",Brilliant Adventure (1992 - 2001),CD,Yes,Parlophone,DBX 5,2021,USA,Box Set,Yes,https://www.discogs.com/release/21136201-David-Bowie-Brilliant-Adventure-1992-2001, $73.64 ,21136201,,21136201
"Bowie, David",Brilliant Adventure (1992 - 2001),"12"" Vinyl",Yes,Parlophone,DBXL 5,2021,USA,Box Set,No,https://www.discogs.com/release/21131182-David-Bowie-Brilliant-Adventure-1992-2001, $154.11 ,21131182,,21131182
"Bowie, David",Brilliant Adventure EP,"12"" Vinyl",Yes,ISO Records / Parlophone,DBBARSD 2022,2022,Ireland,Record Store Day,No,https://www.discogs.com/release/22977176-David-Bowie-Brilliant-Adventure-EP, $9.90 ,22977176,,22977176
"Bowie, David",Brilliant Adventure EP,"12"" Vinyl",Yes,ISO Records / Parlophone,DBBARSD 2022,2022,Ireland,Record Store Day,Yes,https://www.discogs.com/release/22977176-David-Bowie-Brilliant-Adventure-EP, $9.90 ,22977176,,22977176
"Bowie, David",Brilliant Adventure EP,CD,Yes,ISO Records / Parlophone,DBBARSD 2022,2022,Portugal,Record Store Day,Yes,https://www.discogs.com/release/22977494-David-Bowie-Brilliant-Adventure-EP, $12.99 ,22977494,,22977494
"Bowie, David",Brilliant Adventure EP,CD,Yes,ISO Records / Parlophone,DBBARSD 2022,2022,Portugal,Record Store Day,Yes,https://www.discogs.com/release/22977494-David-Bowie-Brilliant-Adventure-EP, $12.99 ,22977494,,22977494
"Bowie, David",Brilliant Adventure EP,CD,Yes,ISO Records / Parlophone,DBBARSD 2022,2022,Portugal,Record Store Day,No,https://www.discogs.com/release/22977494-David-Bowie-Brilliant-Adventure-EP, $12.99 ,22977494,,22977494
"Bowie, David",Bump And Grind,"12"" Vinyl",Yes,Aftermath,9,1977,USA,Unofficial Release,No,https://www.discogs.com/release/8560192-David-Bowie-Bump-And-Grind-, $75.00 ,8560192,,8560192
"Bowie, David",Can't Help Thinking About Me,"7"" Vinyl",N/A,Warner Bros. Records,5815,1966,USA,Promo,No,https://www.discogs.com/release/2892618-David-Bowie-With-The-Lower-Third-Cant-Help-Thinking-About-Me, $213.92 ,2892618,,2892618
"Bowie, David",Can't Help Thinking About Me,"7"" Vinyl",N/A,Pye Records,7N.17020,1966,USA,Stock Copy - push out center intact,No,https://www.discogs.com/release/5179055-David-Bowie-With-The-Lower-Third-Cant-Help-Thinking-About-Me, $900.00 ,5179055,,5179055
"Bowie, David",Can't Help Thinking About Me,"7"" Vinyl",N/A,Warner Bros. Records,5815,1966,USA,Stock Copy,No,https://www.discogs.com/release/9730323-David-Bowie-With-The-Lower-Third-Cant-Help-Thinking-About-Me," $1,705.00 ",9730323,,9730323
"Bowie, David",Can't Help Thinking About Me,"7"" Vinyl",N/A,Pye Records,7N 8002,1972,USA,Reissue - first time issued in Canada,No,https://www.discogs.com/release/9183971-David-Bowie-And-The-Lower-Third-David-Bowie-Cant-Help-Thinking-About-Me-Do-Anything-You-Say, $157.89 ,9183971,,9183971
"Bowie, David",Can't Help Thinking About Me,"7"" Vinyl",Yes,Pye Records,UP-408-Y,1972,USA,Stock Copy,No,https://www.discogs.com/release/508509-デビッドボウイー-David-Bowie-考察への陶酔-Cant-Help-Thinking-About-Me," $1,500.00 ",508509,,508509
"Bowie, David",Can't Help Thinking About Me,"7"" Vinyl",Yes,Pye Records,11603-A,1973,USA,,No,https://www.discogs.com/release/4752863-David-Bowie-And-The-Lower-Third-David-Bowie-Cant-Help-Thinking-About-Me-I-Dig-Everything, $103.63 ,4752863,,4752863
"Bowie, David",Cat People,"7"" Vinyl",Yes,Warner Bros. Records,W818,2009,UK,Inglourious Basterd Soundtrack,No,https://www.discogs.com/release/1981741-David-Bowie-Nick-Perito-Cat-People-The-Green-Leaves-Of-Summer, $27.16 ,1981741,,1981741
"Bowie, David",Cat People (Putting Out Fire),"7"" Vinyl",Yes,Backstreet Records,BSR-52024,1982,EU,Stock Copy,No,https://www.discogs.com/release/849286-David-Bowie-Music-By-Giorgio-Moroder-Cat-People-Putting-Out-Fire-From-The-Original-Soundtrack, $2.87 ,849286,,849286
"Bowie, David",Cat People (Putting Out Fire),"7"" Vinyl",Yes,Backstreet Records,BSR-52024,1982,EU,Stock Copy,No,https://www.discogs.com/release/849286-David-Bowie-Music-By-Giorgio-Moroder-Cat-People-Putting-Out-Fire-From-The-Original-Soundtrack, $2.87 ,849286,,849286
"Bowie, David",Cat People (Putting Out Fire),"7"" Vinyl",No,Backstreet Records,BSR-52024,1982,EU,Stock Copy,No,https://www.discogs.com/release/849286-David-Bowie-Music-By-Giorgio-Moroder-Cat-People-Putting-Out-Fire-From-The-Original-Soundtrack, $2.87 ,849286,,849286
"Bowie, David",Cat People (Putting Out Fire),"7"" Vinyl",Yes,MCA Records,6198 599,1982,France,Stock Copy,No,https://www.discogs.com/release/12298442-David-Bowie-Music-By-Giorgio-Moroder-Cat-People-Putting-Out-Fire-Da-Trilha-Sonora-Original-Do-Filme-, $6.62 ,12298442,,12298442
"Bowie, David",Cat People (Putting Out Fire),"12"" Vinyl",N/A,Backstreet Records,L33-1759,1982,Germany,Promo - white label,No,https://www.discogs.com/release/1923255-David-Bowie-Cat-People-Putting-Out-Fire, $8.00 ,1923255,,1923255
"Bowie, David",Cat People (Putting Out Fire),"12"" Vinyl",Yes,MCA Records,MCAT 770,1982,New Zealand,,No,https://www.discogs.com/release/571309-David-Bowie-Music-By-Giorgio-Moroder-Cat-People-Putting-Out-Fire-From-The-Original-Soundtrack, $12.17 ,571309,,571309
"Bowie, David",Cat People (Putting Out Fire),"12"" Vinyl",No,MCA Records,MCAT 770,1982,New Zealand,,No,https://www.discogs.com/release/571309-David-Bowie-Music-By-Giorgio-Moroder-Cat-People-Putting-Out-Fire-From-The-Original-Soundtrack, $12.17 ,571309,,571309
"Bowie, David",Cat People (Putting Out Fire),"12"" Vinyl",No,MCA Records,MCAT 770,1982,New Zealand,Copy is in NM condition,No,https://www.discogs.com/release/571309-David-Bowie-Music-By-Giorgio-Moroder-Cat-People-Putting-Out-Fire-From-The-Original-Soundtrack, $12.17 ,571309,,571309
"Bowie, David",Cat People (Putting Out Fire),"7"" Vinyl",N/A,Backstreet Records,MC-12805 E,1982,USA,Promo - Picture Disk - Second Version,No,https://www.discogs.com/release/3469435-David-Bowie-Cat-People-Putting-Out-Fire, $107.63 ,3469435,,3469435
"Bowie, David",Chameleon,"12"" Vinyl",Yes,Starcall Records,STAR 101,1979,UK,,No,https://www.discogs.com/release/911730-Bowie-Chameleon, $18.77 ,911730,,911730
"Bowie, David",Changes,"7"" Vinyl",N/A,RCA Victor,74-0605,1974,EU,Stock Copy - Grey Label,No,https://www.discogs.com/release/926389-David-Bowie-Changes, $4.79 ,926389,,926389
"Bowie, David",Changes,"7"" Vinyl",N/A,RCA Victor,74-0605,1974,EU,Stock Copy - Grey Label,No,https://www.discogs.com/release/926389-David-Bowie-Changes, $4.79 ,926389,,926389
"Bowie, David",Changes,"7"" Vinyl",N/A,RCA,GB-10468,1977,EU,Gold Standard Series - Black Label,No,https://www.discogs.com/release/2271694-David-Bowie-Changes, $5.00 ,2271694,,2271694
"Bowie, David",Changes,"7"" Vinyl",N/A,RCA Victor,74-0605,1973,Germany,Reissue,No,https://www.discogs.com/release/13771731-David-Bowie-Changes, $8.30 ,13771731,,13771731
"Bowie, David",Changes,"7"" Vinyl",N/A,RCA Victor,74-0605,1974,Germany,Stock Copy,No,https://www.discogs.com/release/13771731-David-Bowie-Changes, $8.30 ,13771731,,13771731
"Bowie, David",Changes,"7"" Vinyl",N/A,RCA,74-0605,1972,Italy,Promo,No,https://www.discogs.com/release/2688388-David-Bowie-Changes, $10.00 ,2688388,,2688388
"Bowie, David",Changes,"7"" Vinyl",N/A,RCA Victor,74-0605,1972,Italy,Stock Copy,No,https://www.discogs.com/release/2688352-David-Bowie-Changes, $10.00 ,2688352,,2688352
"Bowie, David",Changes,"7"" Vinyl",N/A,RCA Victor,GB-10468,1976,Spain,Golden Greats,No,https://www.discogs.com/release/4732878-David-Bowie-Changes, $14.99 ,4732878,,4732878
"Bowie, David",Changes,"7"" Vinyl",N/A,RCA Victor,RCA 2160,1972,UK,Push-out center intact,No,https://www.discogs.com/release/3786682-David-Bowie-Changes, $25.31 ,3786682,,3786682
"Bowie, David",Changes,"7"" Vinyl",N/A,RCA Victor,RCA 2160,1972,UK,Push-out center intact,No,https://www.discogs.com/release/3786682-David-Bowie-Changes, $25.31 ,3786682,,3786682
"Bowie, David",Changes,"7"" Vinyl",N/A,RCA Victor,GB-10468,1975,UK,Gold Standard Series - Red Label,No,https://www.discogs.com/release/6655388-David-Bowie-Changes, $17.00 ,6655388,,6655388
"Bowie, David",Changes,"7"" Vinyl",N/A,Parlophone,DBRSD2015,2015,UK,"Picture Disc - Limited Edition of 15,000 copies",Yes,https://www.discogs.com/release/6814538-David-Bowie-Changes, $18.98 ,6814538,,6814538
"Bowie, David",Changes,"7"" Vinyl",N/A,Parlophone,DBRSD2015,2015,UK,"Picture Disc - Limited Edition of 15,000 copies",Yes,https://www.discogs.com/release/6814538-David-Bowie-Changes, $18.98 ,6814538,,6814538
"Bowie, David",Changes,"7"" Vinyl",N/A,Parlophone,DBRSD2015,2015,UK,"Picture Disc - Limited Edition of 15,000 copies",Yes,https://www.discogs.com/release/6814538-David-Bowie-Changes, $18.98 ,6814538,,6814538
"Bowie, David",Changes,"7"" Vinyl",N/A,Parlophone,DBRSD2015,2015,UK,"Picture Disc - Limited Edition of 15,000 copies",Yes,https://www.discogs.com/release/6814538-David-Bowie-Changes, $18.98 ,6814538,,6814538
"Bowie, David",Changes,"7"" Vinyl",Yes,RCA Victor,74-0605,1972,USA,,No,https://www.discogs.com/release/2077618-David-Bowie-Changes, $104.16 ,2077618,,2077618
"Bowie, David",Changes,"7"" Vinyl",Yes,RCA Victor,49861,1972,USA,,No,https://www.discogs.com/release/3253450-David-Bowie-Changes, $177.89 ,3253450,,3253450
"Bowie, David",Changes,"7"" Vinyl",Yes,RCA,SS-2184,1972,USA,Promo Copy - Propeller Centre,No,https://www.discogs.com/release/29998300-デビッドボウイ-チェンジス-Changes," $2,500.00 ",29998300,,29998300
"Bowie, David",Changes,"7"" Vinyl",N/A,RCA Victor,74-0605,1974,USA,Promo,No,https://www.discogs.com/release/13310427-David-Bowie-Changes, $42.25 ,13310427,,13310427
"Bowie, David",CHANGESBOWIE,CD,Yes,Rykodisc,RCD 20171,1990,EU,Sound + Vision,No,https://www.discogs.com/release/5940763-David-Bowie-ChangesBowie, $2.00 ,5940763,,5940763
"Bowie, David",CHANGESBOWIE,CD,Yes,Rykodisc,RCD 20171,1990,EU,Sound + Vision,No,https://www.discogs.com/release/5940763-David-Bowie-ChangesBowie, $2.00 ,5940763,,5940763
"Bowie, David",CHANGESBOWIE,CD,Yes,EMI,0777 7 94180 2 2,1990,EU,Compilation,No,https://www.discogs.com/release/1727555-David-Bowie-ChangesBowie, $2.05 ,1727555,,1727555
"Bowie, David",CHANGESBOWIE,Cassette,Yes,Ryko Analogue,RACS 0171-2,1990,EU,Compilation,Yes,https://www.discogs.com/release/2021078-David-Bowie-Changesbowie, $5.00 ,2021078,,2021078
"Bowie, David",CHANGESBOWIE,Cassette,Yes,Ryko Analogue,RACS 0171-2,1990,EU,Compilation,No,https://www.discogs.com/release/2021078-David-Bowie-Changesbowie, $5.00 ,2021078,,2021078
"Bowie, David",CHANGESBOWIE,"12"" Vinyl",Yes,Ryko Analogue,RALP 0171-2,1990,USA,Clear Vinyl,Yes,https://www.discogs.com/release/975189-David-Bowie-Changesbowie, $45.60 ,975189,,975189
"Bowie, David",CHANGESBOWIE,"12"" Vinyl",Yes,Ryko Analogue,RALP 0171-2,1990,USA,Clear Vinyl Edition - No OBI,No,https://www.discogs.com/release/975189-David-Bowie-Changesbowie, $45.60 ,975189,,975189
"Bowie, David",CHANGESBOWIE,"12"" Vinyl",Yes,Ryko Analogue,RALP 0171-2,1990,USA,Clear Vinyl Edition - No OBI,No,https://www.discogs.com/release/975189-David-Bowie-Changesbowie, $45.60 ,975189,,975189
"Bowie, David",CHANGESBOWIE,"12"" Vinyl",Yes,Ryko Analogue,RALP 0171-2,1990,USA,Clear Vinyl Edition - With OBI,No,https://www.discogs.com/release/975189-David-Bowie-Changesbowie, $45.60 ,975189,,975189
"Bowie, David",CHANGESBOWIE,CD / Cassette,Yes,Rykodisc,RCD 20171,1990,USA,CD-Rak Set,Yes,https://www.discogs.com/release/6919833-David-Bowie-Changesbowie, $50.00 ,6919833,,6919833
"Bowie, David",CHANGESNOWBOWIE,CD,Yes,Parlophone / ISO Records,CNBCD 2020,2020,UK,"Record Store Day - Limited Edition of 2,000 Copies",Yes,https://www.discogs.com/release/15832503-David-Bowie-Changesnowbowie, $20.65 ,15832503,,15832503
"Bowie, David",CHANGESNOWBOWIE,CD,Yes,Parlophone / ISO Records,CNBCD 2020,2020,UK,"Record Store Day - Limited Edition of 2,000 Copies",Yes,https://www.discogs.com/release/15832503-David-Bowie-Changesnowbowie, $20.65 ,15832503,,15832503
"Bowie, David",CHANGESNOWBOWIE,"12"" Vinyl",Yes,Parlophone/ISO Records,CNBLP 2020,2020,USA,Record Store Day,No,https://www.discogs.com/release/15822092-David-Bowie-Changesnowbowie, $37.37 ,15822092,,15822092
"Bowie, David",CHANGESNOWBOWIE,"12"" Vinyl",Yes,Parlophone/ISO Records,CNBLP 2020,2020,USA,Record Store Day,Yes,https://www.discogs.com/release/15822092-David-Bowie-Changesnowbowie, $37.37 ,15822092,,15822092
"Bowie, David",CHANGESONEBOWIE,CD,Yes,RCA Victor,PCD1-1732,1984,EU,Red Spine,No,https://www.discogs.com/release/1591867-David-Bowie-ChangesOneBowie, $5.00 ,1591867,,1591867
"Bowie, David",CHANGESONEBOWIE,CD,Yes,RCA Victor,PCD1-1732,1984,EU,Red Spine,No,https://www.discogs.com/release/1591867-David-Bowie-ChangesOneBowie, $5.00 ,1591867,,1591867
"Bowie, David",CHANGESONEBOWIE,CD,Yes,RCA Victor,PCD1-1732,1984,EU,Red Spine,No,https://www.discogs.com/release/1591867-David-Bowie-ChangesOneBowie, $5.00 ,1591867,,1591867
"Bowie, David",CHANGESONEBOWIE,CD,Yes,RCA Victor,PCD1-1732,1984,EU,Red Spine,No,https://www.discogs.com/release/1591867-David-Bowie-ChangesOneBowie, $5.00 ,1591867,,1591867
"Bowie, David",CHANGESONEBOWIE,CD,Yes,RCA Victor,PCD1-1732,1984,EU,Red Spine,No,https://www.discogs.com/release/1591867-David-Bowie-ChangesOneBowie, $5.00 ,1591867,,1591867
"Bowie, David",CHANGESONEBOWIE,8-Track Cartridge,N/A,RCA Victor,APS1-1732,1976,Germany,,No,https://www.discogs.com/release/2104619-David-Bowie-ChangesOneBowie, $9.47 ,2104619,,2104619
"Bowie, David",CHANGESONEBOWIE,8-Track Cartridge,N/A,RCA Victor,APS1-1732,1976,Germany,,No,https://www.discogs.com/release/2104619-David-Bowie-ChangesOneBowie, $9.47 ,2104619,,2104619
"Bowie, David",CHANGESONEBOWIE,"12"" Vinyl",Yes,RCA Victor,AQL1-1732,1984,Ireland,Reissue,No,https://www.discogs.com/release/772045-David-Bowie-ChangesOneBowie, $9.92 ,772045,,772045
"Bowie, David",CHANGESONEBOWIE,"12"" Vinyl",Yes,Parlophone,COBLP 2016,2016,Spain,Black Vinyl Edition,No,https://www.discogs.com/release/8527561-David-Bowie-ChangesOneBowie, $15.00 ,8527561,,8527561
"Bowie, David",CHANGESONEBOWIE,"12"" Vinyl",Yes,Parlophone,COBLP 2016,2016,Spain,Black Vinyl Edition,No,https://www.discogs.com/release/8527561-David-Bowie-ChangesOneBowie, $15.00 ,8527561,,8527561
"Bowie, David",CHANGESONEBOWIE,"12"" Vinyl",Yes,RCA Victor,APL1-1732,1976,UK,Stock Copy,No,https://www.discogs.com/release/1130911-David-Bowie-ChangesOneBowie, $17.89 ,1130911,,1130911
"Bowie, David",CHANGESONEBOWIE,"12"" Vinyl",Yes,RCA Victor,APL1-1732,1976,UK,Stock Copy,No,https://www.discogs.com/release/1130911-David-Bowie-ChangesOneBowie, $17.89 ,1130911,,1130911
"Bowie, David",CHANGESONEBOWIE,"12"" Vinyl",Yes,Parlophone,COBLP 2016,2016,UK,Clear Vinyl Edition,No,https://www.discogs.com/release/8518115-David-Bowie-ChangesOneBowie, $29.74 ,8518115,,8518115
"Bowie, David",CHANGESONEBOWIE,"12"" Vinyl",Yes,Parlophone,COBLP 2016,2016,UK,Clear Vinyl Edition,No,https://www.discogs.com/release/8518115-David-Bowie-ChangesOneBowie, $29.74 ,8518115,,8518115
"Bowie, David",CHANGESTHREE,"12"" Vinyl",Yes,Grace,AZL1-1984,1983,UK,Unofficial Release,No,https://www.discogs.com/release/3555230-David-Robert-Jones-ChangesThree, $30.00 ,3555230,,3555230
"Bowie, David",CHANGESTHREE,"12"" Vinyl",Yes,Grace,AZL1-1984,1983,UK,Unofficial Release,No,https://www.discogs.com/release/3555230-David-Robert-Jones-ChangesThree, $30.00 ,3555230,,3555230
"Bowie, David",CHANGESTWOBOWIE,"12"" Vinyl",Yes,RCA Victor,AFL1-4202,1981,Hong Kong,Original Pressing,No,https://www.discogs.com/release/1139530-David-Bowie-ChangesTwoBowie, $9.79 ,1139530,,1139530
"Bowie, David",CHANGESTWOBOWIE,"12"" Vinyl",Yes,RCA Victor,AFL1-4202,1981,Ireland,Original Pressing,No,https://www.discogs.com/release/1139530-David-Bowie-ChangesTwoBowie, $9.79 ,1139530,,1139530
"Bowie, David",CHANGESTWOBOWIE,CD,Yes,RCA Victor,PCD1-4202,1984,Spain,Red Spine,No,https://www.discogs.com/release/1838943-David-Bowie-ChangesTwoBowie, $14.88 ,1838943,,1838943
"Bowie, David",CHANGESTWOBOWIE,CD,Yes,RCA Victor,PCD1-4202,1984,Spain,Red Spine,No,https://www.discogs.com/release/1838943-David-Bowie-ChangesTwoBowie, $14.88 ,1838943,,1838943
"Bowie, David",CHANGESTWOBOWIE,"12"" Vinyl",Yes,Parlophone,CTBLP2018,2018,UK,Black Vinyl Edition,No,https://www.discogs.com/release/11840224-David-Bowie-ChangesTwoBowie, $17.34 ,11840224,,11840224
"Bowie, David",CHANGESTWOBOWIE,"12"" Vinyl",Yes,Parlophone,CTBLP2018,2018,UK,Blue Vinyl Edition,No,https://www.discogs.com/release/11854186-David-Bowie-ChangesTwoBowie, $29.49 ,11854186,,11854186
"Bowie, David",CHANGESTWOBOWIE,"12"" Vinyl",Yes,Parlophone,CTBLP2018,2018,UK,Blue Vinyl Edition,No,https://www.discogs.com/release/11854186-David-Bowie-ChangesTwoBowie, $29.49 ,11854186,,11854186
"Bowie, David",China Girl,"7"" Vinyl",N/A,EMI America,B-8165,1983,EU,Stock Copy - Company Sleeve Version,No,https://www.discogs.com/release/19664614-David-Bowie-China-Girl, $2.81 ,19664614,,19664614
"Bowie, David",China Girl,"7"" Vinyl",N/A,EMI America,B-8165,1983,EU,Stock Copy - Company Sleeve Version,No,https://www.discogs.com/release/19664614-David-Bowie-China-Girl, $2.81 ,19664614,,19664614
"Bowie, David",China Girl,"7"" Vinyl",Yes,EMI America,B-8165,1983,EU,Stock Copy,No,https://www.discogs.com/release/574564-David-Bowie-China-Girl, $3.00 ,574564,,574564
"Bowie, David",China Girl,"7"" Vinyl",Yes,EMI America,EA 157,1983,EU,Stock Copy - push out center intact,No,https://www.discogs.com/release/1002899-David-Bowie-China-Girl, $3.16 ,1002899,,1002899
"Bowie, David",China Girl,"7"" Vinyl",Yes,EMI America,1A 006-1866877,1983,EU,,No,https://www.discogs.com/release/360814-David-Bowie-China-Girl, $3.68 ,360814,,360814
"Bowie, David",China Girl,"7"" Vinyl",N/A,EMI America,F 8165,1983,Germany,,No,https://www.discogs.com/release/3486806-David-Bowie-China-Girl, $8.62 ,3486806,,3486806
"Bowie, David",China Girl,"12"" Vinyl",Yes,EMI America,12 EA 157,1983,Germany,Stock Copy,No,https://www.discogs.com/release/770986-David-Bowie-China-Girl-Shake-It-Re-Mix, $8.86 ,770986,,770986
"Bowie, David",China Girl,"7"" Vinyl",N/A,EMI America,EAP 157,1983,Japan,Picture Disc,No,https://www.discogs.com/release/1516339-David-Bowie-China-Girl, $10.33 ,1516339,,1516339
"Bowie, David",China Girl,"12"" Vinyl",Yes,EMI America,7809,1983,Japan,Stock Copy,No,https://www.discogs.com/release/773540-David-Bowie-China-Girl-Long-Version, $11.00 ,773540,,773540
"Bowie, David",China Girl,"12"" Vinyl",Yes,EMI America,7809,1983,Japan,Stock Copy - promo stamp on cover,No,https://www.discogs.com/release/773540-David-Bowie-China-Girl-Long-Version, $11.00 ,773540,,773540
"Bowie, David",Christiane F. Wir Kinder Vom Bahnhof Zoo - Original Soundtrack,CD,Yes,Virgin,7243 5 33093 2 9,2001,France,Soundtrack,No,https://www.discogs.com/release/339046-David-Bowie-Christiane-F-Wir-Kinder-Vom-Bahnhof-Zoo-Original-Soundtrack, $6.47 ,339046,,339046
"Bowie, David",Christiane F. Wir Kinder Vom Bahnhof Zoo (Original Soundtrack),"12"" Vinyl",Yes,RCA Victor,BL 43606,1981,UK,,No,https://www.discogs.com/release/4603858-David-Bowie-Original-Soundtrack-Zum-Film-Christiane-F-Wir-Kinder-Vom-Bahnhof-Zoo, $15.74 ,4603858,,4603858
"Bowie, David",Christiane F. Wir Kinder Vom Bahnhof Zoo (Original Soundtrack),"12"" Vinyl",Yes,Parlophone,DBCFLP 2018,2018,UK,Red Vinyl,No,https://www.discogs.com/release/12189093-David-Bowie-Christiane-F-Wir-Kinder-Vom-Bahnhof-Zoo-Original-Soundtrack, $21.38 ,12189093,,12189093
"Bowie, David",Christiane F. Wir Kinder Vom Bahnhof Zoo (Original Soundtrack),"12"" Vinyl",Yes,Parlophone,DBCFLP 2018,2018,UK,Red Vinyl,Yes,https://www.discogs.com/release/12189093-David-Bowie-Christiane-F-Wir-Kinder-Vom-Bahnhof-Zoo-Original-Soundtrack, $21.38 ,12189093,,12189093
"Bowie, David",Christiane F. Wir Kinder Vom Bahnhof Zoo (Original Soundtrack),"12"" Vinyl",Yes,Parlophone,DBCFLP 2018,2018,UK,Red Vinyl,No,https://www.discogs.com/release/12189093-David-Bowie-Christiane-F-Wir-Kinder-Vom-Bahnhof-Zoo-Original-Soundtrack, $21.38 ,12189093,,12189093
"Bowie, David",Clareville Grove Demos,"7"" Vinyl",Yes,Parlophone,0190295495060,2019,UK,Box Set,No,https://www.discogs.com/release/13639237-David-Bowie-With-John-Hutch-Hutchinson-Clareville-Grove-Demos, $19.49 ,13639237,,13639237
"Bowie, David",Clareville Grove Demos,"7"" Vinyl",Yes,Parlophone,0190295495060,2019,UK,Box Set,Yes,https://www.discogs.com/release/13639237-David-Bowie-With-John-Hutch-Hutchinson-Clareville-Grove-Demos, $19.49 ,13639237,,13639237
"Bowie, David","Club Bowie (Rare And Unreleased 12"" Mixes)",CD,Yes,Virgin / New State,VTCD591,2003,Germany,Compilation,No,https://www.discogs.com/release/224344-Bowie-Club-Bowie-Rare-And-Unreleased-12-Mixes, $8.85 ,224344,,224344
"Bowie, David",Cracked Actor (Live Los Angeles '74),CD,Yes,Parlophone,CDDBS 7476,2017,South Africa,Jewel Case,Yes,https://www.discogs.com/release/12195913-Bowie-Cracked-Actor-Live-Los-Angeles-74, $13.50 ,12195913,,12195913
"Bowie, David",Cracked Actor (Live Los Angeles '74),CD,Yes,Parlophone,CDDB 7476,2017,UK,Digipack,No,https://www.discogs.com/release/10439087-Bowie-Cracked-Actor-Live-Los-Angeles-74, $16.29 ,10439087,,10439087
"Bowie, David",Cracked Actor (Live Los Angeles '74),"12"" Vinyl",Yes,Parlophone,DBRSD 7476,2017,USA,"Record Store Day - purple vinyl limited edition of 17,000 copies",No,https://www.discogs.com/release/10144116-Bowie-Cracked-Actor-Live-Los-Angeles-74, $71.71 ,10144116,,10144116
"Bowie, David",Cracked Actor (Live Los Angeles '74),"12"" Vinyl",Yes,Parlophone,DBRSD 7476,2017,USA,"Record Store Day - purple vinyl limited edition of 17,000 copies",Yes,https://www.discogs.com/release/10144116-Bowie-Cracked-Actor-Live-Los-Angeles-74, $71.71 ,10144116,,10144116
"Bowie, David",Crystal Japan,"7"" Vinyl",Yes,RCA,SS-3270,1980,UK,,No,https://www.discogs.com/release/1431010-デビッドボウイー-David-Bowie-クリスタルジャパン-Crystal-Japan, $19.99 ,1431010,,1431010
"Bowie, David",Crystal Japan,"7"" Vinyl",Yes,RCA,SS-3270,1980,UK,,No,https://www.discogs.com/release/1431010-デビッドボウイー-David-Bowie-クリスタルジャパン-Crystal-Japan, $19.99 ,1431010,,1431010
"Bowie, David",D.J.,"7"" Vinyl",N/A,RCA,PB-11661,1979,EU,Stock Copy,No,https://www.discogs.com/release/3163646-David-Bowie-DJ, $5.00 ,3163646,,3163646
"Bowie, David",D.J.,"7"" Vinyl",N/A,RCA,JH-11661,1979,Germany,Promo,No,https://www.discogs.com/release/5301893-David-Bowie-DJ, $9.43 ,5301893,,5301893
"Bowie, David",D.J.,"7"" Vinyl",Yes,RCA,BOW 516,1983,Germany,Lifetimes The Singles: Push Out Center Intact,No,https://www.discogs.com/release/748982-David-Bowie-DJ, $8.32 ,748982,,748982
"Bowie, David",D.J.,"7"" Vinyl",Yes,RCA,BOW 516,1983,Germany,Lifetimes The Singles: Push Out Center Intact,No,https://www.discogs.com/release/748982-David-Bowie-DJ, $8.32 ,748982,,748982
"Bowie, David",D.J.,"7"" Vinyl",Yes,RCA Victor,BOW 3,1979,Ireland,Stock Copy - solid centre,No,https://www.discogs.com/release/7467763-David-Bowie-DJ, $9.80 ,7467763,,7467763
"Bowie, David",D.J.,"7"" Vinyl",Yes,RCA Victor,PB-9412,1979,Ireland,Stock Copy,No,https://www.discogs.com/release/8954068-David-Bowie-DJ, $9.87 ,8954068,,8954068
"Bowie, David",D.J.,"7"" Vinyl",N/A,Parlophone,DBDJ 40,2019,Japan,Picture Disc,Yes,https://www.discogs.com/release/13787465-David-Bowie-DJ, $10.42 ,13787465,,13787465
"Bowie, David",D.J.,"7"" Vinyl",N/A,Parlophone,DBDJ 40,2019,Japan,Picture Disc,Yes,https://www.discogs.com/release/13787465-David-Bowie-DJ, $10.42 ,13787465,,13787465
"Bowie, David",D.J.,"7"" Vinyl",N/A,RCA Victor,PB-11661,1979,Mexico,Stock Copy,No,https://www.discogs.com/release/7477626-David-Bowie-DJ, $11.28 ,7477626,,7477626
"Bowie, David",D.J.,"7"" Vinyl",Yes,RCA Victor,BOW 3,1979,Portugal,,No,https://www.discogs.com/release/2147430-David-Bowie-DJ, $12.92 ,2147430,,2147430
"Bowie, David",D.J.,"7"" Vinyl",N/A,RCA,101.4096,1979,South Africa,Promo,No,https://www.discogs.com/release/13614160-David-Bowie-DJ, $13.25 ,13614160,,13614160
"Bowie, David",D.J.,"7"" Vinyl",Yes,RCA Victor,PB-9412,1979,UK,Promo,No,https://www.discogs.com/release/5551317-David-Bowie-DJ, $15.79 ,5551317,,5551317
"Bowie, David",D.J.,"7"" Vinyl",N/A,RCA Victor,103420,1979,UK,Stock Copy,No,https://www.discogs.com/release/751264-David-Bowie-DJ, $31.58 ,751264,,751264
"Bowie, David",D.J.,"7"" Vinyl",Yes,RCA Victor,BOW 3,1979,USA,Stock Copy - Green Vinyl,No,https://www.discogs.com/release/5542326-David-Bowie-DJ,$189.87 ,5542326,,5542326
"Bowie, David",Dallas 1978 Isolar II World Tour,"12"" Vinyl",Yes,Protus,PR2LP3008,2019,UK,Unofficial Release,No,https://www.discogs.com/release/14193291-David-Bowie-Dallas-1978-Isolar-II-World-Tour-, $25.00 ,14193291,,14193291
"Bowie, David",David Bowie,"12"" Vinyl",Yes,Decca,9-LP-002,1981,France,Historia De La Musica Rock - 4,No,https://www.discogs.com/release/1279489-David-Bowie-David-Bowie, $6.31 ,1279489,,1279489
"Bowie, David",David Bowie,"12"" Vinyl",Yes,Decca,9-LP-002,1981,France,Historia De La Musica Rock - 4,No,https://www.discogs.com/release/1279489-David-Bowie-David-Bowie, $6.31 ,1279489,,1279489
"Bowie, David",David Bowie,"12"" Vinyl",Yes,Decca,9-LP-002,1981,France,Historia De La Musica Rock - 4,No,https://www.discogs.com/release/1279489-David-Bowie-David-Bowie, $6.31 ,1279489,,1279489
"Bowie, David",David Bowie,"12"" Vinyl",Yes,Curcio,GSR-21,1981,France,La Grande Storia Del Rock - 21,No,https://www.discogs.com/release/932843-David-Bowie-David-Bowie, $7.59 ,932843,,932843
"Bowie, David",David Bowie,"12"" Vinyl",Yes,Curcio,GSR-21,1981,France,La Grande Storia Del Rock - 21,No,https://www.discogs.com/release/932843-David-Bowie-David-Bowie, $7.59 ,932843,,932843
"Bowie, David",David Bowie,CD,Yes,Deram,800 087-2,1988,France,,No,https://www.discogs.com/release/455068-David-Bowie-David-Bowie, $7.25 ,455068,,455068
"Bowie, David",David Bowie,"12"" Vinyl",Yes,Decca,6.24009 AL,1979,Germany,Compilation,No,https://www.discogs.com/release/7111501-David-Bowie-David-Bowie, $9.46 ,7111501,,7111501
"Bowie, David",David Bowie,"12"" Vinyl",Yes,PRT,PHEP-001,1981,Japan,,No,https://www.discogs.com/release/2956330-David-Bowie-David-Bowie, $10.12 ,2956330,,2956330
"Bowie, David",David Bowie,"12"" Vinyl",Yes,Decca,6.25232,1982,Japan,Die Weisse Serie,No,https://www.discogs.com/release/3101339-David-Bowie-David-Bowie, $10.42 ,3101339,,3101339
"Bowie, David",David Bowie,"7"" Vinyl",Yes,RCA Victor,20610,1978,UK,Reissue - paper sleeve,No,https://www.discogs.com/release/1506673-David-Bowie-David-Bowie, $20.12 ,1506673,,1506673
"Bowie, David",David Bowie,"7"" Vinyl",Yes,RCA Victor,20610,1978,UK,Reissue - paper sleeve,No,https://www.discogs.com/release/1506673-David-Bowie-David-Bowie, $20.12 ,1506673,,1506673
"Bowie, David",David Bowie,"7"" Vinyl",Yes,RCA Victor,20629,1980,UK,First Pressing,No,https://www.discogs.com/release/928920-David-Bowie-David-Bowie, $25.31 ,928920,,928920
"Bowie, David",David Bowie,"12"" Vinyl",Yes,EMI,DBSOLP 40,2009,UK,40th Anniversary Vinyl,No,https://www.discogs.com/release/2002701-David-Bowie-David-Bowie, $25.15 ,2002701,,2002701
"Bowie, David",David Bowie,CD,Yes,Deram / Universal UMC,531 792-5,2010,UK,Deluxe Edition,No,https://www.discogs.com/release/2553425-David-Bowie-David-Bowie, $15.78 ,2553425,,2553425
"Bowie, David",David Bowie,"12"" Vinyl",Yes,Deram / Universal UMC,532 760-1,2010,UK,,Yes,https://www.discogs.com/release/2608313-David-Bowie-David-Bowie, $30.21 ,2608313,,2608313
"Bowie, David",David Bowie,"12"" Vinyl",Yes,Deram / Universal UMC,532 760-1,2010,UK,,No,https://www.discogs.com/release/2608313-David-Bowie-David-Bowie, $30.21 ,2608313,,2608313
"Bowie, David",David Bowie,"12"" Vinyl",Yes,Deram / UMC,351 732-3,2021,UK,Picture Disc,Yes,https://www.discogs.com/release/17161042-David-Bowie-David-Bowie, $27.84 ,17161042,,17161042
"Bowie, David",David Bowie,"12"" Vinyl",Yes,Deram,DE 16003,1967,USA,Mono Version,No,https://www.discogs.com/release/2414687-David-Bowie-David-Bowie, $275.00 ,2414687,,2414687
"Bowie, David",David Bowie,"12"" Vinyl",Yes,Deram,DES 18003,1967,USA,Stereo Version,No,https://www.discogs.com/release/1474355-David-Bowie-David-Bowie, $363.50 ,1474355,,1474355
"Bowie, David",David Bowie,"12"" Vinyl",Yes,Deram,DES 18003,1967,USA,Stereo Version,No,https://www.discogs.com/release/1474355-David-Bowie-David-Bowie, $363.50 ,1474355,,1474355
"Bowie, David",David Bowie,"12"" Vinyl",Yes,Philips,SBL 7912,1969,USA,Stock Copy,No,https://www.discogs.com/release/2823685-David-Bowie-David-Bowie, $758.86 ,2823685,,2823685
"Bowie, David",David Bowie,"12"" Vinyl",Yes,Deram,6299,1976,USA,,No,https://www.discogs.com/release/8441529-David-Bowie-David-Bowie, $79.00 ,8441529,,8441529
"Bowie, David",David Bowie,"12"" Vinyl",Yes,Deram,291029,1981,USA,Reissue,No,https://www.discogs.com/release/1139546-David-Bowie-David-Bowie, $45.00 ,1139546,,1139546
"Bowie, David",David Bowie,"12"" Vinyl",Yes,UMC / Deram,671 544-3,2018,USA,"Record Store Day - Limited Edition 3,000 Copies Red and Blue Vinyl",Yes,https://www.discogs.com/release/11894782-David-Bowie-David-Bowie, $33.00 ,11894782,,11894782
"Bowie, David",David Bowie,"12"" Vinyl",Yes,Parlophone,DB69731,2019,USA,Paul Smith - 50th Anniversary Vinyl,Yes,https://www.discogs.com/release/13863859-David-Bowie-David-Bowie, $135.39 ,13863859,,13863859
"Bowie, David",David Bowie,"12"" Vinyl",Yes,Deram,655 4737,2024,USA,Green Vinyl Version,Yes,https://www.discogs.com/release/31330324-David-Bowie-David-Bowie, $35.80 ,31330324,,31330324
"Bowie, David",David Bowie,"12"" Vinyl",Yes,Deram,655 4737,2024,USA,Green Vinyl Version,Yes,https://www.discogs.com/release/31330324-David-Bowie-David-Bowie, $35.80 ,31330324,,31330324
"Bowie, David",David Bowie,"12"" Vinyl",Yes,Deram,655 4737,2024,USA,Green Vinyl Version,Yes,https://www.discogs.com/release/31330324-David-Bowie-David-Bowie, $35.80 ,31330324,,31330324
"Bowie, David",David Bowie & Friends,CD,Yes,Laser Media,LM 7088,2018,UK,Unofficial Release,Yes,https://www.discogs.com/release/12740482-David-Bowie-David-Bowie-Friends, $20.00 ,12740482,,12740482
"Bowie, David",David Bowie At The Tower Philadelphia,"12"" Vinyl",Yes,RCA,PL-42993,1982,UK,,No,https://www.discogs.com/release/912625-David-Bowie-David-Bowie-At-The-Tower-Philadelphia, $15.74 ,912625,,912625
"Bowie, David",David Bowie In Bertolt Brech's Baal,"7"" Vinyl",Yes,RCA,BOW 11,1982,EU,Stock Copy - push out center intact,No,https://www.discogs.com/release/749201-David-Bowie-David-Bowie-In-Bertolt-Brechts-Baal, $5.31 ,749201,,749201
"Bowie, David",David Bowie In Bertolt Brech's Baal,"12"" Vinyl",Yes,RCA Victor,CPL1-4346,1982,Germany,,No,https://www.discogs.com/release/750070-David-Bowie-David-Bowie-In-Bertolt-Brechts-Baal, $8.00 ,750070,,750070
"Bowie, David",David Bowie In Bertolt Brech's Baal,"12"" Vinyl",Yes,RCA Victor,CPL1-4346,1982,Germany,With Hype Sticker,No,https://www.discogs.com/release/750070-David-Bowie-David-Bowie-In-Bertolt-Brechts-Baal, $8.00 ,750070,,750070
"Bowie, David",David Bowie In Bertolt Brech's Baal,"12"" Vinyl",Yes,RCA Victor,CPL1-4346,1982,Ireland,Stock Copy,No,https://www.discogs.com/release/1796029-David-Bowie-David-Bowie-In-Bertolt-Brechts-Baal, $9.93 ,1796029,,1796029
"Bowie, David",David Bowie In Bertolt Brech's Baal,"12"" Vinyl",Yes,RCA Victor,PG 45092,1982,Japan,Stock Copy,No,https://www.discogs.com/release/1821914-David-Bowie-David-Bowie-In-Bertolt-Brechts-Baal, $10.53 ,1821914,,1821914
"Bowie, David",David Bowie In Bertolt Brech's Baal,"12"" Vinyl",Yes,RCA,RPL-2122,1982,UK,With OBI,No,https://www.discogs.com/release/4591120-David-Bowie-David-Bowie-In-Bertolt-Brechts-Baal, $19.49 ,4591120,,4591120
"Bowie, David",David Bowie In Bertolt Brecht's Baal,"10"" Vinyl",Yes,Regal Zonophone / Parlophone,DBBAAL 2018,2018,New Zealand,,Yes,https://www.discogs.com/release/12197288-David-Bowie-David-Bowie-In-Bertolt-Brechts-Baal, $12.61 ,12197288,,12197288
"Bowie, David","David Bowie Narrates ""Peter And The Wolf""","12"" Vinyl",Yes,RCA,JD-11306,1978,UK,Promo - One Sided Disc,No,https://www.discogs.com/release/3920558-David-BowiePhiladelphia-Orchestra-Eugene-Ormandy-David-Bowie-Narrates-Peter-And-The-Wolf, $21.53 ,3920558,,3920558
"Bowie, David",David Bowie Narrates Peter And The Wolf,CD,Yes,RCA Victor / BMG Classics,09026-60878-2,1992,EU,Reissue,No,https://www.discogs.com/release/1835428-David-Bowie-Eugene-Ormandy-The-Philadelphia-Orchestra-David-Bowie-Narrates-Prokofievs-Peter-And-The-, $4.99 ,1835428,,1835428
"Bowie, David",David Bowie Narrates Peter And The Wolf,CD,Yes,RCA Red Seal,RCD1-2743,1985,Italy,Red Spine,No,https://www.discogs.com/release/3062287-David-Bowie-Narrates-Prokofiev-Eugene-OrmandyPhiladelphia-Orchestra-Britten-Peter-And-The-Wolf-Young, $10.00 ,3062287,,3062287
"Bowie, David",David Bowie Narrates Peter And The Wolf,CD,Yes,RCA Red Seal,RCD1-2743,1985,Italy,Red Spine,No,https://www.discogs.com/release/3062287-David-Bowie-Narrates-Prokofiev-Eugene-OrmandyPhiladelphia-Orchestra-Britten-Peter-And-The-Wolf-Young, $10.00 ,3062287,,3062287
"Bowie, David",David Bowie Narrates Prokofiev,"12"" Vinyl",Yes,RCA Red Seal,ARL1-2743,1978,UK,Green Vinyl - Promo Stamp On Back,No,https://www.discogs.com/release/1046310-David-Bowie-Narrates-Prokofiev-Eugene-Ormandy-The-Philadelphia-Orchestra-Perform-Britten-Peter-And-T, $20.52 ,1046310,,1046310
"Bowie, David",David Bowie Narrates Prokofiev,"12"" Vinyl",Yes,RCA Red Seal,ARL1-2743,1978,UK,Green Vinyl - Indianapolis Pressing,No,https://www.discogs.com/release/1046310-David-Bowie-Narrates-Prokofiev-Eugene-Ormandy-The-Philadelphia-Orchestra-Perform-Britten-Peter-And-T, $20.53 ,1046310,,1046310
"Bowie, David",David Bowie Narrates Prokofiev,"12"" Vinyl",Yes,RCA Red Seal,ARL1-2743,1978,UK,Green Vinyl - Promo Stamp On Back,No,https://www.discogs.com/release/1046310-David-Bowie-Narrates-Prokofiev-Eugene-Ormandy-The-Philadelphia-Orchestra-Perform-Britten-Peter-And-T, $20.53 ,1046310,,1046310
"Bowie, David",David Bowie Narrates Prokofiev,"12"" Vinyl",Yes,Music On Vinyl,MOVCL011,2014,UK,Black Vinyl Edition,Yes,https://www.discogs.com/release/8042030-David-Bowie-Narrates-Prokofiev-Eugene-OrmandyPhiladelphia-Orchestra-Britten-Peter-And-The-Wolf-Young, $30.25 ,8042030,,8042030
"Bowie, David",David Bowie Vs KCRW,"12"" Vinyl",Yes,EMI,12BOWGY 2011,2011,Germany,,Yes,https://www.discogs.com/release/2926224-David-Bowie-Vs-KCRW-Golden-Years, $8.69 ,2926224,,2926224
"Bowie, David",David Bowie Vs KCRW,"12"" Vinyl",Yes,EMI,12BOWGY 2011,2011,Germany,,Yes,https://www.discogs.com/release/2926224-David-Bowie-Vs-KCRW-Golden-Years, $8.69 ,2926224,,2926224
"Bowie, David",David Live,8-Track Cartridge,N/A,RCA Victor,CPS2-0771,1974,EU,,No,https://www.discogs.com/release/5840811-David-Bowie-David-Live-David-Bowie-At-The-Tower-Philadelphia, $5.00 ,5840811,,5840811
"Bowie, David",David Live,Cassette,Yes,Ryko Analogue,RAC2-0138/39,1990,Germany,,No,https://www.discogs.com/release/6519444-David-Bowie-David-Live, $9.00 ,6519444,,6519444
"Bowie, David",David Live,Cassette,Yes,Ryko Analogue,RAC2-0138/39,1990,Germany,,Yes,https://www.discogs.com/release/6519444-David-Bowie-David-Live, $9.00 ,6519444,,6519444
"Bowie, David",David Live,Cassette,Yes,Ryko Analogue,RAC2-0138/39,1990,Germany,,Yes,https://www.discogs.com/release/6519444-David-Bowie-David-Live, $9.00 ,6519444,,6519444
"Bowie, David",David Live,CD,Yes,Virgin,72438-74304 2 6,2005,Germany,Digipak,No,https://www.discogs.com/release/2415037-David-Bowie-David-Live, $8.13 ,2415037,,2415037
"Bowie, David",David Live,"12"" Vinyl",Yes,RCA Victor,CPL2-0771,1974,Italy,Stock Copy - Orange Label,No,https://www.discogs.com/release/3934676-David-Bowie-David-Live, $10.00 ,3934676,,3934676
"Bowie, David",David Live,"12"" Vinyl",Yes,RCA Victor,CPL2-0771,1974,Italy,Stock Copy - Orange Label,No,https://www.discogs.com/release/3934676-David-Bowie-David-Live, $10.00 ,3934676,,3934676
"Bowie, David",David Live,"12"" Vinyl",Yes,RCA Victor,CPL2-0771,1974,Italy,Stock Copy - Orange Label,No,https://www.discogs.com/release/3934676-David-Bowie-David-Live, $10.00 ,3934676,,3934676
"Bowie, David",David Live,"12"" Vinyl",Yes,RCA Victor,CPL2-0771,1974,Italy,Stock Copy - Orange Label,No,https://www.discogs.com/release/3934676-David-Bowie-David-Live, $10.00 ,3934676,,3934676
"Bowie, David",David Live,CD,Yes,Rykodisc,RCD 10138/39,1990,Japan,Sound + Vision,No,https://www.discogs.com/release/5700404-David-Bowie-David-Live-David-Bowie-At-The-Tower-Philadelphia, $10.89 ,5700404,,5700404
"Bowie, David",David Live,CD,Yes,Rykodisc,RCD 10138/39,1990,Japan,Sound + Vision,No,https://www.discogs.com/release/5700404-David-Bowie-David-Live-David-Bowie-At-The-Tower-Philadelphia, $10.89 ,5700404,,5700404
"Bowie, David",David Live,CD,Yes,Rykodisc,RCD 10138/39,1990,Japan,Sound + Vision,No,https://www.discogs.com/release/5700404-David-Bowie-David-Live-David-Bowie-At-The-Tower-Philadelphia, $10.89 ,5700404,,5700404
"Bowie, David",David Live,CD,Yes,Rykodisc,RCD 10138/39,1990,Japan,Sound + Vision,No,https://www.discogs.com/release/5700404-David-Bowie-David-Live-David-Bowie-At-The-Tower-Philadelphia, $10.89 ,5700404,,5700404
"Bowie, David",David Live,CD,Yes,Rykodisc,RCD 10138/39,1990,Japan,Sound + Vision,No,https://www.discogs.com/release/5700404-David-Bowie-David-Live-David-Bowie-At-The-Tower-Philadelphia, $10.89 ,5700404,,5700404
"Bowie, David",David Live,CD,Yes,Rykodisc,RCD 10138/39,1990,Japan,Sound + Vision,No,https://www.discogs.com/release/5700404-David-Bowie-David-Live-David-Bowie-At-The-Tower-Philadelphia, $10.89 ,5700404,,5700404
"Bowie, David",David Live,"12"" Vinyl",Yes,RCA Victor,CPL2-0771,1974,Netherlands,Stock Copy - Tan Label,No,https://www.discogs.com/release/4308291-David-Bowie-David-Live, $12.06 ,4308291,,4308291
"Bowie, David",David Live,CD,Yes,EMI,CDS 79 5362 2,1990,UK,Sound + Vision,No,https://www.discogs.com/release/3687650-David-Bowie-David-Live-David-Bowie-At-The-Tower-Philadelphia, $16.54 ,3687650,,3687650
"Bowie, David",David Live,"12"" Vinyl",Yes,EMI,166 795363 1,1990,UK,Black Vinyl,No,https://www.discogs.com/release/6074996-David-Bowie-David-Live, $21.05 ,6074996,,6074996
"Bowie, David",David Live,"12"" Vinyl",Yes,Ryko Analogue,RALP 0138/39-2,1990,USA,Clear Vinyl - stock copy,No,https://www.discogs.com/release/4179490-David-Bowie-David-Live, $64.08 ,4179490,,4179490
"Bowie, David",David Live,"12"" Vinyl",Yes,Ryko Analogue,RALP 0138/39-2,1990,USA,Clear Vinyl - stock copy,No,https://www.discogs.com/release/4179490-David-Bowie-David-Live, $64.08 ,4179490,,4179490
"Bowie, David",David Live,"12"" Vinyl",Yes,Ryko Analogue,RALP 0138/39-2,1990,USA,Clear Vinyl - Promo Label on disc,No,https://www.discogs.com/release/13638593-David-Bowie-David-Live, $150.00 ,13638593,,13638593
"Bowie, David",David Live,"12"" Vinyl",Yes,Ryko Analogue,RALP 0138/39-2,1990,USA,Clear Vinyl - Promo Stamp on Cover,No,https://www.discogs.com/release/13638593-David-Bowie-David-Live, $150.00 ,13638593,,13638593
"Bowie, David",David Live,DVD,Yes,EMI,7243 8 74304 9 5,2005,USA,DVD Audio,No,https://www.discogs.com/release/1618653-David-Bowie-David-Live, $60.44 ,1618653,,1618653
"Bowie, David",Day-In-Day-Out,"7"" Vinyl",Yes,EMI America,B-8380,1987,EU,Speciality Pressing,No,https://www.discogs.com/release/574680-David-Bowie-Day-In-Day-Out, $2.05 ,574680,,574680
"Bowie, David",Day-In-Day-Out,"12"" Vinyl",Yes,EMI America,SPRO 9985,1987,EU,Promo,No,https://www.discogs.com/release/2245207-David-Bowie-Day-In-Day-Out, $4.00 ,2245207,,2245207
"Bowie, David",Day-In-Day-Out,Cassette,Yes,EMI America,TC EA 230,1987,France,Clam Shell Case,No,https://www.discogs.com/release/2256598-David-Bowie-Day-In-Day-Out, $7.46 ,2256598,,2256598
"Bowie, David",Day-In-Day-Out,"7"" Vinyl",Yes,EMI America,EAX 230,1987,UK,Box Set Red Vinyl,Yes,https://www.discogs.com/release/947205-David-Bowie-Day-In-Day-Out, $22.06 ,947205,,947205
"Bowie, David",Day-In-Day-Out,"7"" Vinyl",N/A,EMI,DIF 469,1987,USA,Promo,No,https://www.discogs.com/release/19652698-David-Bowie-Marillion-Dia-Tras-Dia-Day-In-Out-Incomunicado-Incommunicado, $47.50 ,19652698,,19652698
"Bowie, David","Day-In-Day-Out (7"" Dance Edit / Extended Dance Mix)","12"" Vinyl",Yes,EMI America,SPRO 9996/9997,1987,France,Promo,No,https://www.discogs.com/release/947223-David-Bowie-Day-In-Day-Out-7-Dance-Edit-Extended-Dance-Mix, $7.00 ,947223,,947223
"Bowie, David","Day-In-Day-Out (7"" Dance Edit / Extended Dance Mix)","12"" Vinyl",Yes,EMI America,SPRO 9996/9997,1987,France,Promo,No,https://www.discogs.com/release/947223-David-Bowie-Day-In-Day-Out-7-Dance-Edit-Extended-Dance-Mix, $7.00 ,947223,,947223
"Bowie, David",Day-In-Day-Out (Extended Dance Mix),"12"" Vinyl",Yes,EMI America,V-19234,1987,EU,Single,Yes,https://www.discogs.com/release/916839-David-Bowie-Day-In-Day-Out-Extended-Dance-Mix, $3.83 ,916839,,916839
"Bowie, David",Day-In-Day-Out (Extended Dance Mix),"12"" Vinyl",Yes,EMI America,V-19234,1987,EU,,No,https://www.discogs.com/release/916839-David-Bowie-Day-In-Day-Out-Extended-Dance-Mix, $3.83 ,916839,,916839
"Bowie, David",Day-In-Day-Out (Extended Dance Mix),"12"" Vinyl",Yes,EMI America,V-19234,1987,EU,Single,Yes,https://www.discogs.com/release/916839-David-Bowie-Day-In-Day-Out-Extended-Dance-Mix, $3.83 ,916839,,916839
"Bowie, David",Day-In-Day-Out (Extended Dance Mix),"12"" Vinyl",Yes,EMI America,V-19234,1987,EU,Single,Yes,https://www.discogs.com/release/916839-David-Bowie-Day-In-Day-Out-Extended-Dance-Mix, $3.83 ,916839,,916839
"Bowie, David",Day-In-Day-Out (Extended Dance Mix),"12"" Vinyl",Yes,EMI America,V-19234,1987,EU,Single,Yes,https://www.discogs.com/release/916839-David-Bowie-Day-In-Day-Out-Extended-Dance-Mix, $3.83 ,916839,,916839
"Bowie, David",Day-In-Day-Out (Extended Dance Mix),"12"" Vinyl",Yes,EMI America,12 EA 230,1987,EU,Stock Copy,No,https://www.discogs.com/release/817679-David-Bowie-Day-In-Day-Out-Extended-Dance-Mix, $4.75 ,817679,,817679
"Bowie, David",Day-In-Day-Out (Groucho Mix),"12"" Vinyl",Yes,EMI America,V-19239,1987,UK,Punch out right corner,No,https://www.discogs.com/release/916845-David-Bowie-Day-In-Day-Out-Groucho-Mix, $19.00 ,916845,,916845
"Bowie, David",Dead Man Walking,CD,Yes,RCA / BMG,74321475852,1997,EU,J-Card,No,https://www.discogs.com/release/130859-David-Bowie-Dead-Man-Walking, $3.08 ,130859,,130859
"Bowie, David",Dead Man Walking,CD,Yes,Arista,74321475112,1997,EU,Promo,No,https://www.discogs.com/release/5237377-David-Bowie-Dead-Man-Walking, $4.20 ,5237377,,5237377
"Bowie, David",Dead Man Walking,CD,Yes,Virgin,7087 6 12249 2 4,1997,EU,Promo,No,https://www.discogs.com/release/2154002-David-Bowie-Dead-Man-Walking, $4.39 ,2154002,,2154002
"Bowie, David",Dead Man Walking,CD,Yes,RCA,DMV01,1997,EU,Promo,No,https://www.discogs.com/release/2284810-David-Bowie-Dead-Man-Walking, $5.06 ,2284810,,2284810
"Bowie, David",Dead Man Walking,CD,Yes,Arista / BMG ,74321474802,1997,EU,CD1,No,https://www.discogs.com/release/158571-David-Bowie-Dead-Man-Walking, $5.25 ,158571,,158571
"Bowie, David",Dead Man Walking,"12"" Vinyl",N/A,Virgin,SPRO-12249,1997,EU,Promo,No,https://www.discogs.com/release/158570-David-Bowie-Dead-Man-Walking, $5.65 ,158570,,158570
"Bowie, David",Dead Man Walking,CD,Yes,RCA / BMG,74321475842,1997,France,Limited Edition Digipak,No,https://www.discogs.com/release/158568-David-Bowie-Dead-Man-Walking, $6.32 ,158568,,158568
"Bowie, David",Dead Man Walking,"7"" Vinyl",N/A,Virgin / EMI-Capitol Music Special Markets,S7-19517,1997,Germany,Jukebox Copy,No,https://www.discogs.com/release/3214217-David-Bowie-Dead-Man-Walking, $8.00 ,3214217,,3214217
"Bowie, David",Dead Man Walking,"7"" Vinyl",N/A,Virgin / EMI-Capitol Music Special Markets,S7-19517,1997,Germany,Jukebox Copy,No,https://www.discogs.com/release/3214217-David-Bowie-Dead-Man-Walking, $8.00 ,3214217,,3214217
"Bowie, David",Dead Man Walking,CD,Yes,Arista / BMG ,74321476142,1997,Japan,CD2,No,https://www.discogs.com/release/158569-David-Bowie-Dead-Man-Walking, $10.26 ,158569,,158569
"Bowie, David",Dead Man Walking,CD,Yes,Arista / BMG ,BVCA-8845,1997,Netherlands,No OBI,No,https://www.discogs.com/release/1625663-David-Bowie-Dead-Man-Walking, $12.00 ,1625663,,1625663
"Bowie, David",Dead Man Walking,CD,Yes,BMG Australia Limited,74321 47614 2,1997,UK,Maxi-Single,No,https://www.discogs.com/release/158573-David-Bowie-Dead-Man-Walking, $15.92 ,158573,,158573
"Bowie, David",Dead Man Walking,"12"" Vinyl",Yes,RCA / BMG,74321475841,1997,UK,,No,https://www.discogs.com/release/965369-David-Bowie-Dead-Man-Walking, $15.96 ,965369,,965369
"Bowie, David",Dead Man Walking (Part 1),"12"" Vinyl",Yes,BMG / Arista / Do It Yourself,74321474801,1997,Germany,,No,https://www.discogs.com/release/492077-David-Bowie-Dead-Man-Walking-Part-1, $9.33 ,492077,,492077
"Bowie, David",Demanding Billy Dolls And Other Friends Of Mine,"12"" Vinyl",Yes,None,None,2016,USA,Unofficial Release - Red Vinyl 150 Copies,No,https://www.discogs.com/release/8514262-David-Bowie-Demanding-Billy-Dolls-And-Other-Friends-Of-Mine, $50.00 ,8514262,,8514262
"Bowie, David",Diamond Dogs,"7"" Vinyl",N/A,RCA Victor,APB0-0293,1974,EU,"Made in Canada, but for UK distribution",No,https://www.discogs.com/release/926850-Bowie-Diamond-Dogs, $5.03 ,926850,,926850
"Bowie, David",Diamond Dogs,"7"" Vinyl",N/A,RCA Victor,APBO 0293 EX,1974,EU,Made in the USA but for UK distribution,No,https://www.discogs.com/release/4565182-Bowie-Diamond-Dogs, $5.25 ,4565182,,4565182
"Bowie, David",Diamond Dogs,"7"" Vinyl",N/A,RCA Victor,APBO 0293 EX,1974,EU,Made in the USA but for UK distribution,No,https://www.discogs.com/release/4565182-Bowie-Diamond-Dogs, $5.25 ,4565182,,4565182
"Bowie, David",Diamond Dogs,CD,Yes,Virgin,7243 521904 0 9,1999,EU,The David Bowie Series,No,https://www.discogs.com/release/1987914-Bowie-Diamond-Dogs, $5.85 ,1987914,,1987914
"Bowie, David",Diamond Dogs,CD,Yes,Rykodisc,RCD 10137,1990,Finland,,No,https://www.discogs.com/release/5997846-Bowie-Diamond-Dogs, $6.00 ,5997846,,5997846
"Bowie, David",Diamond Dogs,"7"" Vinyl",N/A,RCA Victor,APBO-0293,1974,France,Stock Copy,No,https://www.discogs.com/release/15664288-Bowie-Diamond-Dogs, $6.32 ,15664288,,15664288
"Bowie, David",Diamond Dogs,8-Track Cartridge,N/A,RCA Victor,CPS1-0576,1974,France,,No,https://www.discogs.com/release/2734019-Bowie-Diamond-Dogs, $7.00 ,2734019,,2734019
"Bowie, David",Diamond Dogs,8-Track Cartridge,N/A,RCA Victor,CPS1-0576,1974,France,,No,https://www.discogs.com/release/2734019-Bowie-Diamond-Dogs, $7.00 ,2734019,,2734019
"Bowie, David",Diamond Dogs,CD,Yes,Rykodisc,RCD 10137,1990,France,,No,https://www.discogs.com/release/5997846-Bowie-Diamond-Dogs, $6.00 ,5997846,,5997846
"Bowie, David",Diamond Dogs,CD,Yes,Rykodisc,RCD 10137,1990,France,,No,https://www.discogs.com/release/5997846-Bowie-Diamond-Dogs, $6.00 ,5997846,,5997846
"Bowie, David",Diamond Dogs,CD,Yes,Rykodisc,RCD 10137,1990,France,,No,https://www.discogs.com/release/5997846-Bowie-Diamond-Dogs, $6.00 ,5997846,,5997846
"Bowie, David",Diamond Dogs,CD,Yes,Rykodisc,RCD 10137,1990,France,,No,https://www.discogs.com/release/5997846-Bowie-Diamond-Dogs, $6.00 ,5997846,,5997846
"Bowie, David",Diamond Dogs,Cassette,Yes,Ryko Analogue,RACS 0137,1990,Germany,,No,https://www.discogs.com/release/2021520-David-Bowie-Diamond-Dogs, $9.52 ,2021520,,2021520
"Bowie, David",Diamond Dogs,CD,Yes,EMI,07777 95211 2 8,1998,Italy,,No,https://www.discogs.com/release/2082589-Bowie-Diamond-Dogs, $10.00 ,2082589,,2082589
"Bowie, David",Diamond Dogs,CD,Yes,EMI,07777 95211 2 8,1998,Italy,,No,https://www.discogs.com/release/2082589-Bowie-Diamond-Dogs, $10.00 ,2082589,,2082589
"Bowie, David",Diamond Dogs,"7"" Vinyl",Yes,RCA Victor,APBO 0293 EX,1974,Japan,Stock Copy,No,https://www.discogs.com/release/3170694-David-Bowie-Diamond-Dogs, $10.53 ,3170694,,3170694
"Bowie, David",Diamond Dogs,"7"" Vinyl",Yes,RCA,BOW 504,1983,Japan,Lifetimes The Singles: Push Out Center Intact,No,https://www.discogs.com/release/3172028-David-Bowie-Diamond-Dogs, $10.64 ,3172028,,3172028
"Bowie, David",Diamond Dogs,"12"" Vinyl",Yes,RCA Victor,CPL1-0576,1976,Spain,Reissue - Black Label,No,https://www.discogs.com/release/6359277-Bowie-Diamond-Dogs, $14.50 ,6359277,,6359277
"Bowie, David",Diamond Dogs,"12"" Vinyl",Yes,RCA Victor,CPL1-0576,1976,Spain,Reissue - Black Label,No,https://www.discogs.com/release/6359277-Bowie-Diamond-Dogs, $14.50 ,6359277,,6359277
"Bowie, David",Diamond Dogs,"12"" Vinyl",Yes,RCA Victor,CPL1-0576,1974,UK,Original Pressing,No,https://www.discogs.com/release/6995960-Bowie-Diamond-Dogs, $15.39 ,6995960,,6995960
"Bowie, David",Diamond Dogs,"12"" Vinyl",Yes,RCA Victor,CPL1-0576,1974,UK,Original Pressing,No,https://www.discogs.com/release/6995960-Bowie-Diamond-Dogs, $15.39 ,6995960,,6995960
"Bowie, David",Diamond Dogs,"12"" Vinyl",Yes,RCA Victor,CPL1-0576,1974,UK,Original Pressing,No,https://www.discogs.com/release/6995960-Bowie-Diamond-Dogs, $15.39 ,6995960,,6995960
"Bowie, David",Diamond Dogs,"7"" Vinyl",N/A,RCA Victor,APBO 0293 EX,1974,UK,Push-out center intact,No,https://www.discogs.com/release/19195048-Bowie-Diamond-Dogs, $18.27 ,19195048,,19195048
"Bowie, David",Diamond Dogs,"7"" Vinyl",Yes,RCA Victor,APBO-0293,1974,UK,,No,https://www.discogs.com/release/967732-Bowie-Diamond-Dogs, $19.42 ,967732,,967732
"Bowie, David",Diamond Dogs,"7"" Vinyl",Yes,RCA Victor,APBO-0293,1974,UK,Stock Copy,No,https://www.discogs.com/release/10385324-Bowie-Diamond-Dogs, $21.05 ,10385324,,10385324
"Bowie, David",Diamond Dogs,CD,Yes,EMI,7243 5 77857 2 3,2004,UK,30th Anniversary Edition,No,https://www.discogs.com/release/1410177-Bowie-Diamond-Dogs, $20.30 ,1410177,,1410177
"Bowie, David",Diamond Dogs,CD,Yes,EMI,TOCP-70147,2007,UK,With OBI - made in Japan,No,https://www.discogs.com/release/7045271-Bowie-Diamond-Dogs, $17.13 ,7045271,,7045271
"Bowie, David",Diamond Dogs,"7"" Vinyl",N/A,Parlophone,DBDOGS 40,2014,UK,Picture Disc,Yes,https://www.discogs.com/release/5805687-David-Bowie-Diamond-Dogs, $22.31 ,5805687,,5805687
"Bowie, David",Diamond Dogs,"7"" Vinyl",N/A,Parlophone,DBDOGS 40,2014,UK,Picture Disc,Yes,https://www.discogs.com/release/5805687-David-Bowie-Diamond-Dogs, $22.31 ,5805687,,5805687
"Bowie, David",Diamond Dogs,"12"" Vinyl",Yes,RCA,YL-13889,2015,UK,Unofficial Release - Yellow Vinyl,No,https://www.discogs.com/release/8095939-David-Bowie-Diamond-Dogs, $25.00 ,8095939,,8095939
"Bowie, David",Diamond Dogs,"12"" Vinyl",Yes,Parlophone,DB 74761,2019,UK,45th Anniversary - Red Vinyl,Yes,https://www.discogs.com/release/13663472-Bowie-Diamond-Dogs, $31.61 ,13663472,,13663472
"Bowie, David",Diamond Dogs,"12"" Vinyl",Yes,Parlophone,DBDDPD 1974,2024,UK,Picture Disc - 50th Anniversary,Yes,https://www.discogs.com/release/30777363-Bowie-Diamond-Dogs, $21.50 ,30777363,,30777363
"Bowie, David",Diamond Dogs,"12"" Vinyl",Yes,Parlophone,DBDDPD 1974,2024,UK,Picture Disc - 50th Anniversary,Yes,https://www.discogs.com/release/30777363-Bowie-Diamond-Dogs, $21.50 ,30777363,,30777363
"Bowie, David",Diamond Dogs,"12"" Vinyl",Yes,Parlophone,DBDD 50,2024,UK,Half Speed Master,Yes,https://www.discogs.com/release/30767826-Bowie-Diamond-Dogs, $23.96 ,30767826,,30767826
"Bowie, David",Diamond Dogs,"12"" Vinyl",Yes,Parlophone,DBDD 50,2024,UK,Half Speed Master,Yes,https://www.discogs.com/release/30767826-Bowie-Diamond-Dogs, $23.96 ,30767826,,30767826
"Bowie, David",Diamond Dogs,"7"" Vinyl",Yes,RCA Victor,APBO 0293 EX,1974,USA,Stock Copy,No,https://www.discogs.com/release/3066072-David-Bowie-Diamond-Dogs, $37.97 ,3066072,,3066072
"Bowie, David",Diamond Dogs,"7"" Vinyl",Yes,RCA Victor,SRCA-88765,1974,USA,Stock Copy,No,https://www.discogs.com/release/3221284-Bowie-Diamond-Dogs, $40.00 ,3221284,,3221284
"Bowie, David",Diamond Dogs,"7"" Vinyl",Yes,RCA Victor,APAO-0293,1974,USA,,No,https://www.discogs.com/release/6753781-Bowie-Diamond-Dogs, $98.99 ,6753781,,6753781
"Bowie, David",Diamond Dogs,"7"" Vinyl",N/A,RCA Victor,APBO 0293 EX,1974,USA,,No,https://www.discogs.com/release/8575596-David-Bowie-Diamond-Dogs, $284.81 ,8575596,,8575596
"Bowie, David",Diamond Dogs,"7"" Vinyl",Yes,RCA,SS-2386,1974,USA,Stock Copy,No,https://www.discogs.com/release/8619665-デビッドボウイー-ダイヤモンドの犬-Diamond-Dogs, $350.32 ,8619665,,8619665
"Bowie, David",Diamond Dogs,CD,Yes,RCA,PD83889,1984,USA,Blue Spine,No,https://www.discogs.com/release/1025914-Bowie-Diamond-Dogs, $42.11 ,1025914,,1025914
"Bowie, David",Diamond Dogs,"12"" Vinyl",No,RCA Victor,BOPIC 5,1984,USA,Picture Disc,No,https://www.discogs.com/release/2733635-David-Bowie-Diamond-Dogs, $50.32 ,2733635,,2733635
"Bowie, David",Diamond Dogs,CD,Yes,RCA Victor,PCD1-0576,1985,USA,Red Spine,No,https://www.discogs.com/release/4105413-Bowie-Diamond-Dogs, $50.00 ,4105413,,4105413
"Bowie, David",Diamond Dogs,CD,Yes,RCA Victor,PCD1-0576,1985,USA,Red Spine,No,https://www.discogs.com/release/4105413-Bowie-Diamond-Dogs, $50.00 ,4105413,,4105413
"Bowie, David",Diamond Dogs,"12"" Vinyl",Yes,Ryko Analogue,RALP 0137-2,1990,USA,Clear Vinyl,No,https://www.discogs.com/release/2101936-David-Bowie-Diamond-Dogs, $100.00 ,2101936,,2101936
"Bowie, David",Do You Anything You Say,"7"" Vinyl",N/A,Pye Records,7NX 8002,1972,Japan,Solid Centre,No,https://www.discogs.com/release/3161752-David-Bowie-Do-Anything-You-Say, $10.66 ,3161752,,3161752
"Bowie, David",Do You Anything You Say,"7"" Vinyl",Yes,Pye Records,7NX 8002,1972,Spain,Solid Centre,No,https://www.discogs.com/release/4565112-David-Bowie-For-The-Collector-Early-David-Bowie, $14.98 ,4565112,,4565112
"Bowie, David",Do You Anything You Say,"7"" Vinyl",Yes,Pye Records,UP-412-Y,1972,USA,Stock Copy,No,https://www.discogs.com/release/508512-デビッドボウイー-David-Bowie-ドゥエニィシングユーセイ-Do-Anything-You-Say," $1,100.00 ",508512,,508512
"Bowie, David",Dollars In Drag - The 1980 Floor Show,"12"" Vinyl",Yes,The Amazing Kornyfone Record Label,TAKRL 1905,1974,UK,Unofficial Release,No,https://www.discogs.com/release/8542000-Bowie-Dollars-In-Drag-The-1980-Floor-Show, $30.00 ,8542000,,8542000
"Bowie, David",Dollars In Drag - The 1980 Floor Show,"12"" Vinyl",Yes,The Amazing Kornyfone Record Label,TAKRL 1905,1974,UK,Unofficial Release,No,https://www.discogs.com/release/8542092-Bowie-Dollars-In-Drag-The-1980-Floor-Show, $30.00 ,8542092,,8542092
"Bowie, David",Don't Be Fooled By The Name,"10"" Vinyl",Yes,PRT,DOW1,1981,France,,Yes,https://www.discogs.com/release/932835-David-Bowie-Dont-Be-Fooled-By-The-Name, $7.72 ,932835,,932835
"Bowie, David",Don't Be Fooled By The Name,"12"" Vinyl",Yes,PRT,SP15-5227,1986,UK,With OBI,No,https://www.discogs.com/release/8170634-David-Bowie-Dont-Be-Fooled-By-The-Name, $23.08 ,8170634,,8170634
"Bowie, David","Down To The Line, Love Is The Drug, Golden Years, Squeeze Box","7"" Vinyl",Yes,4 Track Stereo Records,FT.294,1975,USA,Unofficial Release,No,https://www.discogs.com/release/16240188-Bachman-Turner-OverdriveWho-Roxy-Music-David-Bowie-Down-To-The-Line-Love-Is-The-Drug-Golden-Years-Sq, $75.00 ,16240188,,16240188
"Bowie, David",Drag Cover,"12"" Vinyl",N/A,None,123075,1980,USA,Unofficial Release - Picture Disc with no music but interview,No,https://www.discogs.com/release/4583855-David-Bowie-Drag-Cover, $50.00 ,4583855,,4583855
"Bowie, David",Drive In Saturday,"7"" Vinyl",N/A,RCA Victor,RCA 2352,1973,EU,Push-out center intact,No,https://www.discogs.com/release/1935494-David-Bowie-Drive-In-Saturday, $3.78 ,1935494,,1935494
"Bowie, David",Drive In Saturday,"7"" Vinyl",N/A,RCA Victor,RCA 2352,1973,EU,Push-out center intact,No,https://www.discogs.com/release/1935494-David-Bowie-Drive-In-Saturday, $3.78 ,1935494,,1935494
"Bowie, David",Drive In Saturday,"7"" Vinyl",Yes,RCA,BOW 501,1983,France,Lifetimes The Singles: Push Out Center Intact,No,https://www.discogs.com/release/6548977-David-Bowie-Drive-In-Saturday, $7.66 ,6548977,,6548977
"Bowie, David",Drive In Saturday,"7"" Vinyl",Yes,RCA Victor,74-16321,1973,Spain,,No,https://www.discogs.com/release/965732-David-Bowie-Drive-In-Saturday, $14.21 ,965732,,965732
"Bowie, David",Drive In Saturday,"7"" Vinyl",Yes,RCA Victor,74-16321,1973,UK,,No,https://www.discogs.com/release/2078622-David-Bowie-Drive-In-Saturday, $17.89 ,2078622,,2078622
"Bowie, David",Drive In Saturday,"7"" Vinyl",Yes,RCA Victor,41.085,1973,UK,,No,https://www.discogs.com/release/3230250-David-Bowie-Drive-In-Saturday, $19.47 ,3230250,,3230250
"Bowie, David",Drive In Saturday,"7"" Vinyl",Yes,RCA Victor,RCA 2352,1973,UK,Stock Copy,No,https://www.discogs.com/release/3328456-David-Bowie-Drive-In-Saturday, $31.58 ,3328456,,3328456
"Bowie, David",Drive In Saturday,"7"" Vinyl",N/A,EMI,DBDRIVE 40,2013,UK,"Picture Disc - Limited Edition of 3,000 copies",No,https://www.discogs.com/release/4494782-David-Bowie-Drive-In-Saturday, $25.32 ,4494782,,4494782
"Bowie, David",Drive In Saturday,"7"" Vinyl",N/A,EMI,DBDRIVE 40,2013,UK,"Picture Disc - Limited Edition of 3,000 copies",Yes,https://www.discogs.com/release/4494782-David-Bowie-Drive-In-Saturday, $25.32 ,4494782,,4494782
"Bowie, David",Drive In Saturday,"7"" Vinyl",Yes,RCA Victor,SRCA-88668,1973,USA,Stock Copy,No,https://www.discogs.com/release/3106627-David-Bowie-Drive-In-Saturday, $47.37 ,3106627,,3106627
"Bowie, David",Drive In Saturday,"7"" Vinyl",Yes,RCA Victor,N-20 123,1973,USA,Tattered Cover,No,https://www.discogs.com/release/15841102-David-Bowie-Drive-In-Saturday, $73.68 ,15841102,,15841102
"Bowie, David",Early On (1964-1966),Cassette,Yes,Rhino Records,R4 70526,1991,UK,Compilation,No,https://www.discogs.com/release/5529061-David-Bowie-Early-On-1964-1966, $16.25 ,5529061,,5529061
"Bowie, David",Earthling,CD,Yes,Virgin,7243 8 42627 2 3,1997,EU,,No,https://www.discogs.com/release/86137-David-Bowie-Earthling, $4.00 ,86137,,86137
"Bowie, David",Earthling,CD,Yes,Columbia / ISO Records,CK 92098,1997,Italy,Reissue,No,https://www.discogs.com/release/1049344-David-Bowie-Earthling, $10.00 ,1049344,,1049344
"Bowie, David",Earthling,CD,Yes,Arista / BMG,7432143077 2,1997,UK,Special Edition,No,https://www.discogs.com/release/6931799-David-Bowie-Earthling, $24.47 ,6931799,,6931799
"Bowie, David",Earthling,"12"" Vinyl",Yes,RCA,74321 44944-1,1997,USA,Original Pressing,No,https://www.discogs.com/release/1915532-David-Bowie-Earthling, $262.63 ,1915532,,1915532
"Bowie, David",Earthling,"12"" Vinyl",Yes,RCA / ISO Records / Music On Vinyl,MOVLP815,2013,USA,Blue Vinyl - # 1353/2000,Yes,https://www.discogs.com/release/5021529-David-Bowie-Earthling, $169.47 ,5021529,,5021529
"Bowie, David",Earthling,"12"" Vinyl",Yes,RCA / ISO Records / Music On Vinyl,MOVLP815,2013,USA,Green Vinyl - # 750/2000,No,https://www.discogs.com/release/5015564-David-Bowie-Earthling, $198.63 ,5015564,,5015564
"Bowie, David",Earthling,"12"" Vinyl",Yes,RCA / ISO Records / Music On Vinyl,MOVLP815,2013,USA,Green Vinyl - # 937/2000,Yes,https://www.discogs.com/release/5015564-David-Bowie-Earthling, $198.63 ,5015564,,5015564
"Bowie, David",Earthling,"12"" Vinyl",Yes,ISO Records / Columbia / Sony Music / Friday Music,FRM-42627,2015,USA,"Record Store Day - Green Vinyl Limited Edition of 2,000 Copies",No,https://www.discogs.com/release/7781493-David-Bowie-Earthling, $70.00 ,7781493,,7781493
"Bowie, David",Earthling,"12"" Vinyl",Yes,ISO Records / Columbia / Sony Music / Friday Music,FRM-42627,2015,USA,"Record Store Day - Green Vinyl Limited Edition of 2,000 Copies",Yes,https://www.discogs.com/release/7781493-David-Bowie-Earthling, $70.00 ,7781493,,7781493
"Bowie, David",Earthling In The City,CD,Yes,GQ Magazine,BOWIE 81165-01,1997,EU,Promo,No,https://www.discogs.com/release/131784-David-Bowie-Earthling-In-The-City, $5.00 ,131784,,131784
"Bowie, David",Earthling In The City,CD,Yes,GQ Magazine,BOWIE 81165-01,1997,EU,Promo,No,https://www.discogs.com/release/131784-David-Bowie-Earthling-In-The-City, $5.00 ,131784,,131784
"Bowie, David",Even More Sounds + Visions,"10"" Vinyl",Yes,Coda Publishing LTD,CPLTIV023,2020,UK,Unofficial - Bronze Vinyl,Yes,https://www.discogs.com/release/16024803-Bowie-Even-More-Sounds-Visions-The-Legendary-Broadcasts, $20.00 ,16024803,,16024803
"Bowie, David",Everyone Says 'Hi',CD,Yes,Columbia / ISO Records,673134 5,2002,Mexico,CD3,No,https://www.discogs.com/release/1065597-Bowie-Everyone-Says-Hi, $11.25 ,1065597,,1065597
"Bowie, David",Everyone Says 'Hi',CD,Yes,Columbia / ISO Records,673134 3,2002,Netherlands,CD2,No,https://www.discogs.com/release/1065584-Bowie-Everyone-Says-Hi, $11.46 ,1065584,,1065584
"Bowie, David",Everyone Says 'Hi',CD,Yes,Columbia / ISO Records,COL 673076,2002,Portugal,Single,No,https://www.discogs.com/release/459363-Bowie-Everyone-Says-Hi, $13.08 ,459363,,459363
"Bowie, David",Everyone Says 'Hi',CD,Yes,Columbia / ISO Records,673134 2,2002,Spain,CD1,No,https://www.discogs.com/release/1065569-Bowie-Everyone-Says-Hi, $14.00 ,1065569,,1065569
"Bowie, David",Everyone Says 'Hi' / I Took A Trip On A Gemini Spaceship,"12"" Vinyl",N/A,Columbia / ISO Records,CAS 59068,2002,USA,Promo,No,https://www.discogs.com/release/221951-David-Bowie-Everyone-Says-Hi-I-Took-A-Trip-On-A-Gemini-Spaceship, $40.00 ,221951,,221951
"Bowie, David",Excerpts From Outside (The Nathan Adler Diaries: A Hyper Cycle),"12"" Vinyl",Yes,RCA / BMG,74321307021,1995,USA,,No,https://www.discogs.com/release/1057475-David-Bowie-Excerpts-From-Outside-The-Nathan-Adler-Diaries-A-Hyper-Cycle, $177.21 ,1057475,,1057475
"Bowie, David",Excerpts From Outside (The Nathan Adler Diaries: A Hyper Cycle),"12"" Vinyl",Yes,Music On Vinyl / Arista / ISO Records,MOVLP500,2013,USA,V&A Exclusive - 279/500 - Green Vinyl,No,https://www.discogs.com/release/4793840-David-Bowie-Excerpts-From-Outside-The-Nathan-Adler-Diaries-A-Hyper-Cycle, $236.84 ,4793840,,4793840
"Bowie, David",Falling Up Through The Years,"12"" Vinyl",Yes,None,None,2016,USA,Unofficial Release,No,https://www.discogs.com/release/8082075-David-Bowie-Falling-Up-Through-The-Years, $40.00 ,8082075,,8082075
"Bowie, David",Fame,"7"" Vinyl",N/A,RCA Victor,RCA 2579,1975,EU,Push-out center intact,No,https://www.discogs.com/release/1002530-David-Bowie-Fame, $3.78 ,1002530,,1002530
"Bowie, David",Fame,"7"" Vinyl",N/A,RCA Victor,PB-10320,1975,EU,Tan Label,No,https://www.discogs.com/release/3271244-David-Bowie-Fame, $3.89 ,3271244,,3271244
"Bowie, David",Fame,"7"" Vinyl",N/A,RCA Victor,PB-10320,1975,EU,Tan Label,No,https://www.discogs.com/release/3271244-David-Bowie-Fame, $3.89 ,3271244,,3271244
"Bowie, David",Fame,"7"" Vinyl",N/A,RCA Victor,PB-10320,1975,EU,Tan Label,No,https://www.discogs.com/release/3271244-David-Bowie-Fame, $3.89 ,3271244,,3271244
"Bowie, David",Fame,"7"" Vinyl",N/A,RCA Victor,PB-10320,1975,EU,Tan Label,No,https://www.discogs.com/release/3271244-David-Bowie-Fame, $3.89 ,3271244,,3271244
"Bowie, David",Fame,"7"" Vinyl",N/A,RCA Victor,PB-10320,1975,EU,Stock Copy - Tan Label,No,https://www.discogs.com/release/2884305-David-Bowie-Fame, $4.23 ,2884305,,2884305
"Bowie, David",Fame,"7"" Vinyl",N/A,RCA Victor,PB-10320,1975,EU,Orange Label,No,https://www.discogs.com/release/2005895-David-Bowie-Fame, $5.00 ,2005895,,2005895
"Bowie, David",Fame,"7"" Vinyl",N/A,RCA Victor,RCA 2579,1975,France,Solid Centre,No,https://www.discogs.com/release/4507066-David-Bowie-Fame, $6.32 ,4507066,,4507066
"Bowie, David",Fame,"7"" Vinyl",Yes,RCA Victor,PB-10320,1975,Germany,,No,https://www.discogs.com/release/369996-David-Bowie-Fame, $9.47 ,369996,,369996
"Bowie, David",Fame,"7"" Vinyl",Yes,RCA Victor,PB-10320,1975,Germany,,No,https://www.discogs.com/release/369996-David-Bowie-Fame, $9.47 ,369996,,369996
"Bowie, David",Fame,"7"" Vinyl",Yes,RCA,BOW 507,1983,Germany,Lifetimes The Singles: Push Out Center Intact,No,https://www.discogs.com/release/978015-David-Bowie-Fame, $9.35 ,978015,,978015
"Bowie, David",Fame,"7"" Vinyl",N/A,RCA,JB-10320,1975,Spain,Promo ,No,https://www.discogs.com/release/4085844-David-Bowie-Fame, $13.84 ,4085844,,4085844
"Bowie, David",Fame,"7"" Vinyl",Yes,RCA Victor,TPBO 7013,1975,Spain,Stock Copy,No,https://www.discogs.com/release/3134151-David-Bowie-Fame-Space-Oddity, $14.84 ,3134151,,3134151
"Bowie, David",Fame,"7"" Vinyl",Yes,RCA Victor,PB-10320,1975,UK,,No,https://www.discogs.com/release/6221855-David-Bowie-Fame, $25.30 ,6221855,,6221855
"Bowie, David",Fame,"7"" Vinyl",No,RCA Victor,PB-10320,1975,UK,Disc is official but it is housed in a pirate sleeve,No,https://www.discogs.com/release/10156711-David-Bowie-Fame, $26.32 ,10156711,,10156711
"Bowie, David",Fame,"7"" Vinyl",Yes,RCA Victor,PB 10320,1975,UK,Stock Copy,No,https://www.discogs.com/release/2545174-David-Bowie-Fame, $29.19 ,2545174,,2545174
"Bowie, David",Fame,"7"" Vinyl",N/A,Parlophone,DBFAME40,2015,UK,Picture Disc,Yes,https://www.discogs.com/release/7245736-David-Bowie-Fame, $15.78 ,7245736,,7245736
"Bowie, David",Fame,"7"" Vinyl",N/A,Parlophone,DBFAME40,2015,UK,Picture Disc,Yes,https://www.discogs.com/release/7245736-David-Bowie-Fame, $15.78 ,7245736,,7245736
"Bowie, David",Fame,"7"" Vinyl",N/A,Parlophone,DBFAME40,2015,UK,Picture Disc,Yes,https://www.discogs.com/release/7245736-David-Bowie-Fame, $15.78 ,7245736,,7245736
"Bowie, David",Fame,"7"" Vinyl",N/A,Parlophone,DBFAME40,2015,UK,Picture Disc,No,https://www.discogs.com/release/7245736-David-Bowie-Fame, $15.78 ,7245736,,7245736
"Bowie, David",Fame,"7"" Vinyl",N/A,RCA Victor,102639,1975,USA,,No,https://www.discogs.com/release/8035312-David-Bowie-Fame, $41.39 ,8035312,,8035312
"Bowie, David",Fame,"7"" Vinyl",N/A,RCA Victor,PB-10320,1975,USA,Promo,No,https://www.discogs.com/release/11242291-David-Bowie-Fame, $55.00 ,11242291,,11242291
"Bowie, David",Fame,"7"" Vinyl",Yes,Royalsound,TKR 325,1975,USA,Unofficial Release,No,https://www.discogs.com/release/15270647-Various-No-Title, $75.00 ,15270647,,15270647
"Bowie, David",Fame,"7"" Vinyl",Yes,RCA Victor,SP-4341,1975,USA,,No,https://www.discogs.com/release/15178053-David-Bowie-Fame-Fama-Right-Correcto-, $75.68 ,15178053,,15178053
"Bowie, David",Fame,"7"" Vinyl",Yes,RCA,SS-2482,1975,USA,Stock Copy,No,https://www.discogs.com/release/4021729-デビッドボウイー-David-Bowie-フェイム-Fame, $86.67 ,4021729,,4021729
"Bowie, David",Fame,"7"" Vinyl",No,RCA Victor,51-51843,1976,USA,Stock Copy - large amount of writing on label,No,https://www.discogs.com/release/8547728-David-Bowie-Fame-Right, $350.00 ,8547728,,8547728
"Bowie, David",Fame '90,CD,Yes,Rykodisc,RCD5 1018,1990,EU,Maxi-Single,No,https://www.discogs.com/release/199267-David-Bowie-Fame-90, $5.26 ,199267,,199267
"Bowie, David",Fame '90,CD,Yes,Rykodisc,RCD5 1018,1990,EU,Maxi-Single,No,https://www.discogs.com/release/199267-David-Bowie-Fame-90, $5.26 ,199267,,199267
"Bowie, David",Fame / Golden Years,"7"" Vinyl",N/A,RCA,GB-10938,1976,EU,Gold Standard Series - Black Label,No,https://www.discogs.com/release/12062145-David-Bowie-Fame-Golden-Years, $3.72 ,12062145,,12062145
"Bowie, David",Fame / Golden Years,"7"" Vinyl",N/A,RCA Victor,GB-10938,1976,EU,Golden Greats,No,https://www.discogs.com/release/6438480-David-Bowie-Fame-Golden-Years, $5.26 ,6438480,,6438480
"Bowie, David",Fame / Golden Years,"7"" Vinyl",Yes,RCA,OLD-25016,1980,Spain,,No,https://www.discogs.com/release/3319763-David-Bowie-Fame-Golden-Years, $13.79 ,3319763,,3319763
"Bowie, David",Fame 90,"12"" Vinyl",N/A,EMI USA,SPRO 04547,1990,Germany,Promo,No,https://www.discogs.com/release/1049035-David-Bowie-Fame-90, $8.47 ,1049035,,1049035
"Bowie, David",Fame 90,"12"" Vinyl",Yes,EMI USA,12FAME 90,1990,Germany,Stock Copy,No,https://www.discogs.com/release/3217602-David-Bowie-Fame-90-, $8.54 ,3217602,,3217602
"Bowie, David",Fame 90,"12"" Vinyl",No,EMI USA / Ryko Analogue,V-56163,1990,Germany,"No cover, however it is sealed",Yes,https://www.discogs.com/release/190018-David-Bowie-Fame-90, $8.91 ,190018,,190018
"Bowie, David",Fame 90,"12"" Vinyl",No,EMI USA / Ryko Analogue,V-56163,1990,Germany,Stock Copy,Yes,https://www.discogs.com/release/190018-David-Bowie-Fame-90, $8.91 ,190018,,190018
"Bowie, David",Fame 90,"12"" Vinyl",No,EMI USA / Ryko Analogue,V-56163,1990,Germany,Stock Copy,No,https://www.discogs.com/release/190018-David-Bowie-Fame-90, $8.91 ,190018,,190018
"Bowie, David",Fame 90,"7"" Vinyl",Yes,EMI USA,FAMES 90,1990,Germany,Limited edition with postcards,No,https://www.discogs.com/release/2261182-David-Bowie-Fame-90, $9.46 ,2261182,,2261182
"Bowie, David",Fame And Fashion (David Bowie's All Time Greatest Hits),"12"" Vinyl",Yes,RCA Victor,AFL1-4919,1984,Spain,Stock Copy,No,https://www.discogs.com/release/1623710-David-Bowie-Fame-And-Fashion-David-Bowies-All-Time-Greatest-Hits, $14.97 ,1623710,,1623710
"Bowie, David",Fame And Fashion (David Bowie's All Time Greatest Hits),"12"" Vinyl",Yes,RCA Victor,AFL1-4919,1984,Spain,Stock Copy,No,https://www.discogs.com/release/1623710-David-Bowie-Fame-And-Fashion-David-Bowies-All-Time-Greatest-Hits, $14.97 ,1623710,,1623710
"Bowie, David",Fame And Fashion (David Bowie's All Time Greatest Hits),CD,Yes,RCA,PD 84919,1984,UK,Blue Spine,No,https://www.discogs.com/release/1275537-David-Bowie-Fame-And-Fashion-David-Bowies-All-Time-Greatest-Hits, $15.78 ,1275537,,1275537
"Bowie, David",Fame And Fashion (David Bowie's All Time Greatest Hits),"12"" Vinyl",Yes,RCA,RPL-8239,1984,UK,With OBI,No,https://www.discogs.com/release/2522316-David-Bowie-Fame-And-Fashion-David-Bowies-All-Time-Greatest-Hits, $26.68 ,2522316,,2522316
"Bowie, David",Fame And Fashion (David Bowie's All Time Greatest Hits),CD,Yes,RCA Victor,PCD1-4919,1984,USA,Red Spine,No,https://www.discogs.com/release/10387121-David-Bowie-Fame-And-Fashion-David-Bowies-All-Time-Greatest-Hits, $40.00 ,10387121,,10387121
"Bowie, David",Fashion,"7"" Vinyl",Yes,RCA,BOW 7,1980,EU,Stock Copy - push out center intact,No,https://www.discogs.com/release/2665559-David-Bowie-Fashion, $2.53 ,2665559,,2665559
"Bowie, David",Fashion,"7"" Vinyl",Yes,RCA Victor,PB 9622,1980,EU,,No,https://www.discogs.com/release/932729-David-Bowie-Fashion, $3.26 ,932729,,932729
"Bowie, David",Fashion,"7"" Vinyl",N/A,RCA,PB-12134,1980,EU,Stock Copy,No,https://www.discogs.com/release/4342251-David-Bowie-Fashion, $3.51 ,4342251,,4342251
"Bowie, David",Fashion,"7"" Vinyl",Yes,RCA Victor,PB 2134,1980,EU,,No,https://www.discogs.com/release/1039754-David-Bowie-Fashion, $3.68 ,1039754,,1039754
"Bowie, David",Fashion,"7"" Vinyl",Yes,RCA Victor,PB 2134,1980,EU,,No,https://www.discogs.com/release/1039754-David-Bowie-Fashion, $3.68 ,1039754,,1039754
"Bowie, David",Fashion,"7"" Vinyl",Yes,RCA,PB-12134,1980,EU,Stock Copy,No,https://www.discogs.com/release/2354352-David-Bowie-Fashion, $5.16 ,2354352,,2354352
"Bowie, David",Fashion,"7"" Vinyl",Yes,RCA,PB-12134,1980,EU,Stock Copy,No,https://www.discogs.com/release/2354352-David-Bowie-Fashion, $5.16 ,2354352,,2354352
"Bowie, David",Fashion,"7"" Vinyl",Yes,RCA,PB-12134,1980,EU,Stock Copy,No,https://www.discogs.com/release/2354352-David-Bowie-Fashion, $5.16 ,2354352,,2354352
"Bowie, David",Fashion,"7"" Vinyl",Yes,RCA,PB-12134,1980,EU,Stock Copy,No,https://www.discogs.com/release/2354352-David-Bowie-Fashion, $5.16 ,2354352,,2354352
"Bowie, David",Fashion,"7"" Vinyl",Yes,RCA Victor,PB 9622,1980,EU,,No,https://www.discogs.com/release/378852-David-Bowie-Fashion, $5.18 ,378852,,378852
"Bowie, David",Fashion,"7"" Vinyl",Yes,RCA,PB-9622,1980,EU,,No,https://www.discogs.com/release/3047063-David-Bowie-Fashion, $5.18 ,3047063,,3047063
"Bowie, David",Fashion,"7"" Vinyl",N/A,RCA Victor,103709,1980,EU,,No,https://www.discogs.com/release/1231920-David-Bowie-Fashion, $5.73 ,1231920,,1231920
"Bowie, David",Fashion,"7"" Vinyl",N/A,RCA Victor,103709,1980,EU,Stock Copy,No,https://www.discogs.com/release/1231920-David-Bowie-Fashion, $5.73 ,1231920,,1231920
"Bowie, David",Fashion,"7"" Vinyl",Yes,RCA,BOW 7,1989,EU,Stock Copy - solid centre,No,https://www.discogs.com/release/751267-David-Bowie-Fashion, $3.79 ,751267,,751267
"Bowie, David",Fashion,"7"" Vinyl",N/A,RCA Victor,103709,1980,France,,No,https://www.discogs.com/release/2293240-David-Bowie-Fashion, $6.05 ,2293240,,2293240
"Bowie, David",Fashion,"7"" Vinyl",N/A,RCA,BOW 7,1980,France,Promo - Push out center intact,No,https://www.discogs.com/release/18775492-David-Bowie-Fashion, $6.16 ,18775492,,18775492
"Bowie, David",Fashion,"12"" Vinyl",N/A,RCA Victor,JD-12140,1980,France,Promo,No,https://www.discogs.com/release/858849-David-Bowie-Fashion, $7.00 ,858849,,858849
"Bowie, David",Fashion,"7"" Vinyl",N/A,RCA Victor,42-1025,1980,Germany,,No,https://www.discogs.com/release/10375172-David-Bowie-Fashion, $9.50 ,10375172,,10375172
"Bowie, David",Fashion,"7"" Vinyl",Yes,RCA Victor,PB-2134,1980,Japan,Stock Copy,No,https://www.discogs.com/release/3300193-David-Bowie-Fashion, $10.53 ,3300193,,3300193
"Bowie, David",Fashion,"12"" Vinyl",Yes,RCA Victor,PC 9638,1981,Japan,Super-Sound Single,No,https://www.discogs.com/release/1715197-David-Bowie-Fashion, $10.47 ,1715197,,1715197
"Bowie, David",Fashion,"7"" Vinyl",N/A,RCA,JH-12134,1980,Mexico,Promo,No,https://www.discogs.com/release/9210385-David-Bowie-Fashion, $11.18 ,9210385,,9210385
"Bowie, David",Fashion,"7"" Vinyl",N/A,RCA,S-0065,1980,USA,Promo,No,https://www.discogs.com/release/12032912-David-Bowie-Moda-Fashion, $76.57 ,12032912,,12032912
"Bowie, David",Fashion,"7"" Vinyl",N/A,RCA Victor,PB-12134,1980,USA,Tattered Label,No,, $100.00 ,,,
"Bowie, David",Fashions,"7"" Vinyl",Yes,RCA,BOW 100,1982,USA,Box Set - picture discs,No,https://www.discogs.com/release/749054-David-Bowie-Fashions, $90.12 ,749054,,749054
"Bowie, David",Five Years (1969 - 1973),CD,Yes,Parlophone,DBX 1,2015,USA,Box Set,No,https://www.discogs.com/release/7524226-David-Bowie-Five-Years-1969-1973, $294.74 ,7524226,,7524226
"Bowie, David",Five Years (1969 - 1973),"12"" Vinyl",Yes,Parlophone,DBXL 1,2015,USA,Box Set,No,https://www.discogs.com/release/7521520-David-Bowie-Five-Years-1969-1973, $790.86 ,7521520,,7521520
"Bowie, David",Five Years/Hang On To Yourself/ A Lad In Vain,"7"" Vinyl",Yes,Major Tom,6052-202,1982,USA,Bootleg,No,https://www.discogs.com/release/3968218-The-Hype-Five-Years-Hang-On-To-Yourself-A-Lad-In-Vain, $50.00 ,3968218,,3968218
"Bowie, David",Forever Yours,"12"" Vinyl",Yes,"Raven Records, Inc",DB 6894,1979,USA,Unofficial Release - Yellow Insert,No,https://www.discogs.com/release/970183-David-Bowie-Forever-Yours, $200.00 ,970183,,970183
"Bowie, David",Forward to 1978,"12"" Vinyl",Yes,None,BOWIE-78,2019,USA,Unofficial Release - yellow vinyl limited edition of 100 copies with poster,No,https://www.discogs.com/release/13617532-David-Bowie-Forward-To-1978, $40.00 ,13617532,,13617532
"Bowie, David",From Station To Station (The Legendary Broadcasts),"12"" Vinyl",Yes,Coda Publishing LTD,CPLVNY310,2017,UK,"Unofficial Release - limited to 500 copies, white vinyl",No,https://www.discogs.com/release/11235088-Bowie-From-Station-To-Station-The-Legendary-Broadcasts, $25.00 ,11235088,,11235088
"Bowie, David",Gigantes Del Pop Vol. 28,"12"" Vinyl",Yes,Decca,64 95 081,1981,Japan,,No,https://www.discogs.com/release/3624201-David-Bowie-Gigantes-Del-Pop-Vol-28, $10.53 ,3624201,,3624201
"Bowie, David",Glass Spider,Laserdisc,Yes,MPI Home Video,ID6198MP,1991,UK,NTSC Version,No,https://www.discogs.com/release/4879711-David-Bowie-Glass-Spider, $19.00 ,4879711,,4879711
"Bowie, David",Glass Spider Live,"12"" Vinyl",Yes,Vinyl Passion,VP 80105,2008,USA,Unofficial Release,Yes,https://www.discogs.com/release/1859922-David-Bowie-Glass-Spider-Live, $40.00 ,1859922,,1859922
"Bowie, David",Glastonbury 2000,CD / DVD,Yes,BBC / Parlophone,0190295568764,2018,UK,NTSC,No,https://www.discogs.com/release/12841898-Bowie-Glastonbury-2000, $23.84 ,12841898,,12841898
"Bowie, David",Glastonbury 2000,"12"" Vinyl",Yes,Parlophone,1.90296E+11,2018,USA,Misprint Version,No,https://www.discogs.com/release/12811492-Bowie-Glastonbury-2000, $53.02 ,12811492,,12811492
"Bowie, David",Golden Years,"7"" Vinyl",N/A,RCA Victor,RCA 2640,1975,EU,Lot's of writing on cover,No,https://www.discogs.com/release/479232-Bowie-Golden-Years, $2.97 ,479232,,479232
"Bowie, David",Golden Years,"7"" Vinyl",N/A,RCA Victor,PB-10441,1975,EU,,No,https://www.discogs.com/release/7271381-David-Bowie-Golden-Years, $3.00 ,7271381,,7271381
"Bowie, David",Golden Years,"7"" Vinyl",N/A,RCA Victor,PB-10441,1975,EU,,No,https://www.discogs.com/release/7271381-David-Bowie-Golden-Years, $3.00 ,7271381,,7271381
"Bowie, David",Golden Years,"7"" Vinyl",N/A,RCA Victor,PB-10441,1975,EU,,No,https://www.discogs.com/release/7271381-David-Bowie-Golden-Years, $3.00 ,7271381,,7271381
"Bowie, David",Golden Years,"7"" Vinyl",N/A,RCA Victor,PB-10441,1975,EU,,No,https://www.discogs.com/release/7271381-David-Bowie-Golden-Years, $3.00 ,7271381,,7271381
"Bowie, David",Golden Years,"7"" Vinyl",N/A,RCA Victor,PB-10441,1975,EU,,No,https://www.discogs.com/release/7271381-David-Bowie-Golden-Years, $3.00 ,7271381,,7271381
"Bowie, David",Golden Years,"7"" Vinyl",N/A,RCA Victor,PB-10441,1975,EU,,No,https://www.discogs.com/release/7271381-David-Bowie-Golden-Years, $3.00 ,7271381,,7271381
"Bowie, David",Golden Years,"7"" Vinyl",N/A,RCA Victor,PB-10441,1975,EU,Stock Copy,No,https://www.discogs.com/release/2245747-David-Bowie-Golden-Years, $3.34 ,2245747,,2245747
"Bowie, David",Golden Years,"7"" Vinyl",N/A,RCA,TPJB 1206,1976,France,Jukebox Copy,No,https://www.discogs.com/release/5037394-Patty-Pravo-David-Bowie-Tanto-Golden-Years, $6.31 ,5037394,,5037394
"Bowie, David",Golden Years,"12"" Vinyl",Yes,RCA,BOW LP 4,1983,France,,No,https://www.discogs.com/release/962935-David-Bowie-Golden-Years, $7.50 ,962935,,962935
"Bowie, David",Golden Years,"7"" Vinyl",Yes,RCA,BOW 508,1983,France,Lifetimes The Singles: Push Out Center Intact,No,https://www.discogs.com/release/3400646-David-Bowie-Golden-Years, $7.91 ,3400646,,3400646
"Bowie, David",Golden Years,"7"" Vinyl",Yes,RCA,BOW 508,1983,France,Lifetimes The Singles: Push Out Center Intact,No,https://www.discogs.com/release/3400646-David-Bowie-Golden-Years, $7.91 ,3400646,,3400646
"Bowie, David",Golden Years,"7"" Vinyl",N/A,RCA,JH-10441,1975,Germany,Promo,No,https://www.discogs.com/release/2724174-David-Bowie-Golden-Years, $8.00 ,2724174,,2724174
"Bowie, David",Golden Years,"7"" Vinyl",Yes,RCA Victor,PB 10 441,1975,Germany,,No,https://www.discogs.com/release/554700-David-Bowie-Golden-Years, $8.42 ,554700,,554700
"Bowie, David",Golden Years,"7"" Vinyl",Yes,RCA Victor,PB 10 441,1975,Germany,,No,https://www.discogs.com/release/554700-David-Bowie-Golden-Years, $8.42 ,554700,,554700
"Bowie, David",Golden Years,"12"" Vinyl",Yes,RCA Victor,AFL1-4792,1983,Italy,Hype Sticker in shrink wrap,Yes,https://www.discogs.com/release/1173778-David-Bowie-Golden-Years, $10.06 ,1173778,,1173778
"Bowie, David",Golden Years,"12"" Vinyl",Yes,RCA Victor,AFL1-4792,1983,Italy,,No,https://www.discogs.com/release/1173778-David-Bowie-Golden-Years, $10.06 ,1173778,,1173778
"Bowie, David",Golden Years,"12"" Vinyl",Yes,RCA Victor,AFL1-4792,1983,Italy,,No,https://www.discogs.com/release/1173778-David-Bowie-Golden-Years, $10.06 ,1173778,,1173778
"Bowie, David",Golden Years,"7"" Vinyl",Yes,RCA Victor,PB 10441,1975,Japan,Stock Copy,No,https://www.discogs.com/release/1775119-David-Bowie-Golden-Years, $10.53 ,1775119,,1775119
"Bowie, David",Golden Years,CD,Yes,Virgin,509990293321,2011,Netherlands,Single,No,https://www.discogs.com/release/2947400-David-Bowie-Vs-KCRW-Golden-Years, $12.00 ,2947400,,2947400
"Bowie, David",Golden Years,"7"" Vinyl",Yes,RCA Victor,YBPBO.415,1975,New Zealand,,No,https://www.discogs.com/release/1395350-David-Bowie-Golden-Years, $12.63 ,1395350,,1395350
"Bowie, David",Golden Years,"7"" Vinyl",N/A,RCA Victor,102708,1975,Spain,Stock Copy,No,https://www.discogs.com/release/6680525-David-Bowie-Golden-Years, $14.97 ,6680525,,6680525
"Bowie, David",Golden Years,"7"" Vinyl",N/A,RCA Victor,102708,1975,Spain,Stock Copy,No,https://www.discogs.com/release/6680525-David-Bowie-Golden-Years, $14.97 ,6680525,,6680525
"Bowie, David",Golden Years,"7"" Vinyl",Yes,RCA Victor,PB-10441,1975,UK,Stock Copy,No,https://www.discogs.com/release/6283003-David-Bowie-Golden-Years-Años-Dorados, $17.70 ,6283003,,6283003
"Bowie, David",Golden Years,"7"" Vinyl",Yes,RCA Victor,PB-10441,1975,UK,,No,https://www.discogs.com/release/10126460-David-Bowie-Golden-Years, $23.05 ,10126460,,10126460
"Bowie, David",Golden Years,"7"" Vinyl",N/A,RCA Victor,RCA 2640,1975,UK,Promo,No,https://www.discogs.com/release/3919829-Bowie-Golden-Years, $27.08 ,3919829,,3919829
"Bowie, David",Golden Years,"7"" Vinyl",N/A,RCA Victor,PB-10441,1975,UK,Stock copy - worn labels with writing on them,No,https://www.discogs.com/release/8324095-David-Bowie-Golden-Years-Los-Años-Dorados, $29.00 ,8324095,,8324095
"Bowie, David",Golden Years,"7"" Vinyl",Yes,RCA Victor,PB-10441,1976,UK,Stock Copy,No,https://www.discogs.com/release/3459951-David-Bowie-Golden-Years, $15.79 ,3459951,,3459951
"Bowie, David",Golden Years,CD,Yes,RCA Victor,PCD1-4792,1983,UK,Red Spine,No,https://www.discogs.com/release/2029953-David-Bowie-Golden-Years, $20.26 ,2029953,,2029953
"Bowie, David",Golden Years,"7"" Vinyl",N/A,Parlophone,DBGOLD40,2015,UK,Picture Disc,Yes,https://www.discogs.com/release/7703544-David-Bowie-Golden-Years, $15.48 ,7703544,,7703544
"Bowie, David",Golden Years,"7"" Vinyl",N/A,Parlophone,DBGOLD40,2015,UK,Picture Disc,No,https://www.discogs.com/release/7703544-David-Bowie-Golden-Years, $15.48 ,7703544,,7703544
"Bowie, David",Golden Years,"7"" Vinyl",N/A,RCA Victor,PB-10441,1975,USA,Promo,No,https://www.discogs.com/release/11242254-David-Bowie-Golden-Years, $46.98 ,11242254,,11242254
"Bowie, David",Golden Years,"7"" Vinyl",N/A,RCA Victor,42-656,1975,USA,,No,https://www.discogs.com/release/27364920-David-Bowie-Golden-Years, $50.00 ,27364920,,27364920
"Bowie, David",Golden Years,"7"" Vinyl",N/A,RCA Victor,42-656,1975,USA,Large Center Hole,No,https://www.discogs.com/release/6521598-Bowie-Golden-Years, $99.47 ,6521598,,6521598
"Bowie, David",Golden Years,"7"" Vinyl",N/A,RCA Victor,42-656,1975,USA,Spindle Center Hole,No,https://www.discogs.com/release/6521598-Bowie-Golden-Years, $99.47 ,6521598,,6521598
"Bowie, David",Golden Years,"7"" Vinyl",Yes,RCA,SS-2520,1976,USA,Stock Copy,No,https://www.discogs.com/release/3642394-David-Bowie-デビッドボウイー-ゴールデンイヤーズ-Golden-Years, $51.37 ,3642394,,3642394
"Bowie, David",Golden Years,"7"" Vinyl",N/A,RCA,45.674,1976,USA,Label is worn,No,https://www.discogs.com/release/7046581-David-Bowie-Golden-Years-Epoca-De-Oro, $130.00 ,7046581,,7046581
"Bowie, David",Golden Years,"7"" Vinyl",Yes,RCA,101.4082,1977,USA,Promo,No,https://www.discogs.com/release/8502044-David-Bowie-Golden-Years, $189.47 ,8502044,,8502044
"Bowie, David",Hallo Spaceboy,CD,Yes,RCA / BMG,74321353842,1996,EU,Single,No,https://www.discogs.com/release/254007-David-Bowie-Hallo-Spaceboy, $3.99 ,254007,,254007
"Bowie, David",Hallo Spaceboy,"7"" Vinyl",Yes,RCA / BMG,74321353847,1996,USA,Pink Vinyl,No,https://www.discogs.com/release/865151-David-Bowie-Hallo-Spaceboy, $43.95 ,865151,,865151
"Bowie, David",Halloween Jack Spooks 'Em In Toronto,"12"" Vinyl",Yes,None,DB 1972,1986,USA,Unofficial Release,No,https://www.discogs.com/release/6045590-David-Bowie-Halloween-Jack-Spooks-Em-In-Toronto, $150.00 ,6045590,,6045590
"Bowie, David",Hammersmith Odeon 1983,"12"" Vinyl",Yes,None,None,1985,USA,Unofficial Release - two disc set white label,No,, $75.00 ,,,
"Bowie, David",Hang On To Yourself,"7"" Vinyl",N/A,B & C Records,CB 189,1972,USA,Stock Copy,No,https://www.discogs.com/release/4955903-Arnold-Corns-Hang-Onto-Yourself, $225.00 ,4955903,,4955903
"Bowie, David",Hang On To Yourself,"7"" Vinyl",N/A,B & C Records,CB 189,1972,USA,Promo - Push-out center intact - Arnold Corns,No,https://www.discogs.com/release/12290762-Arnold-Corns-Hang-Onto-Yourself, $225.00 ,12290762,,12290762
"Bowie, David",Hang On To Yourself,"7"" Vinyl",N/A,Mooncrest,MOON 25,1974,USA,Arnold Corns Reissue,No,https://www.discogs.com/release/4713089-Arnold-Corns-Hang-On-To-Yourself, $45.05 ,4713089,,4713089
"Bowie, David",Heathen,CD,Yes,Columbia / ISO Records,CK 86630,2002,EU,,No,https://www.discogs.com/release/1018958-David-Bowie-Heathen, $2.97 ,1018958,,1018958
"Bowie, David",Heathen,CD,Yes,Columbia / ISO Records,CK 86630,2002,EU,,No,https://www.discogs.com/release/1018958-David-Bowie-Heathen, $2.97 ,1018958,,1018958
"Bowie, David",Heathen,CD,Yes,Columbia / ISO Records,CK 86630,2002,EU,,No,https://www.discogs.com/release/1018958-David-Bowie-Heathen, $2.97 ,1018958,,1018958
"Bowie, David",Heathen,CD,Yes,Columbia / ISO Records,CK 86656,2002,EU,Digipak,No,https://www.discogs.com/release/181769-David-Bowie-Heathen, $5.00 ,181769,,181769
"Bowie, David",Heathen,CD,Yes,Columbia / ISO Records,CK 86657,2002,UK,LP-Sized Gatefold,No,https://www.discogs.com/release/1878229-David-Bowie-Heathen, $15.09 ,1878229,,1878229
"Bowie, David",Heathen,"12"" Vinyl",Yes,ISO Records / Columbia,C 86630,2002,USA,Original Pressing,No,https://www.discogs.com/release/1796059-David-Bowie-Heathen, $85.79 ,1796059,,1796059
"Bowie, David",Heathen,"12"" Vinyl",Yes,ISO Records / Columbia,C 86630,2002,USA,Original Pressing,Yes,https://www.discogs.com/release/1796059-David-Bowie-Heathen, $85.79 ,1796059,,1796059
"Bowie, David",Heathen,SACD,Yes,Columbia,CS 86630,2002,USA,Multichannel,No,https://www.discogs.com/release/1970277-David-Bowie-Heathen, $100.63 ,1970277,,1970277
"Bowie, David",Heathen,"12"" Vinyl",Yes,Music On Vinyl / Columbia / ISO Records,MOVLP470,2013,USA,V&A Exclusive - 421/500 - Orange/Brown Vinyl,No,https://www.discogs.com/release/4710460-David-Bowie-Heathen, $289.47 ,4710460,,4710460
"Bowie, David",Heathen,"12"" Vinyl",Yes,Columbia / ISO Records / Friday Music,FRM-86630,2015,USA,Blue Vinyl Edition,No,https://www.discogs.com/release/7314593-David-Bowie-Heathen, $45.74 ,7314593,,7314593
"Bowie, David",Heathen,"12"" Vinyl",Yes,Columbia / ISO Records / Friday Music,FRM-86630,2015,USA,Blue Vinyl Edition,Yes,https://www.discogs.com/release/7314593-David-Bowie-Heathen, $45.74 ,7314593,,7314593
"Bowie, David",Heathen,"12"" Vinyl",Yes,Columbia / ISO Records / Friday Music,FRM-86630,2015,USA,Blue Vinyl Edition,Yes,https://www.discogs.com/release/7314593-David-Bowie-Heathen, $45.74 ,7314593,,7314593
"Bowie, David",Heathen,"12"" Vinyl",Yes,Friday Music / ISO Records / Columbia,FRM-86630,2018,USA,Red and Orange Marble Vinyl Edition,No,https://www.discogs.com/release/12870139-David-Bowie-Heathen, $42.11 ,12870139,,12870139
"Bowie, David",Heathen,"12"" Vinyl",Yes,Friday Music / ISO Records / Columbia,FRM-86630,2018,USA,Platinum and Orange Swirl Vinyl Edition,No,https://www.discogs.com/release/12763857-David-Bowie-Heathen, $56.50 ,12763857,,12763857
"Bowie, David",Heathen,"12"" Vinyl",Yes,Friday Music / ISO Records / Columbia,FRM-86630,2018,USA,Platinum and Orange Swirl Vinyl Edition,No,https://www.discogs.com/release/12763857-David-Bowie-Heathen, $56.50 ,12763857,,12763857
"Bowie, David",Heathen,"12"" Vinyl",Yes,Friday Music / ISO Records / Columbia,FRM-86630,2018,USA,Platinum and Orange Swirl Vinyl Edition,No,https://www.discogs.com/release/12763857-David-Bowie-Heathen, $56.50 ,12763857,,12763857
"Bowie, David",Helden,"7"" Vinyl",Yes,RCA Victor,PB 9168,1977,UK,,No,https://www.discogs.com/release/751816-David-Bowie-Helden, $18.24 ,751816,,751816
"Bowie, David",Heroes In Concert The Legendary Broadcast,"12"" Vinyl",Yes,Coda Publishing LTD,CPLPD343,2021,UK,Unofficial Release - Picture Disc 1st Edition 141/500,Yes,https://www.discogs.com/release/17772919-Bowie-Heroes-in-Concert-The-Legendary-Broadcast, $25.00 ,17772919,,17772919
"Bowie, David",His Master's Voice,"12"" Vinyl",Yes,The Amazing Kornyfone Record Label,TAKRL 1935,1974,USA,Unofficial Release - 2nd Edition,No,https://www.discogs.com/release/5972005-Bowie-And-The-Spiders-From-Mars-Last-Stand-His-Masters-Voice, $75.00 ,5972005,,5972005
"Bowie, David",His Master's Voice,"12"" Vinyl",Yes,The Amazing Kornyfone Record Label,TAKRL 1935,1974,USA,Unofficial Release - 2nd Edition - Blue Insert,No,https://www.discogs.com/release/7547806-Bowie-And-The-Spiders-From-Mars-Last-Stand-His-Masters-Voice, $75.00 ,7547806,,7547806
"Bowie, David",Holy Holy,"7"" Vinyl",Yes,Mercury,6052 049,1971,USA,,No,https://www.discogs.com/release/1640343-David-Bowie-Holy-Holy, $125.79 ,1640343,,1640343
"Bowie, David",Holy Holy,"7"" Vinyl",N/A,Mercury,6052 049,1971,USA,Stock Copy,No,https://www.discogs.com/release/5181939-David-Bowie-Holy-Holy, $129.59 ,5181939,,5181939
"Bowie, David",Holy Holy,"7"" Vinyl",Yes,Mercury,60 52 049,1971,USA,,No,https://www.discogs.com/release/4376523-David-Bowie-Holy-Holy-Sagrado-Sagrado, $284.21 ,4376523,,4376523
"Bowie, David",Holy Holy,"7"" Vinyl",N/A,Mercury,6052 049,1971,USA,Promo,No,https://www.discogs.com/release/6859664-David-Bowie-Holy-Holy, $348.10 ,6859664,,6859664
"Bowie, David",Holy Holy,"7"" Vinyl",N/A,Mercury,6052 049,1971,USA,Stock Copy,No,https://www.discogs.com/release/5744029-David-Bowie-Holy-Holy," $1,500.00 ",5744029,,5744029
"Bowie, David",Hours…,CD,Yes,Virgin,7243 8 48157 0 7,1999,EU,Standard Edition,No,https://www.discogs.com/release/132261-David-Bowie-Hours, $3.44 ,132261,,132261
"Bowie, David",Hours…,CD,Yes,Virgin,7243 8 48157 0 7,1999,EU,Standard Edition,No,https://www.discogs.com/release/132261-David-Bowie-Hours, $3.44 ,132261,,132261
"Bowie, David",Hours…,CD,Yes,Virgin,7243 8 48157 0 7,1999,EU,Lenticular Cover,No,https://www.discogs.com/release/1440305-David-Bowie-Hours, $4.00 ,1440305,,1440305
"Bowie, David",Hours…,CD,Yes,Virgin,7243 8 48157 0 7,1999,EU,Lenticular Cover,No,https://www.discogs.com/release/1440305-David-Bowie-Hours, $4.00 ,1440305,,1440305
"Bowie, David",Hours…,CD,Yes,ISO Records / Columbia,CK 92099,2004,France,Reissue,No,https://www.discogs.com/release/1049403-David-Bowie-Hours, $7.32 ,1049403,,1049403
"Bowie, David",Hours…,"12"" Vinyl",N/A,Virgin,DBPR72438,2000,UK,Unofficial Release - Picture Disc,No,https://www.discogs.com/release/1409548-David-Bowie-Hours, $25.00 ,1409548,,1409548
"Bowie, David",Hours…,CD,Yes,Virgin,7243 8 48716 0 4,1999,USA,Limited Edition,No,https://www.discogs.com/release/4373439-David-Bowie-Hours, $34.45 ,4373439,,4373439
"Bowie, David",Hours…,"12"" Vinyl",Yes,ISO Records / Columbia / Music On Vinyl,MOVLP1400,2015,USA,Limited Edition of 2.500 Copies - 1151/2500 - Mint Green Vinyl,Yes,https://www.discogs.com/release/7101936-David-Bowie-Hours, $100.63 ,7101936,,7101936
"Bowie, David",Hours…,"12"" Vinyl",Yes,ISO Records / Columbia / Music On Vinyl,MOVLP1400,2015,USA,Limited Edition of 2.500 Copies - 34/2500 - Mint Green Vinyl,Yes,https://www.discogs.com/release/7101936-David-Bowie-Hours, $100.63 ,7101936,,7101936
"Bowie, David",Hours…,"12"" Vinyl",Yes,ISO Records / Columbia / Music On Vinyl,MOVLP1400,2015,USA,"Limited Edition of 2,500 Copies - 416/2500 - Blue/Purple Vinyl",Yes,https://www.discogs.com/release/7101735-David-Bowie-Hours, $106.82 ,7101735,,7101735
"Bowie, David",Hours…,"12"" Vinyl",Yes,ISO Records / Columbia / Music On Vinyl,MOVLP1400,2015,USA,"Limited Edition of 2,500 Copies - 220/2500 - Blue/Purple Vinyl",Yes,https://www.discogs.com/release/7101735-David-Bowie-Hours, $106.82 ,7101735,,7101735
"Bowie, David",Hours…,"12"" Vinyl",Yes,Friday Music / ISO Records / Columbia,FRM-48155,2019,USA,Limited edition issued on various colors of vinyl,Yes,https://www.discogs.com/release/13036098-David-Bowie-Hours, $66.45 ,13036098,,13036098
"Bowie, David",Hours…,"12"" Vinyl",Yes,Friday Music / ISO Records / Columbia,FRM-48155,2019,USA,Limited edition issued on various colors of vinyl,Yes,https://www.discogs.com/release/13036098-David-Bowie-Hours, $66.45 ,13036098,,13036098
"Bowie, David",Hours…,"12"" Vinyl",Yes,Friday Music / ISO Records / Columbia,FRM-48155,2019,USA,Red and Orange Swirl Vinyl Version,No,https://www.discogs.com/release/13035223-David-Bowie-Hours, $78.21 ,13035223,,13035223
"Bowie, David",Hunky Dory,Cassette,Yes,RCA International,NK 83844,1983,EU,,No,https://www.discogs.com/release/1357519-David-Bowie-Hunky-Dory, $5.06 ,1357519,,1357519
"Bowie, David",Hunky Dory,CD,Yes,Virgin,7243 521899 0 8,1999,EU,The David Bowie Series,No,https://www.discogs.com/release/941044-David-Bowie-Hunky-Dory, $4.85 ,941044,,941044
"Bowie, David",Hunky Dory,CD,Yes,Virgin,7243 521899 0 8,1999,EU,The David Bowie Series,No,https://www.discogs.com/release/941044-David-Bowie-Hunky-Dory, $4.85 ,941044,,941044
"Bowie, David",Hunky Dory,CD,Yes,Rykodisc,RCD 10133,1990,Netherlands,,No,https://www.discogs.com/release/5922758-David-Bowie-Hunky-Dory, $11.38 ,5922758,,5922758
"Bowie, David",Hunky Dory,CD,Yes,Rykodisc,RCD 10133,1990,Netherlands,,No,https://www.discogs.com/release/5922758-David-Bowie-Hunky-Dory, $11.38 ,5922758,,5922758
"Bowie, David",Hunky Dory,CD,Yes,Rykodisc,RCD 10133,1990,Netherlands,,No,https://www.discogs.com/release/5922758-David-Bowie-Hunky-Dory, $11.38 ,5922758,,5922758
"Bowie, David",Hunky Dory,Cassette,Yes,Ryko Analogue,RACS 0133-2,1990,Netherlands,,Yes,https://www.discogs.com/release/2963249-David-Bowie-Hunky-Dory, $11.99 ,2963249,,2963249
"Bowie, David",Hunky Dory,Cassette,Yes,Ryko Analogue,RACS 0133-2,1990,Netherlands,,Yes,https://www.discogs.com/release/2963249-David-Bowie-Hunky-Dory, $11.99 ,2963249,,2963249
"Bowie, David",Hunky Dory,8-Track Cartridge,N/A,RCA Victor,P8S-1850,1971,UK,,No,https://www.discogs.com/release/7271643-David-Bowie-Hunky-Dory, $16.75 ,7271643,,7271643
"Bowie, David",Hunky Dory,"12"" Vinyl",Yes,RCA Victor,LSP-4623,1976,UK,Reissue - Black Label,No,https://www.discogs.com/release/12815228-David-Bowie-Hunky-Dory, $17.50 ,12815228,,12815228
"Bowie, David",Hunky Dory,"12"" Vinyl",Yes,Simply Vinyl,SVLP 265,2001,UK,Simply Vinyl Issue - Withdrawn Cover / Counterfeit,No,https://www.discogs.com/release/7076300-David-Bowie-Hunky-Dory, $25.00 ,7076300,,7076300
"Bowie, David",Hunky Dory,CD,Yes,EMI,TOCP-70143,2007,UK,With OBI - made in Japan,No,https://www.discogs.com/release/7038336-David-Bowie-Hunky-Dory, $16.32 ,7038336,,7038336
"Bowie, David",Hunky Dory,CD,Yes,EMI,TOCP-70143,2007,UK,With OBI - made in Japan,No,https://www.discogs.com/release/7038336-David-Bowie-Hunky-Dory, $16.32 ,7038336,,7038336
"Bowie, David",Hunky Dory,"12"" Vinyl",Yes,Parlophone,DBHDPD 1971,2022,UK,Picture Disc,Yes,https://www.discogs.com/release/21626542-David-Bowie-Hunky-Dory, $21.49 ,21626542,,21626542
"Bowie, David",Hunky Dory,"12"" Vinyl",Yes,Parlophone,DBHDPD 1971,2022,UK,Picture Disc,Yes,https://www.discogs.com/release/21626542-David-Bowie-Hunky-Dory, $21.49 ,21626542,,21626542
"Bowie, David",Hunky Dory,"12"" Vinyl",Yes,RCA Victor,LSP-4623,1971,USA,Original Pressing - Indianapolis Pressing,No,https://www.discogs.com/release/5040232-David-Bowie-Hunky-Dory, $32.00 ,5040232,,5040232
"Bowie, David",Hunky Dory,"12"" Vinyl",Yes,RCA Victor,LSP-4623,1971,USA,Original Pressing - Indianapolis Pressing,No,https://www.discogs.com/release/5040232-David-Bowie-Hunky-Dory, $32.00 ,5040232,,5040232
"Bowie, David",Hunky Dory,"12"" Vinyl",Yes,RCA Victor,LSP 4623,1971,USA,Original Pressing - NM condition,No,https://www.discogs.com/release/6285887-David-Bowie-Hunky-Dory, $42.50 ,6285887,,6285887
"Bowie, David",Hunky Dory,"12"" Vinyl",Yes,RCA Victor,LSP-4623,1975,USA,Indianapolis Pressing - Tan Label Reissue,No,https://www.discogs.com/release/29697790-David-Bowie-Hunky-Dory, $35.00 ,29697790,,29697790
"Bowie, David",Hunky Dory,"12"" Vinyl",Yes,RCA Victor,LSP-4623,1975,USA,Indianapolis Pressing - Tan Label Reissue,No,https://www.discogs.com/release/29697790-David-Bowie-Hunky-Dory, $35.00 ,29697790,,29697790
"Bowie, David",Hunky Dory,"12"" Vinyl",Yes,RCA,INTS 5064,1980,USA,Reissue,No,https://www.discogs.com/release/7013029-David-Bowie-Hunky-Dory, $55.00 ,7013029,,7013029
"Bowie, David",Hunky Dory,CD,Yes,RCA Victor,PCD1-4623,1984,USA,Red Spine,No,https://www.discogs.com/release/1865564-David-Bowie-Hunky-Dory, $40.00 ,1865564,,1865564
"Bowie, David",Hunky Dory,CD,Yes,RCA Victor,PCD1-4623,1984,USA,Red Spine,No,https://www.discogs.com/release/1865564-David-Bowie-Hunky-Dory, $40.00 ,1865564,,1865564
"Bowie, David",Hunky Dory,CD,Yes,RCA Victor,PCD1-4623,1984,USA,Red Spine,No,https://www.discogs.com/release/1865564-David-Bowie-Hunky-Dory, $40.00 ,1865564,,1865564
"Bowie, David",Hunky Dory,"12"" Vinyl",Yes,RCA,BOPIC 2,1984,USA,Picture Disc - #6518,No,https://www.discogs.com/release/1115200-David-Bowie-Hunky-Dory, $50.63 ,1115200,,1115200
"Bowie, David",Hunky Dory,"12"" Vinyl",Yes,Ryko Analogue,RALP 0133-2,1990,USA,Clear Vinyl,Yes,https://www.discogs.com/release/4996161-David-Bowie-Hunky-Dory, $75.00 ,4996161,,4996161
"Bowie, David",Hunky Dory,"12"" Vinyl",Yes,Ryko Analogue,RALP 0133-2,1990,USA,Clear Vinyl,No,https://www.discogs.com/release/4996161-David-Bowie-Hunky-Dory, $75.00 ,4996161,,4996161
"Bowie, David",Hunky Dory,"12"" Vinyl",Yes,Ryko Analogue,RALP 0133-2,1990,USA,Clear Vinyl,No,https://www.discogs.com/release/4996161-David-Bowie-Hunky-Dory, $75.00 ,4996161,,4996161
"Bowie, David",Hunky Dory,"12"" Vinyl",Yes,Simply Vinyl,SVLP 265,2001,USA,Simply Vinyl Issue,No,https://www.discogs.com/release/2456187-David-Bowie-Hunky-Dory, $38.35 ,2456187,,2456187
"Bowie, David",Hunky Dory,"12"" Vinyl",Yes,Parlophone,DB 69733,2017,USA,45th Anniversary - Gold Vinyl,Yes,https://www.discogs.com/release/10341818-David-Bowie-Hunky-Dory, $42.04 ,10341818,,10341818
"Bowie, David",Hunky Dory,"12"" Vinyl",Yes,Parlophone,DB 69733,2017,USA,45th Anniversary - Gold Vinyl,No,https://www.discogs.com/release/10341818-David-Bowie-Hunky-Dory, $42.04 ,10341818,,10341818
"Bowie, David",Hunky Dory,"12"" Vinyl",Yes,Parlophone,DB 69733,2017,USA,45th Anniversary - Gold Vinyl,Yes,https://www.discogs.com/release/10341818-David-Bowie-Hunky-Dory, $42.04 ,10341818,,10341818
"Bowie, David",I Can't Read,CD,Yes,Velvel / Reel Sounds,VEL-CD4504,1997,Germany,Single,No,https://www.discogs.com/release/2831213-David-Bowie-I-Cant-Read, $8.95 ,2831213,,2831213
"Bowie, David",I Dig Everything,"7"" Vinyl",N/A,Pye Records,7N 17157,1966,USA,Promo - Solid Centre,No,https://www.discogs.com/release/6859680-David-Bowie-I-Dig-Everything," $2,500.00 ",6859680,,6859680
"Bowie, David",I Dig Everything: The 1966 Pye Singles,CD,Yes,Essential! Records / Castle Music,ESM CD 712,1999,EU,Compilation,No,https://www.discogs.com/release/1074390-David-Bowie-I-Dig-Everything-The-1966-Pye-Singles, $5.25 ,1074390,,1074390
"Bowie, David",I Dig Everything: The 1966 Pye Singles,CD,Yes,Essential! Records,ESBCD 765,2000,UK,Box Set Complilation,No,https://www.discogs.com/release/1410999-David-Bowie-I-Dig-Everything-The-1966-Pye-Singles, $18.35 ,1410999,,1410999
"Bowie, David",I Pity The Fool / Take My Tip / You've Got A Habit Of Leaving Me / Baby Loves That Way,"7"" Vinyl",Yes,EMI,EMI 2925,1979,UK,,No,https://www.discogs.com/release/1935705-The-Manish-Boys-Davy-Jones-The-Lower-3rd-I-Pity-The-Fool-Take-My-Tip-Youve-Got-A-Habit-Of-Leaving-Ba, $18.99 ,1935705,,1935705
"Bowie, David",I'd Rather Be High,CDR,Yes,Columbia / Sony Music,None,2013,Spain,Promo,No,https://www.discogs.com/release/6670820-David-Bowie-Id-Rather-Be-High, $13.92 ,6670820,,6670820
"Bowie, David",I'm Afraid Of Americans,"12"" Vinyl",Yes,Virgin,Y-38618,1997,USA,Single,Yes,https://www.discogs.com/release/72634-David-Bowie-Im-Afraid-Of-Americans, $120.00 ,72634,,72634
"Bowie, David",I'm Afraid Of Americans,"7"" Vinyl",Yes,Parlophone,DBISE 2017,2017,USA,Limited edition Red Vinyl,Yes,https://www.discogs.com/release/10343082-David-Bowie-Im-Afraid-Of-Americans, $54.81 ,10343082,,10343082
"Bowie, David",I'm Afriad Of Americans,CD,Yes,Virgin,7243 8 38618 2 8,1997,Greece,Maxi-Single,No,https://www.discogs.com/release/97226-David-Bowie-Im-Afraid-Of-Americans, $9.55 ,97226,,97226
"Bowie, David",I'm Afriad Of Americans,CD,Yes,Virgin,7243 8 38618 2 8,1997,Greece,Maxi-Single,No,https://www.discogs.com/release/97226-David-Bowie-Im-Afraid-Of-Americans, $9.55 ,97226,,97226
"Bowie, David",I'm Afriad Of Americans,CD,Yes,Virgin,7243 8 38618 2 8,1997,Greece,Maxi-Single,No,https://www.discogs.com/release/97226-David-Bowie-Im-Afraid-Of-Americans, $9.55 ,97226,,97226
"Bowie, David",I'm Afriad Of Americans,CD,Yes,Virgin,7243 8 38618 2 8,1997,Greece,Maxi-Single,No,https://www.discogs.com/release/97226-David-Bowie-Im-Afraid-Of-Americans, $9.55 ,97226,,97226
"Bowie, David",I'm Only Dancing (The Soul Tour 74),CD,Yes,Parlophone,DBRSDCD 2020,2020,USA,"Record Store Day - Limited Edition 5,000 Copies",Yes,https://www.discogs.com/release/15832527-Bowie-Im-Only-Dancing-The-Soul-Tour-74, $42.11 ,15832527,,15832527
"Bowie, David",I'm Only Dancing (The Soul Tour 74),CD,Yes,Parlophone,DBRSDCD 2020,2020,USA,"Record Store Day - Limited Edition 5,000 Copies",No,https://www.discogs.com/release/15832527-Bowie-Im-Only-Dancing-The-Soul-Tour-74, $42.11 ,15832527,,15832527
"Bowie, David",I'm Only Dancing (The Soul Tour 74),"12"" Vinyl",Yes,Parlophone,DBRSDLP 2020,2020,USA,Record Store Day,No,https://www.discogs.com/release/15822168-Bowie-Im-Only-Dancing-The-Soul-Tour-74, $51.58 ,15822168,,15822168
"Bowie, David",I'm Only Dancing (The Soul Tour 74),"12"" Vinyl",Yes,Parlophone,DBRSDLP 2020,2020,USA,Record Store Day,Yes,https://www.discogs.com/release/15822168-Bowie-Im-Only-Dancing-The-Soul-Tour-74, $51.58 ,15822168,,15822168
"Bowie, David",I've Been Waiting For You,CD,Yes,Columbia,38K 3369,2002,USA,Single,No,https://www.discogs.com/release/1556857-Bowie-Ive-Been-Waiting-For-You, $57.89 ,1556857,,1556857
"Bowie, David",Images,"12"" Vinyl",Yes,Decca,6.28108,1975,Japan,,No,https://www.discogs.com/release/2413195-David-Bowie-Images, $10.53 ,2413195,,2413195
"Bowie, David",Images,"12"" Vinyl",Yes,Deram,DPA 3017/8,1975,Philippines,,No,https://www.discogs.com/release/446017-David-Bowie-Images, $12.66 ,446017,,446017
"Bowie, David",Images,"12"" Vinyl",Yes,Deram,DA 145/146,1976,UK,,No,https://www.discogs.com/release/7963771-David-Bowie-Images, $19.99 ,7963771,,7963771
"Bowie, David",Images 1966 - 1967,"12"" Vinyl",Yes,London Records,BP 628/9,1973,UK,Bonus Pak,No,https://www.discogs.com/release/2083972-David-Bowie-Images-1966-1967, $23.50 ,2083972,,2083972
"Bowie, David",Images 1966 - 1967,"12"" Vinyl",Yes,London Records,BP 628/9,1973,UK,Bonus Pak,No,https://www.discogs.com/release/2083972-David-Bowie-Images-1966-1967, $23.50 ,2083972,,2083972
"Bowie, David",Images 1966 - 1967,"12"" Vinyl",Yes,London Records,BP 628/9,1973,UK,Bonus Pak,No,https://www.discogs.com/release/2083972-David-Bowie-Images-1966-1967, $23.50 ,2083972,,2083972
"Bowie, David",In America,"12"" Vinyl",Yes,Trade Mark Of Quality,TMQ 71062,1973,USA,Unofficial Release - Red Vinyl / Black Labels,No,https://www.discogs.com/release/10364495-David-Bowie-In-America, $75.00 ,10364495,,10364495
"Bowie, David",In Memory Of David Bowie,CD,Yes,Laser Media,LM 5600,2016,Spain,Unofficial Release,No,https://www.discogs.com/release/8171825-David-Bowie-In-Memory-Of-David-Bowie, $15.00 ,8171825,,8171825
"Bowie, David",In Person,"12"" Vinyl",Yes,Trade Mark Of Quality,TMQ 71054,1973,USA,Unofficial Release - Red Vinyl / White Labels,No,https://www.discogs.com/release/12796239-David-Bowie-In-Person, $75.00 ,12796239,,12796239
"Bowie, David",Interview Picture Disc Limited Edition,"12"" Vinyl",N/A,None,D.B.1010,1987,Spain,Unofficial Release - Picture Disc,No,https://www.discogs.com/release/3924975-David-Bowie-Interview-Picture-Disc-Limited-Edition, $15.00 ,3924975,,3924975
"Bowie, David",Introspective,CD,Yes,Baktabak,CINT 5001,1990,Italy,Unofficial Release,No,https://www.discogs.com/release/5372065-David-Bowie-Introspective, $10.00 ,5372065,,5372065
"Bowie, David",Is It Any Wonder?,"12"" Vinyl",Yes,Parlophone / ISO Records,DB 80120,2020,USA,"Limited to 6,000 Copies",No,https://www.discogs.com/release/14951793-David-Bowie-Is-It-Any-Wonder, $66.71 ,14951793,,14951793
"Bowie, David",Is It Any Wonder?,"12"" Vinyl",Yes,Parlophone / ISO Records,DB 80120,2020,USA,"Limited to 6,000 Copies",Yes,https://www.discogs.com/release/14951793-David-Bowie-Is-It-Any-Wonder, $66.71 ,14951793,,14951793
"Bowie, David",Is It Any Wonder?,CD,Yes,Parlophone / ISO Records,DBCD 80120,2020,USA,"Limited Edition of 4,000 Copies",Yes,https://www.discogs.com/release/14951987-David-Bowie-Is-It-Any-Wonder, $105.37 ,14951987,,14951987
"Bowie, David",Is It Any Wonder?,CD,Yes,Parlophone / ISO Records,DBCD 80120,2020,USA,"Limited Edition of 4,000 Copies",Yes,https://www.discogs.com/release/14951987-David-Bowie-Is-It-Any-Wonder, $105.37 ,14951987,,14951987
"Bowie, David",iSelect,CD,Yes,Astralwerks,ASW 36640,2008,Germany,Compilation,No,https://www.discogs.com/release/4471559-Bowie-iSelect, $9.00 ,4471559,,4471559
"Bowie, David",iSelect,"12"" Vinyl",Yes,Parlophone,DB1-SLP1,2015,USA,"David Bowie Is - Red Vinyl Limited Edition of 2,500 copies",No,https://www.discogs.com/release/6787191-Bowie-iSelect, $70.26 ,6787191,,6787191
"Bowie, David",iSelect,"12"" Vinyl",Yes,Parlophone,DB1-SLP1,2015,USA,"David Bowie Is - Red Vinyl Limited Edition of 2,500 copies",Yes,https://www.discogs.com/release/6787191-Bowie-iSelect, $70.26 ,6787191,,6787191
"Bowie, David",iSelect,"12"" Vinyl",Yes,Parlophone,DB1-SLP1,2015,USA,"David Bowie Is - Red Vinyl Limited Edition of 2,500 copies",Yes,https://www.discogs.com/release/6787191-Bowie-iSelect, $70.26 ,6787191,,6787191
"Bowie, David",iSelect,"12"" Vinyl",Yes,Parlophone,DB1-SLP1,2015,USA,"David Bowie Is - Red Vinyl Limited Edition of 2,500 copies",Yes,https://www.discogs.com/release/6787191-Bowie-iSelect, $70.26 ,6787191,,6787191
"Bowie, David",Isolar II Tour 1978 (Tokyo FM Broadcast Recording),CD,Yes,Good Ship Funke,GSF033,2018,UK,Unofficial Release,Yes,https://www.discogs.com/release/12264224-David-Bowie-Isolar-II-Tour-1978-Tokyo-FM-Broadcast-Recording, $20.00 ,12264224,,12264224
"Bowie, David",Isolar II Tour 1978 Tokyo FM Broadcast Recording,"12"" Vinyl",Yes,Parachute Recording Company,PARA260LP,2019,UK,Unofficial Release,Yes,https://www.discogs.com/release/13838498-David-Bowie-Isolar-II-Tour-1978-Tokyo-FM-Broadcast-Recording, $25.00 ,13838498,,13838498
"Bowie, David",It's No Game (Part 1),"7"" Vinyl",Yes,RCA,RPS-10,1980,USA,,No,https://www.discogs.com/release/1506696-David-Bowie-Its-No-Game-Part-1-イッツノーゲームパート１-Fashion-ファッション, $42.63 ,1506696,,1506696
"Bowie, David",Jazzin' For David Bowie,"12"" Vinyl",Yes,Bedroom Productions,BED LP-02,2017,UK,Unofficial Release,No,https://www.discogs.com/release/10200639-David-Bowie-Jazzin-For-David-Bowie, $30.00 ,10200639,,10200639
"Bowie, David","John, I'm Only Dancing","7"" Vinyl",N/A,RCA Victor,RCA 2263,1972,EU,Push-out center intact,No,https://www.discogs.com/release/6658505-David-Bowie-John-Im-Only-Dancing-Hang-On-To-Yourself, $3.80 ,6658505,,6658505
"Bowie, David","John, I'm Only Dancing","7"" Vinyl",N/A,RCA Victor,RCA 2263,1972,EU,Solid Centre,No,https://www.discogs.com/release/3090834-David-Bowie-John-Im-Only-Dancing, $5.38 ,3090834,,3090834
"Bowie, David","John, I'm Only Dancing","7"" Vinyl",N/A,RCA Victor,RCA 2263,1972,EU,Solid Centre,No,https://www.discogs.com/release/4209945-David-Bowie-John-Im-Only-Dancing, $5.71 ,4209945,,4209945
"Bowie, David","John, I'm Only Dancing","7"" Vinyl",No,RCA,BOW 4,1979,EU,Solid Centre,No,https://www.discogs.com/release/571139-David-Bowie-John-Im-Only-Dancing-Again-1975-John-Im-Only-Dancing-1972, $3.16 ,571139,,571139
"Bowie, David","John, I'm Only Dancing","7"" Vinyl",Yes,RCA,BOW 4,1979,France,Stock Copy - push out center intact,No,https://www.discogs.com/release/548341-David-Bowie-John-Im-Only-Dancing-Again-1975-John-Im-Only-Dancing-1972, $6.97 ,548341,,548341
"Bowie, David","John, I'm Only Dancing","7"" Vinyl",N/A,RCA,PB-11887,1979,Germany,Stock Copy - Black Label,No,https://www.discogs.com/release/1481939-David-Bowie-John-Im-Only-Dancing-1972-Joe-The-Lion, $8.00 ,1481939,,1481939
"Bowie, David","John, I'm Only Dancing","7"" Vinyl",N/A,RCA,PB-11887,1979,Germany,Stock Copy - Black Label,No,https://www.discogs.com/release/1481939-David-Bowie-John-Im-Only-Dancing-1972-Joe-The-Lion, $8.00 ,1481939,,1481939
"Bowie, David","John, I'm Only Dancing","7"" Vinyl",Yes,RCA,BOW 517,1983,Germany,Lifetimes The Singles: Push Out Center Intact,No,https://www.discogs.com/release/1193426-David-Bowie-John-Im-Only-Dancing, $9.49 ,1193426,,1193426
"Bowie, David","John, I'm Only Dancing","7"" Vinyl",N/A,RCA,JB-11887,1979,Italy,Promo,No,https://www.discogs.com/release/6687891-David-Bowie-John-Im-Only-Dancing-1972, $10.00 ,6687891,,6687891
"Bowie, David","John, I'm Only Dancing","7"" Vinyl",N/A,RCA Victor,103520,1979,Spain,Stock Copy,No,https://www.discogs.com/release/2503651-David-Bowie-John-Im-Only-Dancing-1972-, $14.33 ,2503651,,2503651
"Bowie, David","John, I'm Only Dancing","7"" Vinyl",Yes,RCA Victor,PB 9482,1980,Spain,Stock Copy,No,https://www.discogs.com/release/2196924-David-Bowie-John-Im-Only-Dancing-Again-1975, $14.74 ,2196924,,2196924
"Bowie, David","John, I'm Only Dancing","7"" Vinyl",Yes,RCA Victor,41 042,1972,UK,,No,https://www.discogs.com/release/3271264-David-Bowie-John-Im-Only-Dancing, $28.95 ,3271264,,3271264
"Bowie, David","John, I'm Only Dancing","7"" Vinyl",Yes,RCA Victor,74-16 216,1972,UK,,No,https://www.discogs.com/release/2066168-David-Bowie-John-Im-Only-Dancing, $30.53 ,2066168,,2066168
"Bowie, David","John, I'm Only Dancing","12"" Vinyl",Yes,RCA Victor,PC 9484,1979,UK,Maxi-Single,No,https://www.discogs.com/release/3270945-David-Bowie-John-Im-Only-Dancing-Disco-Mix, $17.95 ,3270945,,3270945
"Bowie, David","John, I'm Only Dancing","7"" Vinyl",Yes,RCA Victor,PB 9482,1979,UK,,No,https://www.discogs.com/release/3847089-David-Bowie-John-Im-Only-Dancing, $18.95 ,3847089,,3847089
"Bowie, David","John, I'm Only Dancing","7"" Vinyl",N/A,RCA,PB-11887,1979,UK,Stock Copy,No,https://www.discogs.com/release/8405993-David-Bowie-John-Im-Only-Dancing-1972-Joe-The-Lion, $20.00 ,8405993,,8405993
"Bowie, David","John, I'm Only Dancing","7"" Vinyl",Yes,RCA Victor,PB 9482,1979,UK,,No,https://www.discogs.com/release/3281219-David-Bowie-John-Im-Only-Dancing, $21.05 ,3281219,,3281219
"Bowie, David","John, I'm Only Dancing","7"" Vinyl",Yes,RCA Victor,PB-9482,1979,UK,,No,https://www.discogs.com/release/2506379-David-Bowie-John-Im-Only-Dancing, $24.18 ,2506379,,2506379
"Bowie, David","John, I'm Only Dancing","7"" Vinyl",Yes,RCA Victor,PB-1887,1980,UK,,No,https://www.discogs.com/release/2503614-David-Bowie-John-Im-Only-Dancing-1972-John-Estoy-Sólo-Bailando-Joe-The-Lion-Joe-El-León, $15.79 ,2503614,,2503614
"Bowie, David","John, I'm Only Dancing","7"" Vinyl",N/A,RCA Victor,60604,1972,USA,,No,https://www.discogs.com/release/9307118-David-Bowie-John-Im-Only-Dancing, $50.00 ,9307118,,9307118
"Bowie, David","John, I'm Only Dancing","7"" Vinyl",Yes,RCA Victor,74-16216,1972,USA,Punch out center missing,No,https://www.discogs.com/release/2077655-David-Bowie-John-Im-Only-Dancing, $52.57 ,2077655,,2077655
"Bowie, David","John, I'm Only Dancing","7"" Vinyl",N/A,RCA,41A-3164,1979,USA,Promo,No,https://www.discogs.com/release/27573675-David-Bowie-John-Solamente-Estoy-Bailando, $100.00 ,27573675,,27573675
"Bowie, David","John, I'm Only Dancing","7"" Vinyl",N/A,EMI,DBJOHN 40,2012,USA,Picture Disc,Yes,https://www.discogs.com/release/3844978-David-Bowie-John-Im-Only-Dancing, $47.37 ,3844978,,3844978
"Bowie, David","John, I'm Only Dancing","7"" Vinyl",N/A,EMI,DBJOHN 40,2012,USA,Picture Disc,No,https://www.discogs.com/release/3844978-David-Bowie-John-Im-Only-Dancing, $47.37 ,3844978,,3844978
"Bowie, David","John, I'm Only Dancing (Again)","7"" Vinyl",Yes,RCA,BOW 4,1979,EU,Punch out center intact,No,https://www.discogs.com/release/5578018-David-Bowie-John-Im-Only-Dancing-Again-1975-John-Im-Only-Dancing-1972, $4.05 ,5578018,,5578018
"Bowie, David","John, I'm Only Dancing (Again)","12"" Vinyl",Yes,RCA,BOW12 4,1979,France,Stock Copy,No,https://www.discogs.com/release/548341-David-Bowie-John-Im-Only-Dancing-Again-1975-John-Im-Only-Dancing-1972, $6.97 ,548341,,548341
"Bowie, David","John, I'm Only Dancing (Again)","12"" Vinyl",N/A,RCA Victor,PD-11886,1979,Germany,Stock Copy,No,https://www.discogs.com/release/2027841-David-Bowie-John-Im-Only-Dancing-Again-1975-Golden-Years, $9.47 ,2027841,,2027841
"Bowie, David",Jump They Say,CD,Yes,Arista / Savage Records / BMG International,74321 139422,1993,EU,CD1,No,https://www.discogs.com/release/631815-David-Bowie-Jump-They-Say, $3.15 ,631815,,631815
"Bowie, David",Jump They Say,"7"" Vinyl",N/A,Arista,74321 139427 JB,1993,EU,Jukebox Copy,No,https://www.discogs.com/release/985607-David-Bowie-Jump-They-Say, $3.80 ,985607,,985607
"Bowie, David",Jump They Say,CD,Yes,Arista / Savage Records / BMG International,74321 139432,1993,EU,CD2,No,https://www.discogs.com/release/216959-David-Bowie-Jump-They-Say, $3.90 ,216959,,216959
"Bowie, David",Jump They Say,CD,Yes,Savage Records,74785-50034-2,1993,EU,Maxi-Single,No,https://www.discogs.com/release/1838609-David-Bowie-Jump-They-Say, $5.17 ,1838609,,1838609
"Bowie, David",Jump They Say,"12"" Vinyl",N/A,Savage Records,SADJ-50039-1,1993,EU,Promo,No,https://www.discogs.com/release/1149799-David-Bowie-Jump-They-Say, $5.50 ,1149799,,1149799
"Bowie, David",Jump They Say,CD,Yes,Savage Records,SADJ-50039-2,1993,EU,Promo,No,https://www.discogs.com/release/1876850-David-Bowie-Jump-They-Say, $5.69 ,1876850,,1876850
"Bowie, David",Jump They Say,"12"" Vinyl",Yes,Savage Records / BMG International,74785-50042-1,1993,France,Stock Copy,No,https://www.discogs.com/release/222474-David-Bowie-Jump-They-Say, $6.75 ,222474,,222474
"Bowie, David",Jump They Say,"12"" Vinyl",Yes,Savage Records / BMG International,74785-50042-1,1993,France,Stock Copy,No,https://www.discogs.com/release/222474-David-Bowie-Jump-They-Say, $6.75 ,222474,,222474
"Bowie, David",Jump They Say,"12"" Vinyl",Yes,Savage Records / BMG International,74785-50042-1,1993,France,Stock Copy,No,https://www.discogs.com/release/222474-David-Bowie-Jump-They-Say, $6.75 ,222474,,222474
"Bowie, David",Jump They Say,"12"" Vinyl",Yes,Savage Records / BMG International,74785-50042-1,1993,France,Stock Copy,No,https://www.discogs.com/release/222474-David-Bowie-Jump-They-Say, $6.75 ,222474,,222474
"Bowie, David",Jump They Say,"7"" Vinyl",Yes,Arista / Savage Records,74321 13696 7,1993,Spain,,No,https://www.discogs.com/release/1808298-David-Bowie-Jump-They-Say, $14.47 ,1808298,,1808298
"Bowie, David",Jump They Say,"7"" Vinyl",N/A,Arista,74321-13696,1993,UK,,No,https://www.discogs.com/release/8987952-David-Bowie-Jump-They-Say, $17.89 ,8987952,,8987952
"Bowie, David",Jump They Say (The Brothers In Rhythm Remixes),"12"" Vinyl",Yes,Arista,BIR 1,1993,EU,Promo,No,https://www.discogs.com/release/152583-David-Bowie-Jump-They-Say-The-Brothers-In-Rhythm-Remixes, $5.16 ,152583,,152583
"Bowie, David",Jump They Say (The Leftfield Remixes),"12"" Vinyl",Yes,Arista,LEFT 1,1993,Germany,Promo,No,https://www.discogs.com/release/68176-David-Bowie-Jump-They-Say-The-Leftfield-Remixes, $8.64 ,68176,,68176
"Bowie, David",Just For One Day (Live Radio Broadcast),"12"" Vinyl",Yes,Pearl Hunter Records,PHR 1015,2020,Spain,Unofficial Release - Clear coloured vinyl,Yes,https://www.discogs.com/release/16298095-David-Bowie-Just-For-One-Day-Live-Radio-Broadcast, $15.00 ,16298095,,16298095
"Bowie, David",Kingdom Come,"7"" Vinyl",Yes,Elektra / Parlophone,R7-547633,2015,Italy,"White Vinyl - limited to 15,000 copies",No,https://www.discogs.com/release/6907729-Tom-Verlaine-David-Bowie-Kingdom-Come, $9.99 ,6907729,,6907729
"Bowie, David",Kingdom Come,"7"" Vinyl",Yes,Elektra / Parlophone,R7-547633,2015,Italy,"White Vinyl - limited to 15,000 copies",Yes,https://www.discogs.com/release/6907729-Tom-Verlaine-David-Bowie-Kingdom-Come, $9.99 ,6907729,,6907729
"Bowie, David",Knock On Wood,"7"" Vinyl",N/A,RCA Victor,RCA 2466,1974,EU,Push-out center intact,No,https://www.discogs.com/release/1002524-Bowie-Knock-On-Wood, $4.21 ,1002524,,1002524
"Bowie, David",Knock On Wood,"7"" Vinyl",Yes,RCA,BOW 505,1983,France,Lifetimes The Singles: Push Out Center Intact,No,https://www.discogs.com/release/903093-David-Bowie-Knock-On-Wood, $7.58 ,903093,,903093
"Bowie, David",Knock On Wood,"7"" Vinyl",Yes,RCA Victor,XB-01001,1974,Greece,,No,https://www.discogs.com/release/768070-Bowie-Knock-On-Wood, $9.74 ,768070,,768070
"Bowie, David",Knock On Wood,"7"" Vinyl",Yes,RCA Victor,XB 01001,1974,Japan,Stock Copy,No,https://www.discogs.com/release/2958416-David-Bowie-Knock-On-Wood, $10.53 ,2958416,,2958416
"Bowie, David",Knock On Wood,"7"" Vinyl",N/A,RCA Victor,42-545,1974,Spain,,No,https://www.discogs.com/release/13900332-David-Bowie-Knock-On-Wood, $15.00 ,13900332,,13900332
"Bowie, David",Knock On Wood,"7"" Vinyl",N/A,RCA Victor,102522,1974,UK,Stock Copy,No,https://www.discogs.com/release/5386504-Bowie-Knock-On-Wood, $15.86 ,5386504,,5386504
"Bowie, David",Knock On Wood,"7"" Vinyl",Yes,RCA Victor,RCA 2466,1974,UK,Solid Centre,No,https://www.discogs.com/release/8227197-Bowie-Knock-On-Wood, $28.98 ,8227197,,8227197
"Bowie, David",Knock On Wood,"7"" Vinyl",N/A,Parlophone,DBKOW 40,2014,UK,Picture Disc,Yes,https://www.discogs.com/release/6097460-David-Bowie-Knock-On-Wood, $25.81 ,6097460,,6097460
"Bowie, David",Knock On Wood,"7"" Vinyl",N/A,Parlophone,DBKOW 40,2014,UK,Picture Disc,Yes,https://www.discogs.com/release/6097460-David-Bowie-Knock-On-Wood, $25.81 ,6097460,,6097460
"Bowie, David",Knock On Wood,"7"" Vinyl",N/A,Parlophone,DBKOW 40,2014,UK,Picture Disc,Yes,https://www.discogs.com/release/6097460-David-Bowie-Knock-On-Wood, $25.81 ,6097460,,6097460
"Bowie, David",Knock On Wood,"7"" Vinyl",Yes,RCA Victor,RCA 2466,1974,USA,Stock Copy,No,https://www.discogs.com/release/3109935-David-Bowie-Knock-On-Wood-Panic-In-Detroit, $41.98 ,3109935,,3109935
"Bowie, David",Knock On Wood,"7"" Vinyl",Yes,RCA Victor,SRCA-88783,1974,USA,Stock Copy,No,https://www.discogs.com/release/5693039-Bowie-Knock-On-Wood, $47.37 ,5693039,,5693039
"Bowie, David",Knock On Wood,"7"" Vinyl",Yes,RCA Victor,SRCA-88783,1974,USA,Stock Copy,No,https://www.discogs.com/release/5693039-Bowie-Knock-On-Wood, $47.37 ,5693039,,5693039
"Bowie, David",Knock On Wood,"7"" Vinyl",N/A,RCA Victor,60653,1974,USA,Writing on label,No,https://www.discogs.com/release/2293328-Bowie-Knock-On-Wood, $132.63 ,2293328,,2293328
"Bowie, David",Knock On Wood,"7"" Vinyl",Yes,RCA Victor,SPBO-9185,1975,USA,Stock Copy,No,https://www.discogs.com/release/5899296-David-Bowie-Knock-On-Wood-Changes, $41.05 ,5899296,,5899296
"Bowie, David",Knock On Wood,"7"" Vinyl",Yes,RCA Victor,SPBO-9185,1975,USA,Promo,No,https://www.discogs.com/release/9344181-David-Bowie-Knock-On-Wood-Changes, $47.34 ,9344181,,9344181
"Bowie, David",Knock On Wood,"7"" Vinyl",Yes,RCA,SS-2416,1975,USA,Stock Copy,No,https://www.discogs.com/release/10574778-David-Bowie-Knock-On-Wood, $200.00 ,10574778,,10574778
"Bowie, David",Labryinth,CD,Yes,EMI USA,CDP 7 46312 2,1986,Japan,Soundtrack,No,https://www.discogs.com/release/7349301-David-Bowie-And-Trevor-Jones-Labyrinth-From-The-Original-Soundtrack-Of-The-Jim-Henson-Film, $10.76 ,7349301,,7349301
"Bowie, David",Labyrinth (Soundtrack),"12"" Vinyl",Yes,EMI America,B0026220-01,2017,UK,Black Vinyl,No,https://www.discogs.com/release/10277419-David-Bowie-Trevor-Jones-Labyrinth-From-The-Original-Soundtrack-Of-The-Jim-Henson-Film, $26.03 ,10277419,,10277419
"Bowie, David",Labyrinth (Soundtrack),"12"" Vinyl",Yes,Capitol Records / EMI America,B0026220-01,2017,UK,Reissue,Yes,https://www.discogs.com/release/10277419-David-Bowie-Trevor-Jones-Labyrinth-From-The-Original-Soundtrack-Of-The-Jim-Henson-Film, $26.03 ,10277419,,10277419
"Bowie, David",Labyrinth (Soundtrack),"12"" Vinyl",Yes,Capitol Records / EMI America,B0026220-01,2017,UK,Reissue,Yes,https://www.discogs.com/release/10277419-David-Bowie-Trevor-Jones-Labyrinth-From-The-Original-Soundtrack-Of-The-Jim-Henson-Film, $26.03 ,10277419,,10277419
"Bowie, David",Labyrinth (Soundtrack),"12"" Vinyl",Yes,EMI America,SV-17206,1986,USA,Black Vinyl,No,https://www.discogs.com/release/454753-David-Bowie-Trevor-Jones-Labyrinth-From-The-Original-Soundtrack-Of-The-Jim-Henson-Film, $45.00 ,454753,,454753
"Bowie, David",Lady Stardust,"7"" Vinyl",N/A,Parlophone,DBISN 2017,2017,USA,Picture Disc - only sold in Japan in 2017,Yes,https://www.discogs.com/release/9578826-David-Bowie-Lady-Stardust-Crystal-Japan, $148.68 ,9578826,,9578826
"Bowie, David",Laughing With Liza (The Vocalion And Deram Singles 1964 - 1967),"7"" Vinyl",Yes,Decca,0602455874375,2023,USA,Box Set,Yes,https://www.discogs.com/release/29065753-David-Bowie-Laughing-With-Liza-The-Vocalion-And-Deram-Singles-1964-1967, $50.00 ,29065753,,29065753
"Bowie, David",Lazarus (Original New York Cast),"12"" Vinyl",Yes,Columbia / Sony Music,88985 37455 1,2016,UK,Black Vinyl Edition,No,https://www.discogs.com/release/9230652-Original-New-York-Cast-David-Bowie-And-Enda-Walsh-Lazarus, $15.79 ,9230652,,9230652
"Bowie, David",Lazarus (Original New York Cast),"12"" Vinyl",Yes,Columbia,C-176553,2016,USA,White Vinyl Edition,Yes,https://www.discogs.com/release/9231513-Original-New-York-Cast-David-Bowie-And-Enda-Walsh-Lazarus, $33.84 ,9231513,,9231513
"Bowie, David",Legacy,"12"" Vinyl",Yes,Parlophone,DBLP64161,2017,UK,Compilation,Yes,https://www.discogs.com/release/9605973-David-Bowie-Legacy, $30.79 ,9605973,,9605973
"Bowie, David",Let's Dance,"7"" Vinyl",Yes,EMI America,EA 152,1983,EU,Stock Copy - push out center intact,No,https://www.discogs.com/release/4827822-David-Bowie-Lets-Dance, $2.69 ,4827822,,4827822
"Bowie, David",Let's Dance,"7"" Vinyl",Yes,EMI America,EA 152,1983,EU,Stock Copy - push out center intact,No,https://www.discogs.com/release/4827822-David-Bowie-Lets-Dance, $2.69 ,4827822,,4827822
"Bowie, David",Let's Dance,"7"" Vinyl",N/A,EMI America,B-8158,1983,EU,Stock Copy  - issued without a picture sleeve,No,https://www.discogs.com/release/10308230-David-Bowie-Lets-Dance-Cat-People-Putting-Out-Fire, $3.00 ,10308230,,10308230
"Bowie, David",Let's Dance,"7"" Vinyl",Yes,EMI America,1A 006-86660,1983,EU,,No,https://www.discogs.com/release/873252-David-Bowie-Lets-Dance, $3.15 ,873252,,873252
"Bowie, David",Let's Dance,"7"" Vinyl",Yes,EMI America,B-8158,1983,EU,Stock Copy,No,https://www.discogs.com/release/573849-David-Bowie-Lets-Dance, $3.41 ,573849,,573849
"Bowie, David",Let's Dance,"7"" Vinyl",Yes,EMI America,B-8158,1983,EU,Stock Copy,No,https://www.discogs.com/release/573849-David-Bowie-Lets-Dance, $3.41 ,573849,,573849
"Bowie, David",Let's Dance,Cassette,Yes,EMI America,4XO 517093,1983,EU,,No,https://www.discogs.com/release/2444899-David-Bowie-Lets-Dance, $4.56 ,2444899,,2444899
"Bowie, David",Let's Dance,CD,Yes,EMI America,CDP 7 46002 2,1983,EU,,No,https://www.discogs.com/release/1190347-David-Bowie-Lets-Dance, $4.99 ,1190347,,1190347
"Bowie, David",Let's Dance,Cassette,Yes,EMI America,4XO 17093,1983,EU,Winchester / Dolby System,No,https://www.discogs.com/release/1298235-David-Bowie-Lets-Dance, $5.00 ,1298235,,1298235
"Bowie, David",Let's Dance,Cassette,Yes,EMI America,4XO 17093,1983,EU,XDR,No,https://www.discogs.com/release/1298235-David-Bowie-Lets-Dance, $5.00 ,1298235,,1298235
"Bowie, David",Let's Dance,"12"" Vinyl",Yes,EMI America,7805,1983,France,Stock Copy,No,https://www.discogs.com/release/467825-David-Bowie-Lets-Dance, $6.00 ,467825,,467825
"Bowie, David",Let's Dance,"12"" Vinyl",Yes,EMI America,7805,1983,France,Stock Copy,No,https://www.discogs.com/release/467825-David-Bowie-Lets-Dance, $6.00 ,467825,,467825
"Bowie, David",Let's Dance,CD,Yes,Virgin,7243 8 40982 2 3,1983,France,Reissue,No,https://www.discogs.com/release/2872627-David-Bowie-Lets-Dance, $6.45 ,2872627,,2872627
"Bowie, David",Let's Dance,CD,Yes,Virgin,7243 521896 0 1,1999,France,The David Bowie Series,No,https://www.discogs.com/release/130736-David-Bowie-Lets-Dance, $6.80 ,130736,,130736
"Bowie, David",Let's Dance,"7"" Vinyl",N/A,EMI America,01.36.2084,1983,Germany,Writing on label,No,https://www.discogs.com/release/3253798-David-Bowie-Lets-Dance-Bailemos, $7.99 ,3253798,,3253798
"Bowie, David",Let's Dance,Cassette,Yes,EMI America,4XO 517093,1983,Germany,Reissue,No,https://www.discogs.com/release/14164360-David-Bowie-Lets-Dance, $8.00 ,14164360,,14164360
"Bowie, David",Let's Dance,Cassette,Yes,EMI America,C153730,1983,Germany,RCA Club edition,No,https://www.discogs.com/release/9564760-David-Bowie-Lets-Dance, $8.00 ,9564760,,9564760
"Bowie, David",Let's Dance,"12"" Vinyl",No,EMI America,SPRO-9904,1983,Germany,Promo single ,No,https://www.discogs.com/release/364941-David-Bowie-Lets-Dance, $8.50 ,364941,,364941
"Bowie, David",Let's Dance,"12"" Vinyl",Yes,EMI America,SO 17093,1983,Greece,Stock Copy,No,https://www.discogs.com/release/1543526-David-Bowie-Lets-Dance, $9.75 ,1543526,,1543526
"Bowie, David",Let's Dance,"7"" Vinyl",Yes,EMI America,31C 006 86660,1983,Italy,Stock Copy,No,https://www.discogs.com/release/3420901-David-Bowie-Lets-Dance, $10.00 ,3420901,,3420901
"Bowie, David",Let's Dance,"7"" Vinyl",Yes,EMI America,31C 006 86660,1983,Italy,,No,https://www.discogs.com/release/3420901-David-Bowie-Lets-Dance, $10.00 ,3420901,,3420901
"Bowie, David",Let's Dance,"12"" Vinyl",Yes,EMI America,SO-17093,1983,Spain,Winchester Pressing,No,https://www.discogs.com/release/528152-David-Bowie-Lets-Dance, $14.50 ,528152,,528152
"Bowie, David",Let's Dance,"12"" Vinyl",Yes,EMI America,SO-17093,1983,Spain,Winchester Pressing,No,https://www.discogs.com/release/528152-David-Bowie-Lets-Dance, $14.50 ,528152,,528152
"Bowie, David",Let's Dance,"12"" Vinyl",Yes,EMI America,SO 517097,1983,Spain,Coulumbia House Pressing,No,https://www.discogs.com/release/1044026-David-Bowie-Lets-Dance, $15.00 ,1044026,,1044026
"Bowie, David",Let's Dance,"12"" Vinyl",Yes,EMI America,SO-17093,1983,UK,Jacksonville Pressing - in plastic wrap with hype sticker,No,https://www.discogs.com/release/6310042-David-Bowie-Lets-Dance, $20.89 ,6310042,,6310042
"Bowie, David",Let's Dance,"12"" Vinyl",Yes,EMI America,SO-17093,1983,UK,Jacksonville Pressing,No,https://www.discogs.com/release/6310042-David-Bowie-Lets-Dance, $20.89 ,6310042,,6310042
"Bowie, David",Let's Dance,"12"" Vinyl",Yes,EMI America,EYS-81580,1983,UK,With OBI,No,https://www.discogs.com/release/1682396-David-Bowie-デビッドボウイー-Lets-Dance-レッツダンス, $26.64 ,1682396,,1682396
"Bowie, David",Let's Dance,"12"" Vinyl",Yes,EMI America,EYS-81580,1983,UK,With OBI,No,https://www.discogs.com/release/1682396-David-Bowie-デビッドボウイー-Lets-Dance-レッツダンス, $26.64 ,1682396,,1682396
"Bowie, David",Let's Dance,"12"" Vinyl",N/A,EMI America,AMLP 3029,1983,UK,Picture Disc,No,https://www.discogs.com/release/1342142-David-Bowie-Lets-Dance, $28.01 ,1342142,,1342142
"Bowie, David",Let's Dance,CD,Yes,EMI,TOCP-65318,1999,UK,The David Bowie Series,No,https://www.discogs.com/release/7683192-David-Bowie-Lets-Dance, $25.00 ,7683192,,7683192
"Bowie, David",Let's Dance,CD,Yes,EMI,TOCP-70154,2007,UK,With OBI - made in Japan,No,https://www.discogs.com/release/7045485-David-Bowie-Lets-Dance, $16.46 ,7045485,,7045485
"Bowie, David",Let's Dance,8-Track Cartridge,N/A,EMI America,8XO 517093,1983,USA,,No,https://www.discogs.com/release/4764528-David-Bowie-Lets-Dance, $50.00 ,4764528,,4764528
"Bowie, David",Let's Dance,"12"" Vinyl",Yes,Mobile Fidelity Sound Lab,MFSL 1-083,1984,USA,Original Master Recording,No,https://www.discogs.com/release/2082207-David-Bowie-Lets-Dance, $182.10 ,2082207,,2082207
"Bowie, David",Let's Dance,SACD,Yes,EMI,543 3192,2003,USA,Stereo only,No,https://www.discogs.com/release/2323316-David-Bowie-Lets-Dance, $81.00 ,2323316,,2323316
"Bowie, David",Let's Dance,"7"" Vinyl",N/A,Parlophone,DBISA2015,2015,USA,Yellow Vinyl limited pressing of 550,Yes,https://www.discogs.com/release/7243972-David-Bowie-Lets-Dance, $321.73 ,7243972,,7243972
"Bowie, David",Let's Dance (Demo),"12"" Vinyl",Yes,Parlophone,DBRSD 20181,2018,Netherlands,Record Store Day,Yes,https://www.discogs.com/release/11887854-David-Bowie-Lets-Dance-Demo, $11.39 ,11887854,,11887854
"Bowie, David",Let's Dance (Demo),"12"" Vinyl",Yes,Parlophone,DBRSD 20181,2018,Netherlands,Record Store Day,Yes,https://www.discogs.com/release/11887854-David-Bowie-Lets-Dance-Demo, $11.39 ,11887854,,11887854
"Bowie, David",Let's Dance (Demo),"12"" Vinyl",Yes,Parlophone,DBRSD 20181,2018,Netherlands,Record Store Day,No,https://www.discogs.com/release/11887854-David-Bowie-Lets-Dance-Demo, $11.39 ,11887854,,11887854
"Bowie, David",Let's Spend The Night Together,"7"" Vinyl",N/A,RCA Victor,APB0-0028,1973,France,Stock Copy,No,https://www.discogs.com/release/3808578-David-Bowie-Lets-Spend-The-Night-Together, $6.67 ,3808578,,3808578
"Bowie, David",Let's Spend The Night Together,"7"" Vinyl",N/A,RCA Victor,APB0-0028,1973,France,Stock Copy,No,https://www.discogs.com/release/3808578-David-Bowie-Lets-Spend-The-Night-Together, $6.67 ,3808578,,3808578
"Bowie, David",Let's Spend The Night Together,"7"" Vinyl",Yes,RCA Victor,41.125,1973,Japan,,No,https://www.discogs.com/release/3456950-David-Bowie-Lets-Spend-The-Night-Together, $10.53 ,3456950,,3456950
"Bowie, David",Let's Spend The Night Together,"7"" Vinyl",Yes,RCA Victor,APBO 28,1973,New Zealand,Punch out center missing,No,https://www.discogs.com/release/985685-David-Bowie-Lets-Spend-The-Night-Together, $12.31 ,985685,,985685
"Bowie, David",Let's Spend The Night Together,"7"" Vinyl",N/A,RCA,DJH0-0028,1973,UK,Promo,No,https://www.discogs.com/release/4978893-David-Bowie-Lets-Spend-The-Night-Together, $17.99 ,4978893,,4978893
"Bowie, David",Let's Spend The Night Together,"7"" Vinyl",Yes,RCA Victor,N 1681,1973,UK,Stock Copy,No,https://www.discogs.com/release/1365501-David-Bowie-Lets-Spend-The-Night-Together-, $26.84 ,1365501,,1365501
"Bowie, David",Let's Spend The Night Together,"7"" Vinyl",N/A,RCA Victor,APB0-0028,1973,USA,Stock Copy - writing on label,No,https://www.discogs.com/release/7487643-David-Bowie-Lets-Spend-The-Night-Together, $42.95 ,7487643,,7487643
"Bowie, David",Let's Spend The Night Together,"7"" Vinyl",N/A,RCA Victor,46g 170,1973,USA,Punch out center missing label is torn,No,https://www.discogs.com/release/4611588-David-Bowie-Lets-Spend-The-Night-Together, $52.53 ,4611588,,4611588
"Bowie, David",Let's Spend The Night Together,"7"" Vinyl",Yes,RCA Victor,101.4031,1973,USA,"This is the ""Nigth"" cover",No,https://www.discogs.com/release/1775355-David-Bowie-Lets-Spend-The-Night-Together, $62.11 ,1775355,,1775355
"Bowie, David",Let's Spend The Night Together,"7"" Vinyl",Yes,RCA Victor,101.4031,1973,USA,"This is the ""Nigth"" cover",No,https://www.discogs.com/release/1775355-David-Bowie-Lets-Spend-The-Night-Together, $62.11 ,1775355,,1775355
"Bowie, David",Let's Spend The Night Together,"7"" Vinyl",Yes,RCA Victor,APBO-0028,1973,USA,,No,https://www.discogs.com/release/6765042-David-Bowie-Lets-Spend-The-Night-Together, $75.00 ,6765042,,6765042
"Bowie, David",Let's Spend The Night Together,"7"" Vinyl",Yes,RCA,SS-2279,1973,USA,Promo,No,https://www.discogs.com/release/13162070-デビッドボウイー-夜をぶっとばせ-Lets-Spend-The-Night-Together, $104.09 ,13162070,,13162070
"Bowie, David",Let's Spend The Night Together,"7"" Vinyl",N/A,RCA Victor,APBO 0028,1973,USA,,No,https://www.discogs.com/release/25185838-David-Bowie-Lets-Spend-The-Night-Together, $300.00 ,25185838,,25185838
"Bowie, David",Let's Talk,"12"" Vinyl",Yes,EMI America,SPRO 9960/9961,1983,USA,Promo - Interview Disc,No,https://www.discogs.com/release/1937419-David-Bowie-Lets-Talk, $50.00 ,1937419,,1937419
"Bowie, David",Life On Mars?,"7"" Vinyl",N/A,RCA Victor,RCA 2316,1973,EU,Push-out center intact,No,https://www.discogs.com/release/7686790-David-Bowie-Life-On-Mars, $5.81 ,7686790,,7686790
"Bowie, David",Life On Mars?,"7"" Vinyl",N/A,RCA Victor,RCA 2316,1973,EU,Stock Copy - push out center intact,No,https://www.discogs.com/release/7686790-David-Bowie-Life-On-Mars, $5.81 ,7686790,,7686790
"Bowie, David",Life On Mars?,"7"" Vinyl",Yes,RCA Victor,74-16 339,1973,Netherlands,,No,https://www.discogs.com/release/631240-David-Bowie-Life-On-Mars-The-Man-Who-Sold-The-World, $12.02 ,631240,,631240
"Bowie, David",Life On Mars?,"7"" Vinyl",Yes,RCA Victor,74-16 339,1973,Netherlands,,No,https://www.discogs.com/release/631240-David-Bowie-Life-On-Mars-The-Man-Who-Sold-The-World, $12.02 ,631240,,631240
"Bowie, David",Life On Mars?,"7"" Vinyl",Yes,RCA Victor,41.11,1973,New Zealand,Stock Copy,No,https://www.discogs.com/release/2958408-David-Bowie-Life-On-Mars, $12.63 ,2958408,,2958408
"Bowie, David",Life On Mars?,"7"" Vinyl",Yes,RCA Victor,N 1689,1973,UK,Stock Copy,No,https://www.discogs.com/release/452349-David-Bowie-Life-On-Mars-Amsterdam, $26.32 ,452349,,452349
"Bowie, David",Life On Mars?,"7"" Vinyl",Yes,RCA Victor,3-10936,1973,UK,Promo,No,https://www.discogs.com/release/6710899-David-Bowie-Life-On-Mars-Drive-In-Saturday, $26.32 ,6710899,,6710899
"Bowie, David",Life On Mars?,"7"" Vinyl",Yes,RCA Victor,3-10936,1973,UK,Stock Copy - there are two copies of the cover with the record,No,https://www.discogs.com/release/7747097-David-Bowie-Life-On-Mars-Drive-In-Saturday, $27.89 ,7747097,,7747097
"Bowie, David",Life On Mars?,"7"" Vinyl",Yes,RCA,BOW 502,1983,UK,Lifetimes The Singles: Push Out Center Intact,No,https://www.discogs.com/release/1193418-David-Bowie-Life-On-Mars, $15.15 ,1193418,,1193418
"Bowie, David",Life On Mars?,"7"" Vinyl",N/A,EMI,DBMARS 40,2014,UK,Picture Disc,Yes,https://www.discogs.com/release/4672755-David-Bowie-Life-On-Mars, $19.48 ,4672755,,4672755
"Bowie, David",Life On Mars?,"7"" Vinyl",N/A,EMI,DBMARS 40,2014,UK,Picture Disc,No,https://www.discogs.com/release/4672755-David-Bowie-Life-On-Mars, $19.48 ,4672755,,4672755
"Bowie, David",Life On Mars?,"7"" Vinyl",Yes,RCA Victor,60635,1973,USA,Stock Copy,No,https://www.discogs.com/release/2293312-David-Bowie-Life-On-Mars, $60.00 ,2293312,,2293312
"Bowie, David",Life On Mars?,"7"" Vinyl",N/A,RCA Victor,RCA 2316,1973,USA,Solid Centre,No,https://www.discogs.com/release/16686117-David-Bowie-Life-On-Mars, $69.62 ,16686117,,16686117
"Bowie, David",Life On Mars?,"7"" Vinyl",Yes,RCA Victor,20119,1978,USA,Reissue,No,https://www.discogs.com/release/13614032-David-Bowie-Life-On-Mars, $100.00 ,13614032,,13614032
"Bowie, David",Lifetimes,"12"" Vinyl",Yes,RCA,LIFETIMES 1,1983,USA,Promo - 825/1000,No,https://www.discogs.com/release/3649271-David-Bowie-Lifetimes, $139.24 ,3649271,,3649271
"Bowie, David",Limited Edition 3 Track Sampler,CD,Yes,Arista / BMG France,74321 45826 2,1997,UK,Promo - Cardboard,No,https://www.discogs.com/release/1060853-David-Bowie-Limited-Edition-3-Track-Sampler, $31.58 ,1060853,,1060853
"Bowie, David",Little Wonder,CD,Yes,RCA / BMG,74321452072,1997,EU,CD1,No,https://www.discogs.com/release/171749-David-Bowie-Little-Wonder, $4.00 ,171749,,171749
"Bowie, David",Little Wonder,CD,Yes,RCA / BMG,74321452072,1997,EU,CD1,No,https://www.discogs.com/release/171749-David-Bowie-Little-Wonder, $4.00 ,171749,,171749
"Bowie, David",Little Wonder,CD,Yes,Virgin,V25G-38585,1997,EU,Single,No,https://www.discogs.com/release/195850-David-Bowie-Little-Wonder, $4.00 ,195850,,195850
"Bowie, David",Little Wonder,"12"" Vinyl",Yes,BMG / RCA,74321452071,1997,Netherlands,,No,https://www.discogs.com/release/362585-David-Bowie-Little-Wonder, $11.66 ,362585,,362585
"Bowie, David","Live At NHK Hall, Toyko, Japan 12th December 1978","12"" Vinyl",Yes,Mind Control,MIND768,2021,UK,Unofficial Release - limited to 500 copies,Yes,https://www.discogs.com/release/17750488-David-Bowie-Live-At-NHK-Hall-Tokyo-Japan-12th-December-1978, $25.00 ,17750488,,17750488
"Bowie, David",Live Dance,"12"" Vinyl",Yes,None,FR2M8,1984,USA,Unofficial Release - two disc set,No,https://www.discogs.com/release/2744914-David-Bowie-Live-Dance, $35.00 ,2744914,,2744914
"Bowie, David",Live In Berlin [1978] L.P.,"12"" Vinyl",Yes,Parlophone,DBISNY 20181,2018,UK,David Bowie Is - Orange Vinyl,No,https://www.discogs.com/release/11644007-David-Bowie-Live-In-Berlin-1978-LP, $25.87 ,11644007,,11644007
"Bowie, David",Live In Berlin [1978] L.P.,"12"" Vinyl",Yes,Parlophone,DBISNY 20181,2018,UK,David Bowie Is - Orange Vinyl,Yes,https://www.discogs.com/release/11644007-David-Bowie-Live-In-Berlin-1978-LP, $25.87 ,11644007,,11644007
"Bowie, David",Live In Berlin [1978] L.P.,"12"" Vinyl",Yes,Parlophone,DBISNY 20181,2018,UK,David Bowie Is - Orange Vinyl,Yes,https://www.discogs.com/release/11644007-David-Bowie-Live-In-Berlin-1978-LP, $25.87 ,11644007,,11644007
"Bowie, David",Live In Berlin [1978] L.P.,"12"" Vinyl",Yes,Parlophone,DBISNY 20181,2018,UK,David Bowie Is - Orange Vinyl,Yes,https://www.discogs.com/release/11644007-David-Bowie-Live-In-Berlin-1978-LP, $25.87 ,11644007,,11644007
"Bowie, David",Live In New York 1987,CD,Yes,Digital Legends,DL 3906,2018,UK,Unofficial Release,Yes,https://www.discogs.com/release/12475987-David-Bowie-Live-In-New-York-1987, $20.00 ,12475987,,12475987
"Bowie, David",Live In New York 1987,CD,Yes,Digital Legends,DL 3906,2018,UK,Unofficial Release,Yes,https://www.discogs.com/release/12475987-David-Bowie-Live-In-New-York-1987, $20.00 ,12475987,,12475987
"Bowie, David",Live In Santa Monica,"12"" Vinyl",Yes,Trade Mark Of Quality,TMQ 2810,1974,USA,"Unofficial Release - only 1 disc, supposed to be two",No,https://www.discogs.com/release/7999890-David-Bowie-In-America, $75.00 ,7999890,,7999890
"Bowie, David",Live In Stockholm 79,"12"" Vinyl",Yes,Audifon Records,ACR 25,1979,USA,Unofficial Release - white lablels however these are written on,No,https://www.discogs.com/release/8581356-David-Bowie-Live-In-Stockholm-79, $75.00 ,8581356,,8581356
"Bowie, David",Live Los Angeles 1974,"12"" Vinyl",Yes,Protus,PR2LP3007,2019,UK,Unofficial Release,Yes,https://www.discogs.com/release/13776992-David-Bowie-Live-Los-Angeles-1974, $25.00 ,13776992,,13776992
"Bowie, David",Live NYC 1997,"7"" Vinyl",Yes,None,None,1998,UK,Unofficial Release,No,https://www.discogs.com/release/1608393-Smashing-Pumpkins-David-Bowie-Live-NYC-1997, $25.00 ,1608393,,1608393
"Bowie, David",Live Santa Monica '72,CD,Yes,EMI,BOWLIVE 201072,2008,UK,Limited Edition Numbered,No,https://www.discogs.com/release/1529510-David-Bowie-Live-Santa-Monica-72, $16.38 ,1529510,,1529510
"Bowie, David",Live Santa Monica '72,"12"" Vinyl",Yes,EMI,BOWLIVE 201072LP,2008,USA,Limited Edition #2744,No,https://www.discogs.com/release/1414815-David-Bowie-Live-Santa-Monica-72, $71.53 ,1414815,,1414815
"Bowie, David",Liveandwell.com,CD,Yes,Risky Folio,None,2000,USA,Limited Edition,No,https://www.discogs.com/release/1064346-David-Bowie-Liveandwellcom, $85.00 ,1064346,,1064346
"Bowie, David",Liveandwell.com,CD,Yes,Risky Folio,None,2000,USA,Limited Edition,No,https://www.discogs.com/release/1064346-David-Bowie-Liveandwellcom, $85.00 ,1064346,,1064346
"Bowie, David",Liza Jane,"7"" Vinyl",N/A,Deram,F 13807,1978,UK,Stock Copy,No,https://www.discogs.com/release/3631905-Davie-Jones-And-The-King-Bees-Liza-Jane, $23.99 ,3631905,,3631905
"Bowie, David",Liza Jane,"7"" Vinyl",N/A,Vocalion Pop,V.9221,1964,USA,Promo - Push-out center intact,No,https://www.discogs.com/release/8299501-Davie-Jones-With-The-King-Bees-Liza-Jane," $9,250.00 ",8299501,,8299501
"Bowie, David",Liza Jane,"7"" Vinyl",N/A,Decca,F 13807,1978,USA,Promo,No,https://www.discogs.com/release/2785408-Davie-Jones-And-The-King-Bees-Liza-Jane, $42.18 ,2785408,,2785408
"Bowie, David",Lodger,CD,Yes,Virgin,7243 521909 0 4,1999,France,The David Bowie Series,No,https://www.discogs.com/release/941215-David-Bowie-Lodger, $6.67 ,941215,,941215
"Bowie, David",Lodger,Cassette,Yes,RCA,AQK1-3254,1979,Italy,,No,https://www.discogs.com/release/4878668-David-Bowie-Lodger, $10.00 ,4878668,,4878668
"Bowie, David",Lodger,8-Track Cartridge,N/A,RCA Victor,AQS1-3254,1979,Italy,,Yes,https://www.discogs.com/release/5810596-David-Bowie-Lodger, $10.00 ,5810596,,5810596
"Bowie, David",Lodger,CD,Yes,EMI,CDP 79 7724 2,1991,Japan,,No,https://www.discogs.com/release/1522979-David-Bowie-Lodger, $10.52 ,1522979,,1522979
"Bowie, David",Lodger,CD,Yes,Rykodisc,RCD 10146,1991,Japan,Sound + Vision,No,https://www.discogs.com/release/140426-David-Bowie-Lodger, $10.71 ,140426,,140426
"Bowie, David",Lodger,CD,Yes,Rykodisc,RCD 10146,1991,Japan,Sound + Vision,No,https://www.discogs.com/release/140426-David-Bowie-Lodger, $10.71 ,140426,,140426
"Bowie, David",Lodger,CD,Yes,Rykodisc,RCD 10146,1991,Japan,Sound + Vision,No,https://www.discogs.com/release/140426-David-Bowie-Lodger, $10.71 ,140426,,140426
"Bowie, David",Lodger,CD,Yes,Rykodisc,RCD 10146,1991,Japan,Sound + Vision,No,https://www.discogs.com/release/140426-David-Bowie-Lodger, $10.71 ,140426,,140426
"Bowie, David",Lodger,Cassette,Yes,Ryko Analogue,RACS 0146,1991,Netherlands,,Yes,https://www.discogs.com/release/2021129-David-Bowie-Lodger, $12.00 ,2021129,,2021129
"Bowie, David",Lodger,CD,Yes,EMI,TOCP-70152,2007,Netherlands,With OBI - made in Japan,No,https://www.discogs.com/release/7045451-David-Bowie-Lodger, $12.00 ,7045451,,7045451
"Bowie, David",Lodger,"12"" Vinyl",Yes,RCA International,INTS-5212,1983,New Zealand,Reissue,No,https://www.discogs.com/release/1762161-David-Bowie-Lodger, $12.62 ,1762161,,1762161
"Bowie, David",Lodger,"12"" Vinyl",Yes,RCA Victor,AYL1-4234,1981,Spain,Best Buy Series - Reissue,No,https://www.discogs.com/release/1080661-David-Bowie-Lodger, $15.00 ,1080661,,1080661
"Bowie, David",Lodger,"12"" Vinyl",Yes,RCA Victor,AQL1-3254,1979,UK,With shrink wrap and hype sticker,No,https://www.discogs.com/release/1574337-David-Bowie-Lodger, $20.00 ,1574337,,1574337
"Bowie, David",Lodger,"12"" Vinyl",Yes,,AQL1-3254,1979,UK,Original Pressing,No,https://www.discogs.com/release/1574337-David-Bowie-Lodger, $20.00 ,1574337,,1574337
"Bowie, David",Lodger,"12"" Vinyl",Yes,,AQL1-3254,1979,UK,Original Pressing,No,https://www.discogs.com/release/1574337-David-Bowie-Lodger, $20.00 ,1574337,,1574337
"Bowie, David",Lodger,"12"" Vinyl",Yes,,AQL1-3254,1979,UK,Original Pressing,No,https://www.discogs.com/release/1574337-David-Bowie-Lodger, $20.00 ,1574337,,1574337
"Bowie, David",Lodger,"12"" Vinyl",Yes,,AQL1-3254,1979,UK,Original Pressing,No,https://www.discogs.com/release/1574337-David-Bowie-Lodger, $20.00 ,1574337,,1574337
"Bowie, David",Lodger,"12"" Vinyl",Yes,RCA,RVP-6390,1979,UK,Original Pressing - with OBI,No,https://www.discogs.com/release/3633625-David-Bowie-Lodger, $31.20 ,3633625,,3633625
"Bowie, David",Lodger,"12"" Vinyl",Yes,RCA,RP-2107,1982,UK,Reissue - with OBI,No,https://www.discogs.com/release/2818094-David-Bowie-Lodger, $31.31 ,2818094,,2818094
"Bowie, David",Lodger,"12"" Vinyl",Yes,RCA Victor,BOW LP1,2015,UK,Unofficial Release - Green Vinyl,No,https://www.discogs.com/release/7687723-David-Bowie-Lodger, $25.00 ,7687723,,7687723
"Bowie, David",Lodger,CD,Yes,RCA Victor,PCD1-3254,1985,USA,Red Spine,No,https://www.discogs.com/release/2029888-David-Bowie-Lodger, $48.23 ,2029888,,2029888
"Bowie, David",Lodger,"12"" Vinyl",Yes,EMI,EMD 1026,1991,USA,Reissue,No,https://www.discogs.com/release/3439634-David-Bowie-Lodger, $37.97 ,3439634,,3439634
"Bowie, David",London Boy,CD,Yes,Spectrum Music / Karussell International,551 706-2,1996,EU,Compilation,No,https://www.discogs.com/release/2765796-David-Bowie-London-Boy, $3.78 ,2765796,,2765796
"Bowie, David",London Boy,CD,Yes,Spectrum Music,551 706-2,1996,EU,Compilation - Reissue,No,https://www.discogs.com/release/834000-David-Bowie-London-Boy, $4.11 ,834000,,834000
"Bowie, David",London Bye Ta Ta / Bombers,"7"" Vinyl",Yes,Pop,POP-01,1979,UK,Unofficial Release - Full Color Copy,No,https://www.discogs.com/release/3559035-David-Bowie-London-Bye-Ta-Ta-bw-Bombers, $25.00 ,3559035,,3559035
"Bowie, David",London Bye Ta Ta / Bombers,"7"" Vinyl",Yes,Pop,POP-01,1979,UK,Unofficial Release - Black and White Copy,No,https://www.discogs.com/release/4565125-David-Bowie-London-Bye-Ta-Ta-Bombers, $25.00 ,4565125,,4565125
"Bowie, David",Look Back In Anger,"7"" Vinyl",N/A,RCA,JH-11724,1979,UK,Promo,No,https://www.discogs.com/release/4354724-David-Bowie-Look-Back-In-Anger, $20.00 ,4354724,,4354724
"Bowie, David",Look Back In Anger,"7"" Vinyl",N/A,RCA,PB-11724,1979,UK,Stock Copy,No,https://www.discogs.com/release/3165865-David-Bowie-Look-Back-In-Anger, $23.85 ,3165865,,3165865
"Bowie, David",Look Back In Anger,"7"" Vinyl",N/A,RCA,PB-11724,1979,USA,Stock Copy,No,https://www.discogs.com/release/7477654-David-Bowie-Look-Back-In-Anger, $42.00 ,7477654,,7477654
"Bowie, David",Love Is Lost,"12"" Vinyl",Yes,Columbia / ISO Records,44-102199,2013,USA,"Limited Edition White Vinyl 5,000 Copies",Yes,https://www.discogs.com/release/5185576-David-Bowie-Love-Is-Lost-Hello-Steve-Reich-Mix-By-James-Murphy-For-The-DFA, $36.26 ,5185576,,5185576
"Bowie, David",Love Is Lost,"12"" Vinyl",Yes,Columbia / ISO Records,44-102199,2013,USA,"Limited Edition White Vinyl 5,000 Copies",Yes,https://www.discogs.com/release/5185576-David-Bowie-Love-Is-Lost-Hello-Steve-Reich-Mix-By-James-Murphy-For-The-DFA, $36.26 ,5185576,,5185576
"Bowie, David",Love You Till Tuesday,Cassette,Yes,Polygram / London Records,820 083-4 R-1,1984,EU,Compilation,No,https://www.discogs.com/release/1858691-David-Bowie-Love-You-Till-Tuesday, $2.95 ,1858691,,1858691
"Bowie, David",Love You Till Tuesday,"12"" Vinyl",Yes,London Records,820 083-1 R-1,1984,Greece,,No,https://www.discogs.com/release/11978149-David-Bowie-Love-You-Till-Tuesday, $9.59 ,11978149,,11978149
"Bowie, David",Love You Till Tuesday,"12"" Vinyl",Yes,Deram,BOWIE 1,1984,Peru,,No,https://www.discogs.com/release/2425880-David-Bowie-Love-You-Till-Tuesday, $12.63 ,2425880,,2425880
"Bowie, David",Love You Till Tuesday,"7"" Vinyl",N/A,Deram,45-DEM-85016,1967,USA,Promo,No,https://www.discogs.com/release/6831496-David-Bowie-Love-You-Till-Tuesday-Did-You-Ever-Have-A-Dream, $158.23 ,6831496,,6831496
"Bowie, David",Love You Till Tuesday,"7"" Vinyl",N/A,Deram,45-DEM-85016,1967,USA,Promo,No,https://www.discogs.com/release/6831496-David-Bowie-Love-You-Till-Tuesday-Did-You-Ever-Have-A-Dream, $158.23 ,6831496,,6831496
"Bowie, David",Love You Till Tuesday,"7"" Vinyl",N/A,Deram,45-DEM-85016,1967,USA,Promo,No,https://www.discogs.com/release/6831496-David-Bowie-Love-You-Till-Tuesday-Did-You-Ever-Have-A-Dream, $158.23 ,6831496,,6831496
"Bowie, David",Love You Till Tuesday,"7"" Vinyl",Yes,Deram,DM 135,1967,USA,,No,https://www.discogs.com/release/4479501-David-Bowie-Love-You-Till-Tuesday, $204.74 ,4479501,,4479501
"Bowie, David",Love You Till Tuesday,"7"" Vinyl",Yes,Deram,DM 135,1967,USA,Punch out center intact,No,https://www.discogs.com/release/1776900-David-Bowie-Love-You-Till-Tuesday-, $443.04 ,1776900,,1776900
"Bowie, David",Loving The Alien,"7"" Vinyl",Yes,EMI America,BG-8271,1985,EU,Gatefold,No,https://www.discogs.com/release/1852115-David-Bowie-Loving-The-Alien-Re-Mixed-Version, $5.00 ,1852115,,1852115
"Bowie, David",Loving The Alien,"7"" Vinyl",Yes,EMI America,BG-8271,1985,EU,Gatefold,No,https://www.discogs.com/release/1852115-David-Bowie-Loving-The-Alien-Re-Mixed-Version, $5.00 ,1852115,,1852115
"Bowie, David",Loving The Alien,"12"" Vinyl",Yes,EMI America,VG-7858-1/2,1985,Italy,With Poster,No,https://www.discogs.com/release/1830908-David-Bowie-Loving-The-Alien, $10.00 ,1830908,,1830908
"Bowie, David",Loving The Alien,"12"" Vinyl",Yes,EMI America,VG-7858-1/2,1985,Italy,With Poster,No,https://www.discogs.com/release/1830908-David-Bowie-Loving-The-Alien, $10.00 ,1830908,,1830908
"Bowie, David",Loving The Alien,"12"" Vinyl",N/A,EMI America,12EAP 195,1985,Netherlands,Picture Disc,No,https://www.discogs.com/release/1556789-David-Bowie-Loving-The-Alien, $11.70 ,1556789,,1556789
"Bowie, David",Loving The Alien,"12"" Vinyl",N/A,EMI America,12EAP 195,1985,Netherlands,Picture Disc,No,https://www.discogs.com/release/1556789-David-Bowie-Loving-The-Alien, $11.70 ,1556789,,1556789
"Bowie, David",Loving The Alien,"12"" Vinyl",N/A,EMI America,12EAP 195,1985,Netherlands,Picture Disc,No,https://www.discogs.com/release/1556789-David-Bowie-Loving-The-Alien, $11.70 ,1556789,,1556789
"Bowie, David",Loving The Alien,"7"" Vinyl",N/A,EMI America,EAP 195,1985,Netherlands,Shaped Picture Disc,No,https://www.discogs.com/release/2571888-David-Bowie-Loving-The-Alien-Re-mixed-Version, $12.11 ,2571888,,2571888
"Bowie, David",Loving The Alien (1983 - 1988),CD,Yes,Parlophone,DBX 4,2018,USA,Box Set,Yes,https://www.discogs.com/release/12650039-David-Bowie-Loving-The-Alien-1983-1988-, $150.00 ,12650039,,12650039
"Bowie, David",Loving The Alien (1983 - 1988),"12"" Vinyl",Yes,Parlophone,DBXL 4,2018,USA,Box Set,No,https://www.discogs.com/release/12645443-David-Bowie-Loving-The-Alien-19831988-, $273.82 ,12645443,,12645443
"Bowie, David",Low,CD,Yes,Virgin,7243 521907 0 6,1999,France,The David Bowie Series,No,https://www.discogs.com/release/936384-David-Bowie-Low, $7.00 ,936384,,936384
"Bowie, David",Low,CD,Yes,Virgin,7243 521907 0 6,1999,France,The David Bowie Series,No,https://www.discogs.com/release/936384-David-Bowie-Low, $7.00 ,936384,,936384
"Bowie, David",Low,CD,Yes,EMI,TOCP-65314,1999,Netherlands,The David Bowie Series,No,https://www.discogs.com/release/7563091-David-Bowie-Low, $12.09 ,7563091,,7563091
"Bowie, David",Low,CD,Yes,Rykodisc,RCD 10142,1991,Spain,Sound + Vision,No,https://www.discogs.com/release/4825468-David-Bowie-Low, $14.00 ,4825468,,4825468
"Bowie, David",Low,CD,Yes,Rykodisc,RCD 10142,1991,Spain,Sound + Vision,No,https://www.discogs.com/release/4825468-David-Bowie-Low, $14.00 ,4825468,,4825468
"Bowie, David",Low,CD,Yes,Rykodisc,RCD 10142,1991,Spain,Sound + Vision,No,https://www.discogs.com/release/4825468-David-Bowie-Low, $14.00 ,4825468,,4825468
"Bowie, David",Low,CD,Yes,Rykodisc,RCD 10142,1991,Spain,Sound + Vision,No,https://www.discogs.com/release/4825468-David-Bowie-Low, $14.00 ,4825468,,4825468
"Bowie, David",Low,CD,Yes,Rykodisc,RCD 10142,1991,Spain,Sound + Vision,No,https://www.discogs.com/release/4825468-David-Bowie-Low, $14.00 ,4825468,,4825468
"Bowie, David",Low,"12"" Vinyl",Yes,RCA Victor,CPL1-2030,1977,UK,Stock Copy - with gold promo stamp on the back of the cover,No,https://www.discogs.com/release/59734-David-Bowie-Low, $27.48 ,59734,,59734
"Bowie, David",Low,"12"" Vinyl",Yes,RCA Victor,CPL1-2030,1977,UK,Stock Copy - Promo Stamp On Back Cover,No,https://www.discogs.com/release/59734-David-Bowie-Low, $27.48 ,59734,,59734
"Bowie, David",Low,"12"" Vinyl",Yes,RCA Victor,CPL1-2030,1977,UK,Stock Copy - Shrink Wrap Tracklisting on Back Cover,No,https://www.discogs.com/release/59734-David-Bowie-Low, $27.48 ,59734,,59734
"Bowie, David",Low,Cassette,Yes,Ryko Analogue,RACS 0142,1991,UK,,No,https://www.discogs.com/release/5654632-David-Bowie-Low, $15.37 ,5654632,,5654632
"Bowie, David",Low,CD,Yes,EMI,TOCP-70150,2007,UK,With OBI - made in Japan,No,https://www.discogs.com/release/7045397-David-Bowie-Low, $25.82 ,7045397,,7045397
"Bowie, David",Low,"12"" Vinyl",Yes,RCA,NL 83856,2014,UK,Unofficial Release - Yellow/Brown Vinyl,No,https://www.discogs.com/release/6540150-David-Bowie-Low, $25.00 ,6540150,,6540150
"Bowie, David",Low,"12"" Vinyl",Yes,Parlophone,DB 77821,2022,UK,45th Anniversary - Orange Vinyl,Yes,https://www.discogs.com/release/21723181-David-Bowie-Low, $26.11 ,21723181,,21723181
"Bowie, David",Low,"12"" Vinyl",Yes,Parlophone,DB 77821,2022,UK,45th Anniversary - Orange Vinyl,Yes,https://www.discogs.com/release/21723181-David-Bowie-Low, $26.11 ,21723181,,21723181
"Bowie, David",Low,"12"" Vinyl",Yes,RCA,RVP-6154,1977,USA,Stock Copy with pink OBI,No,https://www.discogs.com/release/1331105-David-Bowie-Low, $56.99 ,1331105,,1331105
"Bowie, David",Low,CD,Yes,RCA Victor,PCD1-2030,1985,USA,Red Spine,No,https://www.discogs.com/release/136522-David-Bowie-Low, $54.16 ,136522,,136522
"Bowie, David",Low,"12"" Vinyl",Yes,EMI,EMD 1027,1991,USA,Reissue,No,https://www.discogs.com/release/2125642-David-Bowie-Low, $62.37 ,2125642,,2125642
"Bowie, David",Low,CD,Yes,Rykodisc,RCD80142,1996,USA,24k Gold CD,No,https://www.discogs.com/release/3511274-David-Bowie-Low, $44.72 ,3511274,,3511274
"Bowie, David",Low,"12"" Vinyl",Yes,RCA,RPL-2105,2016,USA,Unofficial Release - Orange Marble Vinyl,No,https://www.discogs.com/release/9541494-David-Bowie-Low, $50.00 ,9541494,,9541494
"Bowie, David",Low,"12"" Vinyl",N/A,None,NL 83856,2018,USA,Unofficial Release - Picture Disc plays the Low album,No,https://www.discogs.com/release/10501788-David-Bowie-Low, $50.00 ,10501788,,10501788
"Bowie, David",Magic Dance,"12"" Vinyl",Yes,EMI America,V-19217,1986,Japan,,No,https://www.discogs.com/release/330589-David-Bowie-Magic-Dance-A-Dance-Mix, $10.53 ,330589,,330589
"Bowie, David",Man In The Middle,"12"" Vinyl",Yes,Krazy Kat Records,Past 2,1985,UK,,No,https://www.discogs.com/release/817152-Arnold-Corns-AKA-David-Bowie-And-The-Spiders-From-Mars-Man-In-The-Middle, $16.23 ,817152,,817152
"Bowie, David",Man Of Words / Man Of Music,"12"" Vinyl",No,Mercury,SR 6246,1969,USA,Promo - white label,No,https://www.discogs.com/release/4261814-David-Bowie-Man-Of-WordsMan-Of-Music, $146.50 ,4261814,,4261814
"Bowie, David",Man Of Words / Man Of Music,"12"" Vinyl",Yes,Mercury,SR 61246,1969,USA,Stock Copy - First Pressing,No,https://www.discogs.com/release/2476469-David-Bowie-Man-Of-Words-Man-Of-Music, $200.00 ,2476469,,2476469
"Bowie, David",Man Of Words / Man Of Music,"12"" Vinyl",Yes,Mercury,SR 61246,1970,USA,Stock Copy - Second Pressing,No,https://www.discogs.com/release/8119289-David-Bowie-Man-Of-WordsMan-Of-Music, $75.00 ,8119289,,8119289
"Bowie, David",Man Of Words / Man Of Music,"12"" Vinyl",Yes,Parlophone,DBISHLP 2015,2015,USA,"David Bowie Is Blue Vinyl limited edition of 1,500 copies",Yes,https://www.discogs.com/release/7839864-David-Bowie-Man-Of-Words-Man-Of-Music, $81.58 ,7839864,,7839864
"Bowie, David",Maximum Bowie,CD,Yes,Chrome Talk,ABCD 073,2000,EU,Unofficial Release,No,https://www.discogs.com/release/6698176-David-Bowie-Maximum-Bowie-The-Unauthorised-Biography-Of-David-Bowie, $5.00 ,6698176,,6698176
"Bowie, David",Memory Of A Free Festival,"7"" Vinyl",N/A,Mercury,73075,1970,USA,Promo,No,https://www.discogs.com/release/5129084-David-Bowie-Memory-Of-A-Free-Festival, $75.47 ,5129084,,5129084
"Bowie, David",Memory Of A Free Festival,"7"" Vinyl",Yes,Mercury,6052 026,1970,USA,,No,https://www.discogs.com/release/3608295-David-Bowie-Memory-Of-A-Free-Festival, $189.87 ,3608295,,3608295
"Bowie, David",Memory Of A Free Festival,"7"" Vinyl",Yes,Mercury,6052 026,1970,USA,,No,https://www.discogs.com/release/4857518-David-Bowie-Memory-Of-A-Free-Festival, $289.47 ,4857518,,4857518
"Bowie, David",Memory Of A Free Festival,"7"" Vinyl",N/A,Mercury,6052 026,1970,USA,Stock Copy - push out center intact,No,https://www.discogs.com/release/6851089-David-Bowie-Memory-Of-A-Free-Festival-Part-1, $363.92 ,6851089,,6851089
"Bowie, David",Memory Of A Free Festival,"7"" Vinyl",N/A,Mercury,6052 026,1970,USA,Promo - Push-out center intact,No,https://www.discogs.com/release/5610619-David-Bowie-Memory-Of-A-Free-Festival, $382.17 ,5610619,,5610619
"Bowie, David",Memory Of A Free Festival,"7"" Vinyl",Yes,Mercury,6052 026,1970,USA,Punch out center missing,No,https://www.discogs.com/sell/release/6859600?ev=rb, $585.47 ,,,
"Bowie, David",Mercury Demos,"12"" Vinyl",Yes,Parlophone,DBMD 1969,2019,USA,Box Set,No,https://www.discogs.com/release/13812575-Bowie-Mercury-Demos, $44.48 ,13812575,,13812575
"Bowie, David",Mercury Demos,"12"" Vinyl",Yes,Parlophone,DBMD 1969,2019,USA,Box Set,Yes,https://www.discogs.com/release/13812575-Bowie-Mercury-Demos, $44.48 ,13812575,,13812575
"Bowie, David",Metrobolist,CD,Yes,Parlophone,METROBOLIST 6,2020,Netherlands,Card Wallet,No,https://www.discogs.com/release/16159415-David-Bowie-Metrobolist-Nine-Songs-By-David-Bowie, $11.39 ,16159415,,16159415
"Bowie, David",Metrobolist,CD,Yes,Parlophone,METROBOLIST 6,2020,Netherlands,Card Wallet,Yes,https://www.discogs.com/release/16159415-David-Bowie-Metrobolist-Nine-Songs-By-David-Bowie, $11.39 ,16159415,,16159415
"Bowie, David",Metrobolist,CD,Yes,Parlophone,METROBOLIST 6,2020,Netherlands,Card Wallet,Yes,https://www.discogs.com/release/16159415-David-Bowie-Metrobolist-Nine-Songs-By-David-Bowie, $11.39 ,16159415,,16159415
"Bowie, David",Metrobolist,CD,Yes,Parlophone,METROBOLIST 6,2020,Netherlands,Card Wallet,Yes,https://www.discogs.com/release/16159415-David-Bowie-Metrobolist-Nine-Songs-By-David-Bowie, $11.39 ,16159415,,16159415
"Bowie, David",Metrobolist,"12"" Vinyl",Yes,Parlophone,METROBOLIST 6,2020,UK,Black Vinyl,No,https://www.discogs.com/release/16135214-David-Bowie-Metrobolist-Nine-Songs-By-David-Bowie, $16.92 ,16135214,,16135214
"Bowie, David",Metrobolist,"12"" Vinyl",Yes,Parlophone,METROBOLIST 6,2020,UK,Black Vinyl,No,https://www.discogs.com/release/16135214-David-Bowie-Metrobolist-Nine-Songs-By-David-Bowie, $16.92 ,16135214,,16135214
"Bowie, David",Metrobolist,"12"" Vinyl",Yes,Parlophone,METROBOLIST 6,2020,UK,Black Vinyl,No,https://www.discogs.com/release/16135214-David-Bowie-Metrobolist-Nine-Songs-By-David-Bowie, $16.92 ,16135214,,16135214
"Bowie, David",Metrobolist,"12"" Vinyl",Yes,Parlophone,METROBOLIST 6,2020,UK,Black Vinyl,No,https://www.discogs.com/release/16135214-David-Bowie-Metrobolist-Nine-Songs-By-David-Bowie, $16.92 ,16135214,,16135214
"Bowie, David",Metrobolist,"12"" Vinyl",Yes,Parlophone,METROBOLIST 6,2020,UK,Black Vinyl,No,https://www.discogs.com/release/16135214-David-Bowie-Metrobolist-Nine-Songs-By-David-Bowie, $16.92 ,16135214,,16135214
"Bowie, David",Metrobolist,"12"" Vinyl",Yes,Parlophone,METROBOLIST 6,2020,UK,Black Vinyl,No,https://www.discogs.com/release/16135214-David-Bowie-Metrobolist-Nine-Songs-By-David-Bowie, $16.92 ,16135214,,16135214
"Bowie, David",Metrobolist,"12"" Vinyl",Yes,Parlophone,METROBOLIST 6,2020,UK,Black Vinyl,No,https://www.discogs.com/release/16135214-David-Bowie-Metrobolist-Nine-Songs-By-David-Bowie, $16.92 ,16135214,,16135214
"Bowie, David",Metrobolist,"12"" Vinyl",Yes,Parlophone,METROBOLIST 6,2020,UK,Black Vinyl,No,https://www.discogs.com/release/16135214-David-Bowie-Metrobolist-Nine-Songs-By-David-Bowie, $16.92 ,16135214,,16135214
"Bowie, David",Metrobolist,"12"" Vinyl",Yes,Parlophone,METROBOLIST 6,2020,UK,Black Vinyl,No,https://www.discogs.com/release/16135214-David-Bowie-Metrobolist-Nine-Songs-By-David-Bowie, $16.92 ,16135214,,16135214
"Bowie, David",Metrobolist,"12"" Vinyl",Yes,Parlophone,METROBOLIST 6,2020,UK,Black Vinyl,No,https://www.discogs.com/release/16135214-David-Bowie-Metrobolist-Nine-Songs-By-David-Bowie, $16.92 ,16135214,,16135214
"Bowie, David",Metrobolist,"12"" Vinyl",Yes,Parlophone,METROBOLIST 6,2020,UK,Black Vinyl,No,https://www.discogs.com/release/16135214-David-Bowie-Metrobolist-Nine-Songs-By-David-Bowie, $16.92 ,16135214,,16135214
"Bowie, David",Metrobolist,"12"" Vinyl",Yes,Parlophone,METROBOLIST 6,2020,UK,Black Vinyl,No,https://www.discogs.com/release/16135214-David-Bowie-Metrobolist-Nine-Songs-By-David-Bowie, $16.92 ,16135214,,16135214
"Bowie, David",Metrobolist,"12"" Vinyl",Yes,Parlophone,METROBOLIST 6,2020,UK,Black Vinyl,No,https://www.discogs.com/release/16135214-David-Bowie-Metrobolist-Nine-Songs-By-David-Bowie, $16.92 ,16135214,,16135214
"Bowie, David",Metrobolist,"12"" Vinyl",Yes,Parlophone,METROBOLIST 6,2020,UK,Black Vinyl,No,https://www.discogs.com/release/16135214-David-Bowie-Metrobolist-Nine-Songs-By-David-Bowie, $16.92 ,16135214,,16135214
"Bowie, David",Metrobolist,"12"" Vinyl",Yes,Parlophone,METROBOLIST 6,2020,UK,Black Vinyl,No,https://www.discogs.com/release/16135214-David-Bowie-Metrobolist-Nine-Songs-By-David-Bowie, $16.92 ,16135214,,16135214
"Bowie, David",Metrobolist,"12"" Vinyl",Yes,Parlophone,METROBOLIST 6,2020,UK,Black Vinyl,No,https://www.discogs.com/release/16135214-David-Bowie-Metrobolist-Nine-Songs-By-David-Bowie, $16.92 ,16135214,,16135214
"Bowie, David",Metrobolist,"12"" Vinyl",Yes,Parlophone,METROBOLIST 6,2020,UK,Black Vinyl,No,https://www.discogs.com/release/16135214-David-Bowie-Metrobolist-Nine-Songs-By-David-Bowie, $16.92 ,16135214,,16135214
"Bowie, David",Metrobolist,"12"" Vinyl",Yes,Parlophone,METROBOLIST 6,2020,UK,Black Vinyl,No,https://www.discogs.com/release/16135214-David-Bowie-Metrobolist-Nine-Songs-By-David-Bowie, $16.92 ,16135214,,16135214
"Bowie, David",Metrobolist,"12"" Vinyl",Yes,Parlophone,METROBOLIST 6,2020,UK,Black Vinyl,No,https://www.discogs.com/release/16135214-David-Bowie-Metrobolist-Nine-Songs-By-David-Bowie, $16.92 ,16135214,,16135214
"Bowie, David",Metrobolist,"12"" Vinyl",Yes,Parlophone,METROBOLIST 6,2020,UK,Black Vinyl,No,https://www.discogs.com/release/16135214-David-Bowie-Metrobolist-Nine-Songs-By-David-Bowie, $16.92 ,16135214,,16135214
"Bowie, David",Metrobolist,"12"" Vinyl",Yes,Parlophone,METROBOLIST 6,2020,UK,Black Vinyl,No,https://www.discogs.com/release/16135214-David-Bowie-Metrobolist-Nine-Songs-By-David-Bowie, $16.92 ,16135214,,16135214
"Bowie, David",Metrobolist,"12"" Vinyl",Yes,Parlophone,METROBOLIST 6,2020,UK,Black Vinyl,No,https://www.discogs.com/release/16135214-David-Bowie-Metrobolist-Nine-Songs-By-David-Bowie, $16.92 ,16135214,,16135214
"Bowie, David",Metrobolist,"12"" Vinyl",Yes,Parlophone,METROBOLIST 6,2020,UK,Black Vinyl,No,https://www.discogs.com/release/16135214-David-Bowie-Metrobolist-Nine-Songs-By-David-Bowie, $16.92 ,16135214,,16135214
"Bowie, David",Metrobolist,"12"" Vinyl",Yes,Parlophone,METROBOLIST 6,2020,UK,Black Vinyl,No,https://www.discogs.com/release/16135214-David-Bowie-Metrobolist-Nine-Songs-By-David-Bowie, $16.92 ,16135214,,16135214
"Bowie, David",Metrobolist,"12"" Vinyl",Yes,Parlophone,METROBOLIST 6,2020,UK,Black Vinyl,No,https://www.discogs.com/release/16135214-David-Bowie-Metrobolist-Nine-Songs-By-David-Bowie, $16.92 ,16135214,,16135214
"Bowie, David",Metrobolist,"12"" Vinyl",Yes,Parlophone,METROBOLIST 6,2020,UK,Black Vinyl,No,https://www.discogs.com/release/16135214-David-Bowie-Metrobolist-Nine-Songs-By-David-Bowie, $16.92 ,16135214,,16135214
"Bowie, David",Metrobolist,"12"" Vinyl",Yes,Parlophone,METROBOLIST 6,2020,UK,Black Vinyl,No,https://www.discogs.com/release/16135214-David-Bowie-Metrobolist-Nine-Songs-By-David-Bowie, $16.92 ,16135214,,16135214
"Bowie, David",Metrobolist,"12"" Vinyl",Yes,Parlophone,METROBOLIST 6,2020,UK,Black Vinyl,No,https://www.discogs.com/release/16135214-David-Bowie-Metrobolist-Nine-Songs-By-David-Bowie, $16.92 ,16135214,,16135214
"Bowie, David",Metrobolist,"12"" Vinyl",Yes,Parlophone,METROBOLIST 6,2020,UK,Black Vinyl,No,https://www.discogs.com/release/16135214-David-Bowie-Metrobolist-Nine-Songs-By-David-Bowie, $16.92 ,16135214,,16135214
"Bowie, David",Metrobolist,"12"" Vinyl",Yes,Parlophone,METROBOLIST 6,2020,UK,Black Vinyl,No,https://www.discogs.com/release/16135214-David-Bowie-Metrobolist-Nine-Songs-By-David-Bowie, $16.92 ,16135214,,16135214
"Bowie, David",Metrobolist,"12"" Vinyl",Yes,Parlophone,METROBOLIST 6,2020,UK,Black Vinyl,No,https://www.discogs.com/release/16135214-David-Bowie-Metrobolist-Nine-Songs-By-David-Bowie, $16.92 ,16135214,,16135214
"Bowie, David",Metrobolist,"12"" Vinyl",Yes,Parlophone,METROBOLIST 6,2020,UK,Black Vinyl,No,https://www.discogs.com/release/16135214-David-Bowie-Metrobolist-Nine-Songs-By-David-Bowie, $16.92 ,16135214,,16135214
"Bowie, David",Metrobolist,"12"" Vinyl",Yes,Parlophone,METROBOLIST 6,2020,UK,Black Vinyl,No,https://www.discogs.com/release/16135214-David-Bowie-Metrobolist-Nine-Songs-By-David-Bowie, $16.92 ,16135214,,16135214
"Bowie, David",Metrobolist,"12"" Vinyl",Yes,Parlophone,METROBOLIST 6,2020,UK,Black Vinyl,No,https://www.discogs.com/release/16135214-David-Bowie-Metrobolist-Nine-Songs-By-David-Bowie, $16.92 ,16135214,,16135214
"Bowie, David",Metrobolist,"12"" Vinyl",Yes,Parlophone,METROBOLIST 6,2020,UK,Black Vinyl,No,https://www.discogs.com/release/16135214-David-Bowie-Metrobolist-Nine-Songs-By-David-Bowie, $16.92 ,16135214,,16135214
"Bowie, David",Metrobolist,"12"" Vinyl",Yes,Parlophone,METROBOLIST 6,2020,UK,Black Vinyl,No,https://www.discogs.com/release/16135214-David-Bowie-Metrobolist-Nine-Songs-By-David-Bowie, $16.92 ,16135214,,16135214
"Bowie, David",Metrobolist,"12"" Vinyl",Yes,Parlophone,METROBOLIST 6,2020,UK,Black Vinyl,No,https://www.discogs.com/release/16135214-David-Bowie-Metrobolist-Nine-Songs-By-David-Bowie, $16.92 ,16135214,,16135214
"Bowie, David",Metrobolist,"12"" Vinyl",Yes,Parlophone,METROBOLIST 6,2020,UK,Black Vinyl,No,https://www.discogs.com/release/16135214-David-Bowie-Metrobolist-Nine-Songs-By-David-Bowie, $16.92 ,16135214,,16135214
"Bowie, David",Metrobolist,"12"" Vinyl",Yes,Parlophone,METROBOLIST 6,2020,UK,Black Vinyl,No,https://www.discogs.com/release/16135214-David-Bowie-Metrobolist-Nine-Songs-By-David-Bowie, $16.92 ,16135214,,16135214
"Bowie, David",Metrobolist,"12"" Vinyl",Yes,Parlophone,METROBOLIST 6,2020,UK,Black Vinyl,No,https://www.discogs.com/release/16135214-David-Bowie-Metrobolist-Nine-Songs-By-David-Bowie, $16.92 ,16135214,,16135214
"Bowie, David",Metrobolist,"12"" Vinyl",Yes,Parlophone,METROBOLIST 6,2020,UK,Black Vinyl,No,https://www.discogs.com/release/16135214-David-Bowie-Metrobolist-Nine-Songs-By-David-Bowie, $16.92 ,16135214,,16135214
"Bowie, David",Metrobolist,"12"" Vinyl",Yes,Parlophone,METROBOLIST 6,2020,UK,Black Vinyl,No,https://www.discogs.com/release/16135214-David-Bowie-Metrobolist-Nine-Songs-By-David-Bowie, $16.92 ,16135214,,16135214
"Bowie, David",Metrobolist,"12"" Vinyl",Yes,Parlophone,METROBOLIST 6,2020,UK,Black Vinyl,No,https://www.discogs.com/release/16135214-David-Bowie-Metrobolist-Nine-Songs-By-David-Bowie, $16.92 ,16135214,,16135214
"Bowie, David",Metrobolist,"12"" Vinyl",Yes,Parlophone,METROBOLIST 6,2020,UK,Black Vinyl,No,https://www.discogs.com/release/16135214-David-Bowie-Metrobolist-Nine-Songs-By-David-Bowie, $16.92 ,16135214,,16135214
"Bowie, David",Metrobolist,"12"" Vinyl",Yes,Parlophone,METROBOLIST 6,2020,USA,White Vinyl # 1653,No,https://www.discogs.com/release/16170762-David-Bowie-Metrobolist-Nine-Songs-By-David-Bowie, $126.55 ,16170762,,16170762
"Bowie, David",Miracle Goodnight,CD,Yes,Arista / BMG,74321 16226 2,1993,EU,Maxi-Single,No,https://www.discogs.com/release/1054780-David-Bowie-Miracle-Goodnight, $5.22 ,1054780,,1054780
"Bowie, David",Miracle Goodnight,"12"" Vinyl",Yes,Arista / BMG,74321 16226 1,1993,Spain,Stock Copy,No,https://www.discogs.com/release/1054792-David-Bowie-Miracle-Goodnight, $13.86 ,1054792,,1054792
"Bowie, David",Miracle Goodnight,"7"" Vinyl",Yes,Arista / BMG,74321 162267,1993,UK,Silver Injection Labels,No,https://www.discogs.com/release/3608323-David-Bowie-Miracle-Goodnight, $18.98 ,3608323,,3608323
"Bowie, David",Modern Love,"7"" Vinyl",Yes,EMI America,EA 158,1983,EU,Stock Copy - push out center intact,No,https://www.discogs.com/release/766051-David-Bowie-Modern-Love, $2.53 ,766051,,766051
"Bowie, David",Modern Love,"7"" Vinyl",Yes,EMI America,EA 158,1983,EU,Solid Centre,No,https://www.discogs.com/release/4277104-David-Bowie-Modern-Love, $3.79 ,4277104,,4277104
"Bowie, David",Modern Love,"7"" Vinyl",Yes,EMI America,B-8177,1983,EU,Stock Copy,No,https://www.discogs.com/release/574679-David-Bowie-Modern-Love, $5.00 ,574679,,574679
"Bowie, David",Modern Love,"7"" Vinyl",Yes,EMI America,EYS-17403,1983,Germany,,No,https://www.discogs.com/release/2535004-David-Bowie-デビッドボウイ-Modern-Love-モダンラヴ, $8.00 ,2535004,,2535004
"Bowie, David",Modern Love,"12"" Vinyl",Yes,EMI America,7811,1983,Italy,,No,https://www.discogs.com/release/2248701-David-Bowie-Modern-Love, $10.00 ,2248701,,2248701
"Bowie, David",Modern Love,"12"" Vinyl",Yes,EMI America,12EA 158,1983,Mexico,,No,https://www.discogs.com/release/565051-David-Bowie-Modern-Love, $11.33 ,565051,,565051
"Bowie, David",Modern Love,"7"" Vinyl",N/A,EMI America,01.36.2163,1983,Spain,Writing on label,No,https://www.discogs.com/release/12485354-David-Bowie-Modern-Love, $15.00 ,12485354,,12485354
"Bowie, David",Modern Love,"7"" Vinyl",N/A,EMI America,B-8177,1983,UK,Promo,No,https://www.discogs.com/release/7942822-David-Bowie-Modern-Love, $20.56 ,7942822,,7942822
"Bowie, David",Modern Love,"7"" Vinyl",Yes,EMI America,AMIJ 526,1983,UK,,No,https://www.discogs.com/release/8953680-David-Bowie-Modern-Love, $22.16 ,8953680,,8953680
"Bowie, David",Modern Love,"7"" Vinyl",N/A,EMI,DIF 249,1984,UK,Promo,No,https://www.discogs.com/release/12878979-David-Bowie-Amor-Moderno-Modern-Love, $30.00 ,12878979,,12878979
"Bowie, David",Montreal 1983 - The Canadian Broadcast Volume One,"12"" Vinyl",Yes,Parachute Recording Company,PARA258LP,2019,UK,Unofficial Release,No,https://www.discogs.com/release/13838275-David-Bowie-Montreal-1983-The-Canadian-Broadcast-Volume-One, $30.00 ,13838275,,13838275
"Bowie, David",Montreal 1983 - The Canadian Broadcast Volume Two,"12"" Vinyl",Yes,Parachute Recording Company,PARA259LP,2019,UK,Unofficial Release,Yes,https://www.discogs.com/release/13838333-David-Bowie-Montreal-1983-The-Canadian-Broadcast-Volume-Two, $30.00 ,13838333,,13838333
"Bowie, David",Moonage Daydream,"7"" Vinyl",N/A,B & C Records,CB 149,1971,USA,Solid Centre - Arnold Corns,No,https://www.discogs.com/release/12839321-The-Arnold-Corns-Moonage-Daydream, $101.88 ,12839321,,12839321
"Bowie, David",Moonage Daydream (A Film By Brett Morgen),CD,Yes,ISO Records / Parlophone,DBMDCD 2022,2022,Netherlands,Compilation,No,https://www.discogs.com/release/25211806-David-Bowie-Moonage-Daydream-A-Film-By-Brett-Morgen, $11.33 ,25211806,,25211806
"Bowie, David",Moonage Daydream (A Film By Brett Morgen),"12"" Vinyl",Yes,Parlophone/ISO Records,DBMDLP2022,2023,UK,,No,https://www.discogs.com/release/26611334-David-Bowie-Moonage-Daydream-A-Film-By-Brett-Morgen, $31.47 ,26611334,,26611334
"Bowie, David",Moonage Daydream (A Film By Brett Morgen),"12"" Vinyl",Yes,Parlophone/ISO Records,DBMDLP2022,2023,UK,,Yes,https://www.discogs.com/release/26611334-David-Bowie-Moonage-Daydream-A-Film-By-Brett-Morgen, $31.47 ,26611334,,26611334
"Bowie, David",More Sounds + Visions,"10"" Vinyl",Yes,Coda Publishing LTD,CPLTIV002,2020,UK,Unofficial - Silver Vinyl,Yes,https://www.discogs.com/release/15626509-Bowie-More-Sounds-Visions-The-Legendary-Broadcasts, $25.00 ,15626509,,15626509
"Bowie, David",Mother / Tryin' To Get To Heaven,"7"" Vinyl",Yes,ISO Records / Parlophone,DB 80147,2021,UK,Black Vinyl 1672/8147,No,https://www.discogs.com/release/16834419-David-Bowie-Mother-Tryin-To-Get-To-Heaven, $25.28 ,16834419,,16834419
"Bowie, David",Mother / Tryin' To Get To Heaven,"7"" Vinyl",Yes,ISO Records / Parlophone,DB 80147,2021,UK,Black Vinyl 1237/8147,No,https://www.discogs.com/release/16834419-David-Bowie-Mother-Tryin-To-Get-To-Heaven, $25.28 ,16834419,,16834419
"Bowie, David",Mother / Tryin' To Get To Heaven,"7"" Vinyl",Yes,ISO Records / Parlophone,DB 80147,2021,UK,Black Vinyl 1791/8147,No,https://www.discogs.com/release/16834419-David-Bowie-Mother-Tryin-To-Get-To-Heaven, $25.28 ,16834419,,16834419
"Bowie, David",Mother / Tryin' To Get To Heaven,"7"" Vinyl",Yes,ISO Records / Parlophone,DB 80147,2021,USA,Cream Vinyl 862/8147,No,https://www.discogs.com/release/16835886-David-Bowie-Mother-Tryin-To-Get-To-Heaven, $170.89 ,16835886,,16835886
"Bowie, David",Music From The Original Soundtrack Just A Gigolo,"7"" Vinyl",Yes,Music On Vinyl,MOV7053,2019,France,"Bue Vinyl - 10,000 copies",No,https://www.discogs.com/release/13462585-David-Bowie-Marlene-Dietrich-Music-From-The-Original-Soundtrack-Just-A-Gigolo, $6.32 ,13462585,,13462585
"Bowie, David",Music From The Original Soundtrack Just A Gigolo,"7"" Vinyl",Yes,Music On Vinyl,MOV7053,2019,France,"Bue Vinyl - 10,000 copies",No,https://www.discogs.com/release/13462585-David-Bowie-Marlene-Dietrich-Music-From-The-Original-Soundtrack-Just-A-Gigolo, $6.32 ,13462585,,13462585
"Bowie, David",My Radio Sweetheart / Ziggy Stardust Live On The Airwaves: Volume 1 / Ziggy 1,"12"" Vinyl",Yes,Tune In,1,1978,USA,Unofficial Release - Black/Yellow Labels,No,https://www.discogs.com/release/8564059-David-Bowie-My-Radio-Sweetheart-Ziggy-Stardust-Live-On-The-Airwaves-Volume-1-Ziggy-1, $75.00 ,8564059,,8564059
"Bowie, David",Never Get Old,CD,Yes,ISO Records / Columbia,SAMPCS 13495 1,2003,Japan,Promo,No,https://www.discogs.com/release/1282689-David-Bowie-Never-Get-Old, $10.53 ,1282689,,1282689
"Bowie, David",Never Let Me Down,"7"" Vinyl",Yes,EMI America,B-43031,1987,EU,Stock Copy,No,https://www.discogs.com/release/4301840-David-Bowie-Never-Let-Me-Down-Single-Version, $2.88 ,4301840,,4301840
"Bowie, David",Never Let Me Down,Cassette,Yes,EMI America,4PJ-17267,1987,EU,,No,https://www.discogs.com/release/7103751-David-Bowie-Never-Let-Me-Down, $3.99 ,7103751,,7103751
"Bowie, David",Never Let Me Down,Cassette,Yes,EMI America,4PJ-17267,1987,EU,,No,https://www.discogs.com/release/7103751-David-Bowie-Never-Let-Me-Down, $3.99 ,7103751,,7103751
"Bowie, David",Never Let Me Down,Cassette,Yes,EMI America,4PJ-17267,1987,EU,,No,https://www.discogs.com/release/7103751-David-Bowie-Never-Let-Me-Down, $3.99 ,7103751,,7103751
"Bowie, David",Never Let Me Down,CD,Yes,EMI America,CDP 7 46677 2,1987,EU,,No,https://www.discogs.com/release/396416-David-Bowie-Never-Let-Me-Down, $5.00 ,396416,,396416
"Bowie, David",Never Let Me Down,"7"" Vinyl",N/A,EMI America,P-B-43031,1987,EU,Promo,No,https://www.discogs.com/release/6136846-David-Bowie-Never-Let-Me-Down, $5.16 ,6136846,,6136846
"Bowie, David",Never Let Me Down,"12"" Vinyl",Yes,EMI America,V-19255,1987,EU,Single,Yes,https://www.discogs.com/release/947280-David-Bowie-Never-Let-Me-Down-Extended-Dance-Remix, $5.38 ,947280,,947280
"Bowie, David",Never Let Me Down,CD,Yes,Virgin,7243 521894 0 3,1999,Germany,The David Bowie Series,No,https://www.discogs.com/release/2010307-David-Bowie-Never-Let-Me-Down, $8.99 ,2010307,,2010307
"Bowie, David",Never Let Me Down,CD,Yes,EMI,TOCP-70156,2007,Germany,With OBI - made in Japan,No,https://www.discogs.com/release/7045506-David-Bowie-Never-Let-Me-Down, $9.47 ,7045506,,7045506
"Bowie, David",Never Let Me Down,"12"" Vinyl",Yes,EMI America,PJ-17267,1987,Italy,Hype Sticker in shrink wrap,Yes,https://www.discogs.com/release/8777666-David-Bowie-Never-Let-Me-Down, $10.00 ,8777666,,8777666
"Bowie, David",Never Let Me Down,"12"" Vinyl",Yes,EMI America,PJ-517267,1987,Italy,BMG Edition,No,https://www.discogs.com/release/18398563-David-Bowie-Never-Let-Me-Down, $10.00 ,18398563,,18398563
"Bowie, David",Never Let Me Down,"12"" Vinyl",Yes,EMI America,9951 052,1987,Netherlands,Single,No,https://www.discogs.com/release/2749827-David-Bowie-Never-Let-Me-Down, $12.00 ,2749827,,2749827
"Bowie, David",Never Let Me Down,"12"" Vinyl",Yes,EMI America,AMLS 3117,1987,Netherlands,,No,https://www.discogs.com/release/1344600-David-Bowie-Never-Let-Me-Down, $12.03 ,1344600,,1344600
"Bowie, David",Never Let Me Down,"12"" Vinyl",Yes,EMI America,EYS-91221,1987,UK,Stock Copy - with OBI,No,https://www.discogs.com/release/2754607-David-Bowie-Never-Let-Me-Down, $19.99 ,2754607,,2754607
"Bowie, David",Never Let Me Down,CD,Yes,Virgin,7243 8 40986 2 9,1995,UK,Reissue,No,https://www.discogs.com/release/2861375-David-Bowie-Never-Let-Me-Down, $27.63 ,2861375,,2861375
"Bowie, David",Never Let Me Down,"7"" Vinyl",Yes,EMI America,SP 1330,1987,USA,Promo,No,https://www.discogs.com/release/6464450-David-Bowie-Never-Let-Me-Down, $36.84 ,6464450,,6464450
"Bowie, David",Never Let Me Down,"12"" Vinyl",Yes,EMI America,ST 240746,1987,USA,Blue Vinyl,No,https://www.discogs.com/release/1015345-David-Bowie-Never-Let-Me-Down, $51.74 ,1015345,,1015345
"Bowie, David",Never Let Me Down (Extended Dance Mix),"12"" Vinyl",Yes,EMI America,V-19255,1987,EU,Stock Copy,No,https://www.discogs.com/release/947280-David-Bowie-Never-Let-Me-Down-Extended-Dance-Remix, $5.38 ,947280,,947280
"Bowie, David",Never Let Me Down (Extended Dance Mix),"12"" Vinyl",Yes,EMI America,V-19255,1987,EU,Stock Copy,No,https://www.discogs.com/release/947280-David-Bowie-Never-Let-Me-Down-Extended-Dance-Remix, $5.38 ,947280,,947280
"Bowie, David",New Killer Star,DVD,Yes,ISO Records / Columbia,674275,2003,France,PAL,No,https://www.discogs.com/release/1066795-David-Bowie-New-Killer-Star, $6.14 ,1066795,,1066795
"Bowie, David",New Killer Star,CD,Yes,Columbia / ISO Records,38K 3445,2003,Sweden,Single,No,https://www.discogs.com/release/1066763-David-Bowie-New-Killer-Star, $15.00 ,1066763,,1066763
"Bowie, David",No Plan EP,"12"" Vinyl",Yes,Columbia / ISO Records,88985419621,2017,Netherlands,Record Store Day - Blue Vinyl - #1179,No,https://www.discogs.com/release/10158541-David-Bowie-No-Plan-EP, $11.69 ,10158541,,10158541
"Bowie, David",No Plan EP,"12"" Vinyl",Yes,Columbia / ISO Records,88985419651,2017,Netherlands,Black Vinyl Edition,Yes,https://www.discogs.com/release/10167978-David-Bowie-No-Plan-EP, $11.69 ,10167978,,10167978
"Bowie, David",No Plan EP,"12"" Vinyl",Yes,Columbia / ISO Records,88985419651,2017,Netherlands,Black Vinyl Edition,Yes,https://www.discogs.com/release/10167978-David-Bowie-No-Plan-EP, $11.69 ,10167978,,10167978
"Bowie, David",No Plan EP,"12"" Vinyl",Yes,Columbia / ISO Records,88985419621,2017,UK,Record Store Day - Blue Vinyl - #3674,Yes,https://www.discogs.com/release/10158541-David-Bowie-No-Plan-EP, $17.68 ,10158541,,10158541
"Bowie, David",No Plan EP,"12"" Vinyl",Yes,Columbia / ISO Records,88985419621,2017,UK,Record Store Day - Blue Vinyl - #3146,Yes,https://www.discogs.com/release/10158541-David-Bowie-No-Plan-EP, $17.68 ,10158541,,10158541
"Bowie, David",No Plan EP,"12"" Vinyl",Yes,Columbia / ISO Records,88985421071,2017,UK,White Vinyl Edition - # 5708,Yes,https://www.discogs.com/release/10340979-David-Bowie-No-Plan-EP, $28.16 ,10340979,,10340979
"Bowie, David",No Plan EP,"12"" Vinyl",Yes,Columbia / ISO Records,88985421071,2017,UK,White Vinyl Edition - # 5763,Yes,https://www.discogs.com/release/10340979-David-Bowie-No-Plan-EP, $28.16 ,10340979,,10340979
"Bowie, David",Nothing Has Changed,CD,Yes,Parlophone,DB64142,2014,EU,Compilation,No,https://www.discogs.com/release/6316516-David-Bowie-Nothing-Has-Changed, $5.05 ,6316516,,6316516
"Bowie, David",Nothing Has Changed,CD,Yes,Legacy / Columbia,88875030972,2014,France,Compilation,No,https://www.discogs.com/release/6316570-David-Bowie-Nothing-Has-Changed, $7.00 ,6316570,,6316570
"Bowie, David",Nothing Has Changed,CD,Yes,Columbia / Legacy,88875030982SC1,2014,Spain,Compilation,No,https://www.discogs.com/release/6318746-David-Bowie-Nothing-Has-Changed, $14.95 ,6318746,,6318746
"Bowie, David",Nothing Has Changed,CD,Yes,Columbia / Legacy,88875030982SC1,2014,Spain,Compilation,Yes,https://www.discogs.com/release/6318746-David-Bowie-Nothing-Has-Changed, $14.95 ,6318746,,6318746
"Bowie, David",Nothing Has Changed,"12"" Vinyl",Yes,Columbia / Legacy,88875030991,2014,USA,,Yes,https://www.discogs.com/release/6323175-David-Bowie-Nothing-Has-Changed, $35.00 ,6323175,,6323175
"Bowie, David",Nothing Has Changed,"12"" Vinyl",Yes,Columbia / Legacy,88875030991,2014,USA,,Yes,https://www.discogs.com/release/6323175-David-Bowie-Nothing-Has-Changed, $35.00 ,6323175,,6323175
"Bowie, David","October 20, 1972 - Live In Concert!","12"" Vinyl",Yes,Moon Child Records,JY-0050,1980,USA,Unofficial Release,No,https://www.discogs.com/release/7452363-David-Bowie-October-20-1972-Live-In-Concert, $100.00 ,7452363,,7452363
"Bowie, David",Operation Moonbeam - Who Dialed The Wizard?,"12"" Vinyl",Yes,Hallowien Jack Records,None,2018,USA,Unofficial Release - black vinyl limited to 150 copies,No,https://www.discogs.com/release/13938583-David-Bowie-Operation-Moonbeam-Who-Dialed-The-Wizard, $50.00 ,13938583,,13938583
"Bowie, David",Original Soundtrack Christiane F. Wir Kinder Vom Bahnhof Zoo,"12"" Vinyl",Yes,RCA Victor,BL 43606,1981,Spain,,No,https://www.discogs.com/release/303280-David-Bowie-Christiane-F-Wir-Kinder-Vom-Bahnhof-Zoo-Original-Soundtrack, $13.80 ,303280,,303280
"Bowie, David",Original Soundtrack From The Film Christiane F.,"12"" Vinyl",Yes,RCA Victor,ABL1-4239,1982,New Zealand,,No,https://www.discogs.com/release/918780-David-Bowie-Original-Soundtrack-From-The-Film-Christiane-F, $12.33 ,918780,,918780
"Bowie, David",Original Soundtrack From The Film Christiane F.,"12"" Vinyl",Yes,RCA Victor,ABL1-4239,1982,New Zealand,Stock Copy,No,https://www.discogs.com/release/918780-David-Bowie-Original-Soundtrack-From-The-Film-Christiane-F, $12.33 ,918780,,918780
"Bowie, David",Outside In Budapest,"12"" Vinyl",Yes,Parachute Recording Company,PARA392LP,2020,UK,Unofficial Release,No,https://www.discogs.com/release/16244684-David-Bowie-Outside-In-Budapest-Hungary-Broadcast-1997, $30.00 ,16244684,,16244684
"Bowie, David",Pallas Athena,"12"" Vinyl",N/A,Arista,MEAT 1,1993,Thailand,,No,https://www.discogs.com/release/558055-David-Bowie-Pallas-Athena, $15.00 ,558055,,558055
"Bowie, David","Pandora's Box, Moonlighting, Fame, Move It","7"" Vinyl",Yes,4 Track Stereo Records,FT.263,1975,USA,Unofficial Release,No,https://www.discogs.com/release/8975306-Procol-Harum-Leo-Sayer-Alvin-Stardust-David-Bowie-Pandoras-Box-Moonlighting-Fame-Move-It, $75.00 ,8975306,,8975306
"Bowie, David","Papa, when Will I See You Again, Knock On Wood, Watch Out For Lucy","7"" Vinyl",Yes,Express Songs,EXP.011,1974,USA,Unofficial Release,No,https://www.discogs.com/release/8596221-Various-Knock-On-Wood, $75.00 ,8596221,,8596221
"Bowie, David",Peace On Earth / Little Drummer Boy,"7"" Vinyl",N/A,RCA,PH-13400,1982,EU,Stock Copy,No,https://www.discogs.com/release/21580972-David-Bowie-Bing-Crosby-Peace-On-Earth-Little-Drummer-Boy, $5.00 ,21580972,,21580972
"Bowie, David",Peace On Earth / Little Drummer Boy,"7"" Vinyl",Yes,RCA,PH-13400,1982,France,Stock Copy,No,https://www.discogs.com/release/1852092-David-Bowie-Bing-Crosby-Peace-On-Earth-Little-Drummer-Boy, $6.35 ,1852092,,1852092
"Bowie, David",Pin Ups,8-Track Cartridge,N/A,RCA Victor,APS1-0291,1973,Ireland,,No,https://www.discogs.com/release/3254756-Bowie-Pin-Ups, $9.95 ,3254756,,3254756
"Bowie, David",Pin Ups,8-Track Cartridge,N/A,RCA Victor,APS1-0291,1973,Ireland,,No,https://www.discogs.com/release/3254756-Bowie-Pin-Ups, $9.95 ,3254756,,3254756
"Bowie, David",Pin Ups,8-Track Cartridge,N/A,RCA Victor,APS1-0291,1973,Ireland,,No,https://www.discogs.com/release/3254756-Bowie-Pin-Ups, $9.95 ,3254756,,3254756
"Bowie, David",Pinups,CD,Yes,Virgin,7243 521903 0 0,1999,France,The David Bowie Series,No,https://www.discogs.com/release/4702944-Bowie-Pinups, $6.25 ,4702944,,4702944
"Bowie, David",Pinups,CD,Yes,Rykodisc,RCD 10136,1990,Germany,,No,https://www.discogs.com/release/11229076-Bowie-Pin-Ups, $8.98 ,11229076,,11229076
"Bowie, David",Pinups,CD,Yes,Rykodisc,RCD 10136,1990,Germany,,No,https://www.discogs.com/release/11229076-Bowie-Pin-Ups, $8.98 ,11229076,,11229076
"Bowie, David",Pinups,CD,Yes,Rykodisc,RCD 10136,1990,Germany,,No,https://www.discogs.com/release/11229076-Bowie-Pin-Ups, $8.98 ,11229076,,11229076
"Bowie, David",Pinups,CD,Yes,EMI,TOCP-70146,2007,Italy,With OBI - made in Japan,No,https://www.discogs.com/release/7045255-David-Bowie-Pinups, $9.97 ,7045255,,7045255
"Bowie, David",Pinups,"12"" Vinyl",Yes,RCA Victor,APL1-0291,1974,Portugal,Stock Copy,No,https://www.discogs.com/release/11369954-Bowie-Pinups, $12.87 ,11369954,,11369954
"Bowie, David",Pinups,"12"" Vinyl",Yes,RCA Victor,APL1-0291,1974,Portugal,Stock Copy,No,https://www.discogs.com/release/11369954-Bowie-Pinups, $12.87 ,11369954,,11369954
"Bowie, David",Pinups,"12"" Vinyl",Yes,RCA Victor,APL1-0291,1974,Portugal,Stock Copy,No,https://www.discogs.com/release/11369954-Bowie-Pinups, $12.87 ,11369954,,11369954
"Bowie, David",Pinups,"12"" Vinyl",Yes,RCA Victor,APL1-0291,1974,Portugal,Stock Copy,No,https://www.discogs.com/release/11369954-Bowie-Pinups, $12.87 ,11369954,,11369954
"Bowie, David",Pinups,"12"" Vinyl",Yes,RCA Victor,APL1-0291,1974,Portugal,Stock Copy,No,https://www.discogs.com/release/11369954-Bowie-Pinups, $12.87 ,11369954,,11369954
"Bowie, David",Pinups,"12"" Vinyl",Yes,RCA International,NL 84653,1983,South Africa,Reissue,No,https://www.discogs.com/release/1060746-Bowie-Pinups, $13.64 ,1060746,,1060746
"Bowie, David",Pinups,CD,Yes,Parlophone,WPCR-80090,2014,Thailand,Forever Young Series,Yes,https://www.discogs.com/release/7743481-Bowie-Pinups, $15.00 ,7743481,,7743481
"Bowie, David",Pinups,CD,Yes,RCA Victor,PCD1-0291,1984,UK,Red Spine,No,https://www.discogs.com/release/1557144-Bowie-Pinups, $27.50 ,1557144,,1557144
"Bowie, David",Pinups,"12"" Vinyl",Yes,Simply Vinyl,SVLP 277,1999,UK,Simply Vinyl Issue - black labels,No,https://www.discogs.com/release/15526270-Bowie-Pinups, $30.00 ,15526270,,15526270
"Bowie, David",Pinups,"12"" Vinyl",Yes,Simply Vinyl,SVLP 277,2001,UK,Simply Vinyl Issue,No,https://www.discogs.com/release/2449209-Bowie-Pinups, $31.47 ,2449209,,2449209
"Bowie, David",Pinups,"12"" Vinyl",Yes,Parlophone,DB69736P,2019,UK,"Picture Disc - Record Store Day Limited Edition 20,000 Copies",Yes,https://www.discogs.com/release/13458787-Bowie-Pinups, $22.93 ,13458787,,13458787
"Bowie, David",Pinups,"12"" Vinyl",Yes,Parlophone,DB69736P,2019,UK,"Picture Disc - Record Store Day Limited Edition 20,000 Copies",Yes,https://www.discogs.com/release/13458787-Bowie-Pinups, $22.93 ,13458787,,13458787
"Bowie, David",Pinups,"12"" Vinyl",Yes,Parlophone,DBPU 50,2023,UK,50th Anniversary Half-Speed Master,Yes,https://www.discogs.com/release/28659493-Bowie-Pinups, $26.18 ,28659493,,28659493
"Bowie, David",Pinups,"12"" Vinyl",Yes,Parlophone,DBPU 50,2023,UK,50th Anniversary Half-Speed Master,Yes,https://www.discogs.com/release/28659493-Bowie-Pinups, $26.18 ,28659493,,28659493
"Bowie, David",Pinups,"12"" Vinyl",Yes,RCA,RCA-6174,1974,USA,Stock Copy - no OBI,No,https://www.discogs.com/release/4459577-Bowie-Pinups-ピンナップス, $50.62 ,4459577,,4459577
"Bowie, David",Pinups,"12"" Vinyl",Yes,RCA,BOPIC 4,1984,USA,Picture Disc,Yes,https://www.discogs.com/release/1107851-David-Bowie-Pinups, $36.48 ,1107851,,1107851
"Bowie, David",Pinups,"12"" Vinyl",No,RCA,BOPIC 4,1984,USA,Picture Disc,No,https://www.discogs.com/release/1107851-David-Bowie-Pinups, $36.48 ,1107851,,1107851
"Bowie, David",Pinups,"12"" Vinyl",Yes,Ryko Analogue,RALP 0136-2,1990,USA,Clear Vinyl,Yes,https://www.discogs.com/release/2101872-David-Bowie-Pinups, $70.00 ,2101872,,2101872
"Bowie, David",Pinups,"12"" Vinyl",Yes,Ryko Analogue,RALP 0136-2,1990,USA,Clear Vinyl - Promo Stamp on Cover,No,https://www.discogs.com/release/2101872-David-Bowie-Pinups, $70.00 ,2101872,,2101872
"Bowie, David",Pinups Radio Show,CD,Yes,Parlophone,CDPURS1,2015,USA,Promo,No,https://www.discogs.com/release/7857648-Bowie-Pinups-Radio-Show, $189.90 ,7857648,,7857648
"Bowie, David",Pinups Radio Show,"10"" Vinyl",Yes,Parlophone,PURS 1,2015,USA,Promo,Yes,https://www.discogs.com/release/9424599-Bowie-Pinups-Radio-Show, $500.00 ,9424599,,9424599
"Bowie, David",Planet Earth Is Blue (The Broadcast Anthology),"12"" Vinyl",Yes,Coda Publishing LTD,CPLPD281,2021,UK,Unofficial Release - Picture Disc 2nd Edition 415/500,Yes,https://www.discogs.com/release/17825221-Bowie-Planet-Earth-Is-Blue-The-Broadcast-Anthology, $25.00 ,17825221,,17825221
"Bowie, David",Portrait Of A Star,"12"" Vinyl",Yes,RCA Victor,PL 37700,1982,USA,Box Set,No,https://www.discogs.com/release/512007-David-Bowie-Portrait-Of-A-Star, $52.48 ,512007,,512007
"Bowie, David","Press Conference, Tivoli Club, Sydney, Australia 27.10.1987","7"" Vinyl",N/A,None,SPIDER 3S,1987,Thailand,Unofficial Release - Shaped Disc,No,https://www.discogs.com/release/5490667-David-Bowie-Press-Conference-Tivoli-Club-Sydney-Australia-27101987, $15.00 ,5490667,,5490667
"Bowie, David","Press Conference, Tivoli Club, Sydney, Australia 27.10.1987","7"" Vinyl",N/A,None,SPIDER 3S,1987,Thailand,Unofficial Release - Shaped Disc,No,https://www.discogs.com/release/5490667-David-Bowie-Press-Conference-Tivoli-Club-Sydney-Australia-27101987, $15.00 ,5490667,,5490667
"Bowie, David","Ragazzo Solo, Ragazza Sola","7"" Vinyl",N/A,Philips,704 208 BW,1970,Turkey,Unofficial Release,No,https://www.discogs.com/release/16190359-David-Bowie-Ragazzo-Solo-Ragazza-Sola, $15.00 ,16190359,,16190359
"Bowie, David","Ragazzo Solo, Ragazza Sola","7"" Vinyl",Yes,Philips,704 208 BW,1970,USA,,No,https://www.discogs.com/release/3773652-David-Bowie-Ragazzo-Solo-Ragazza-Sola-Versione-Italiana-Di-Space-Oddity, $300.00 ,3773652,,3773652
"Bowie, David","Ragazzo Solo, Ragazza Sola","7"" Vinyl",Yes,Parlophone,DBISIT 2016,2016,USA,"Limited edition of 3,000 copies - Blue Vinyl",Yes,https://www.discogs.com/release/8774472-David-Bowie-Ragazzo-SoloRagazza-Sola-Versione-Italiana-Di-Space-Oddity, $34.99 ,8774472,,8774472
"Bowie, David",Rare,"12"" Vinyl",Yes,RCA,PL 89001,1983,New Zealand,European edition,No,https://www.discogs.com/release/9094981-Bowie-Rare, $12.58 ,9094981,,9094981
"Bowie, David",Rare,"12"" Vinyl",Yes,RCA,PL 45406,1982,South Africa,,No,https://www.discogs.com/release/1496372-Bowie-Rare, $13.67 ,1496372,,1496372
"Bowie, David",Rare,"12"" Vinyl",Yes,RCA,PL 45406,1982,South Africa,,No,https://www.discogs.com/release/1496372-Bowie-Rare, $13.67 ,1496372,,1496372
"Bowie, David",Rare Interview / Let's Talk,"12"" Vinyl",N/A,All Round Trading,AR 30010,1983,UK,Unofficial Release - picture disc - interview disc,No,https://www.discogs.com/release/935528-David-Bowie-Rare-Interview-Lets-Talk, $20.00 ,935528,,935528
"Bowie, David",RARESTONEBOWIE,CD,Yes,Golden Years,GY 014,1995,Japan,Compilation,No,https://www.discogs.com/release/437854-David-Bowie-RarestOneBowie, $10.51 ,437854,,437854
"Bowie, David",RARESTONEBOWIE,CD,Yes,Golden Years,GY 014,1995,Japan,Compilation,No,https://www.discogs.com/release/437854-David-Bowie-RarestOneBowie, $10.51 ,437854,,437854
"Bowie, David",RARESTONEBOWIE,"10"" Vinyl",Yes,Golden Years / Trident Music International,GYLP 014,1995,USA,Clear Vinyl Edition,No,https://www.discogs.com/release/600443-David-Bowie-RarestOneBowie, $52.62 ,600443,,600443
"Bowie, David",RCA Special Radio Series Vol. 1,"12"" Vinyl",Yes,RCA,DJL1-3829,1980,USA,RCA Special Radio Series,No,https://www.discogs.com/release/9099836-David-Bowie-RCA-Special-Radio-Series-Vol-I, $40.00 ,9099836,,9099836
"Bowie, David","Ready, Set, Go! (Live, Riverside Studios '03)",CD,Yes,Parlophone / ISO Records,DBRSDCD2003,2025,USA,"Record Store Day - 3,000 Copies Pressed",Yes,https://www.discogs.com/release/33666687-David-Bowie-Ready-Set-Go-Live-Riverside-Studios-03, $19.99 ,33666687,,33666687
"Bowie, David","Ready, Set, Go! (Live, Riverside Studios '03)",CD,Yes,Parlophone / ISO Records,DBRSDCD2003,2025,USA,"Record Store Day - 3,000 Copies Pressed",Yes,https://www.discogs.com/release/33666687-David-Bowie-Ready-Set-Go-Live-Riverside-Studios-03, $19.99 ,33666687,,33666687
"Bowie, David","Ready, Set, Go! (Live, Riverside Studios '03)","12"" Vinyl",Yes,Parlophone / ISO Records,DBRSD2003,2025,USA,"Record Store Day - 6,400 Copies Pressed",Yes,https://www.discogs.com/release/33672411-David-Bowie-Ready-Set-Go-Live-Riverside-Studios-03, $52.00 ,33672411,,33672411
"Bowie, David","Ready, Set, Go! (Live, Riverside Studios '03)","12"" Vinyl",Yes,Parlophone / ISO Records,DBRSD2003,2025,USA,"Record Store Day - 6,400 Copies Pressed",Yes,https://www.discogs.com/release/33672411-David-Bowie-Ready-Set-Go-Live-Riverside-Studios-03, $52.00 ,33672411,,33672411
"Bowie, David",Real Cool World,"7"" Vinyl",Yes,Warner Bros. Records,5439-18808-7,1992,France,Solid Centre,No,https://www.discogs.com/release/1029800-David-Bowie-Real-Cool-World, $6.58 ,1029800,,1029800
"Bowie, David",Real Cool World,CD,Yes,Warner Bros. Records,40575-2,1992,France,Maxi-Single,Yes,https://www.discogs.com/release/1012924-David-Bowie-Real-Cool-World, $7.00 ,1012924,,1012924
"Bowie, David",Real Cool World,"12"" Vinyl",No,Warner Bros. Records,9 40575-0,1992,France,Stock Copy,No,https://www.discogs.com/release/591541-David-Bowie-Real-Cool-World, $7.17 ,591541,,591541
"Bowie, David",Real Cool World,"12"" Vinyl",Yes,Warner Bros. Records,9 40575-0,1992,France,Stock Copy,No,https://www.discogs.com/release/591541-David-Bowie-Real-Cool-World, $7.17 ,591541,,591541
"Bowie, David",Real Cool World,Cassette,Yes,Warner Bros. Records,4-18808,1992,Germany,Cassette Single,Yes,https://www.discogs.com/release/3690386-David-Bowie-Real-Cool-World, $7.99 ,3690386,,3690386
"Bowie, David",Real Cool World,"12"" Vinyl",N/A,Warner Bros. Records,0-40575,1992,Germany,Test Pressing,No,https://www.discogs.com/release/3042082-David-Bowie-Real-Cool-World, $9.25 ,3042082,,3042082
"Bowie, David",Real Cool World,"12"" Vinyl",Yes,Warner Bros. Records,9362-40575-0,1992,Japan,Stock Copy,No,https://www.discogs.com/release/86717-David-Bowie-Real-Cool-World, $10.45 ,86717,,86717
"Bowie, David",Reality,CD,Yes,ISO Records / Columbia,CK 90576,2003,EU,,No,https://www.discogs.com/release/1175665-David-Bowie-Reality, $3.00 ,1175665,,1175665
"Bowie, David",Reality,CD,Yes,ISO Records / Columbia,CK 90576,2003,EU,,No,https://www.discogs.com/release/1175665-David-Bowie-Reality, $3.00 ,1175665,,1175665
"Bowie, David",Reality,CD,Yes,ISO Records / Columbia,CK 90660,2003,France,Digipak,No,https://www.discogs.com/release/789363-David-Bowie-Reality, $6.00 ,789363,,789363
"Bowie, David",Reality,CD,Yes,ISO Records / Columbia,CK 90660,2003,France,Digipak,No,https://www.discogs.com/release/789363-David-Bowie-Reality, $6.00 ,789363,,789363
"Bowie, David",Reality,CD / DVD,Yes,ISO Records / Columbia,COL 512555,2003,Portugal,Tour Edition - PAL,No,https://www.discogs.com/release/1067499-David-Bowie-Reality, $12.93 ,1067499,,1067499
"Bowie, David",Reality,Dual Disc,Yes,Columbia,CN 90743,2004,UK,CD on one side DVD Audio on the other side,No,https://www.discogs.com/release/3696590-David-Bowie-Reality, $24.65 ,3696590,,3696590
"Bowie, David",Reality,"12"" Vinyl",N/A,None,None,2007,UK,Unofficial Release - White Vinyl limited edition of 250 Copies,No,https://www.discogs.com/release/4175424-David-Bowie-Reality, $20.00 ,4175424,,4175424
"Bowie, David",Reality,"12"" Vinyl",N/A,None,None,2007,UK,Unofficial Release - White Vinyl limited edition of 250 Copies,No,https://www.discogs.com/release/4175424-David-Bowie-Reality, $20.00 ,4175424,,4175424
"Bowie, David",Reality,"12"" Vinyl",Yes,Columbia / ISO Records / Sony Music,88985434491,2017,UK,Black Vinyl Edition,Yes,https://www.discogs.com/release/10948423-David-Bowie-Reality, $29.24 ,10948423,,10948423
"Bowie, David",Reality,SACD,Yes,ISO Records / Columbia,CH 90752,2003,USA,Multichannel,No,https://www.discogs.com/release/1970253-David-Bowie-Reality, $52.31 ,1970253,,1970253
"Bowie, David",Reality,"12"" Vinyl",Yes,Music On Vinyl / Columbia / ISO Records,MOVLP875,2014,USA,Black Vinyl Edition,Yes,https://www.discogs.com/release/5509641-David-Bowie-Reality, $39.11 ,5509641,,5509641
"Bowie, David",Reality,"12"" Vinyl",Yes,Music On Vinyl / Columbia / ISO Records,MOVLP875,2014,USA,"Limited Edition of 2,500 Copies - 1934/2500 Copies - Orange Vinyl",No,https://www.discogs.com/release/4953752-David-Bowie-Reality, $57.63 ,4953752,,4953752
"Bowie, David",Reality,"12"" Vinyl",Yes,Music On Vinyl / Columbia / ISO Records,MOVLP875,2014,USA,"Limited Edition of 2,500 Copies - 1434/2500 Copies - Green Vinyl",Yes,https://www.discogs.com/release/5481224-David-Bowie-Reality, $57.89 ,5481224,,5481224
"Bowie, David",Reality,"12"" Vinyl",Yes,Friday Music / ISO Records / Columbia,FRM-90576,2015,USA,Clear Vinyl Edition,No,https://www.discogs.com/release/7527119-David-Bowie-Reality, $39.73 ,7527119,,7527119
"Bowie, David",Reality,"12"" Vinyl",Yes,Friday Music / ISO Records / Columbia,FRM-90576,2015,USA,Clear Vinyl Edition,Yes,https://www.discogs.com/release/7527119-David-Bowie-Reality, $39.73 ,7527119,,7527119
"Bowie, David",Reality,"12"" Vinyl",Yes,Friday Music / ISO Records / Columbia,FRM-90576,2018,USA,Orange & White Swirl Edition,No,https://www.discogs.com/release/12271580-David-Bowie-Reality, $41.00 ,12271580,,12271580
"Bowie, David",Reality,"12"" Vinyl",Yes,Friday Music / ISO Records / Columbia,FRM-90576,2020,USA,Yellow Vinyl Version,No,https://www.discogs.com/release/15136665-David-Bowie-Reality, $50.00 ,15136665,,15136665
"Bowie, David",Rebel Never Gets Old,"12"" Vinyl",N/A,Columbia / ISO Records,675040 6,2004,USA,Picture Disc,No,https://www.discogs.com/release/1068671-David-Bowie-Rebel-Never-Gets-Old, $41.91 ,1068671,,1068671
"Bowie, David",Rebel Never Gets Old,"12"" Vinyl",N/A,Columbia / ISO Records,675040 6,2004,USA,Picture Disc,No,https://www.discogs.com/release/1068671-David-Bowie-Rebel-Never-Gets-Old, $41.91 ,1068671,,1068671
"Bowie, David",Rebel Never Gets Old,"12"" Vinyl",N/A,Columbia / ISO Records,675040 6,2004,USA,Picture Disc,No,https://www.discogs.com/release/1068671-David-Bowie-Rebel-Never-Gets-Old, $41.91 ,1068671,,1068671
"Bowie, David",Rebel Never Gets Old,"12"" Vinyl",N/A,Columbia / ISO Records,675040 6,2004,USA,Picture Disc,No,https://www.discogs.com/release/1068671-David-Bowie-Rebel-Never-Gets-Old, $41.91 ,1068671,,1068671
"Bowie, David",Rebel Rebel,"7"" Vinyl",N/A,RCA Victor,LPB05009,1974,EU,Made in the USA but for UK distribution,No,https://www.discogs.com/release/843626-David-Bowie-Rebel-Rebel, $4.43 ,843626,,843626
"Bowie, David",Rebel Rebel,"7"" Vinyl",N/A,RCA Victor,LPB05009,1974,EU,Made in the USA but for UK distribution,No,https://www.discogs.com/release/843626-David-Bowie-Rebel-Rebel, $4.43 ,843626,,843626
"Bowie, David",Rebel Rebel,"7"" Vinyl",N/A,RCA Victor,APB0-0287,1974,France,Stock Copy,No,https://www.discogs.com/release/8409617-Bowie-Rebel-Rebel, $7.04 ,8409617,,8409617
"Bowie, David",Rebel Rebel,"7"" Vinyl",Yes,RCA Victor,LPBO 5009,1974,Germany,Stock Copy,No,https://www.discogs.com/release/8357395-David-Bowie-Rebel-Rebel, $9.47 ,8357395,,8357395
"Bowie, David",Rebel Rebel,"7"" Vinyl",Yes,RCA Victor,74-16 398,1974,Japan,,No,https://www.discogs.com/release/482288-Bowie-Rebel-Rebel, $11.00 ,482288,,482288
"Bowie, David",Rebel Rebel,"7"" Vinyl",Yes,RCA Victor,SPBO-9128,1974,Netherlands,Stock Copy,No,https://www.discogs.com/release/4857590-Bowie-Rebel-Rebel-Rebelde-Rebelde, $11.55 ,4857590,,4857590
"Bowie, David",Rebel Rebel,"7"" Vinyl",Yes,RCA Victor,LPBO-5009,1974,Netherlands,,No,https://www.discogs.com/release/1834006-Bowie-Rebel-Rebel, $11.76 ,1834006,,1834006
"Bowie, David",Rebel Rebel,"7"" Vinyl",N/A,RCA Victor,APBO-0287,1974,New Zealand,Stock Copy,No,https://www.discogs.com/release/2890016-Bowie-Rebel-Rebel, $12.43 ,2890016,,2890016
"Bowie, David",Rebel Rebel,"7"" Vinyl",N/A,RCA Victor,APBO-0287,1974,New Zealand,Indianapolis Pressing,No,https://www.discogs.com/release/2890016-Bowie-Rebel-Rebel, $12.43 ,2890016,,2890016
"Bowie, David",Rebel Rebel,"7"" Vinyl",Yes,RCA,BOW 514,1983,Peru,Lifetimes The Singles: Push Out Center Intact,No,https://www.discogs.com/release/4911459-David-Bowie-Rebel-Rebel, $12.65 ,4911459,,4911459
"Bowie, David",Rebel Rebel,"7"" Vinyl",N/A,RCA Victor,102417,1974,Philippines,Stock Copy,No,https://www.discogs.com/release/2219233-Bowie-Rebel-Rebel, $12.71 ,2219233,,2219233
"Bowie, David",Rebel Rebel,"7"" Vinyl",N/A,RCA Victor,LPBO 5009,1974,UK,Solid Centre,No,https://www.discogs.com/release/28417504-Bowie-Rebel-Rebel, $20.00 ,28417504,,28417504
"Bowie, David",Rebel Rebel,"7"" Vinyl",N/A,RCA Victor,LPBO-5009,1974,UK,,No,https://www.discogs.com/release/3589042-David-Bowie-Rebel-Rebel, $20.00 ,3589042,,3589042
"Bowie, David",Rebel Rebel,"7"" Vinyl",Yes,RCA Victor,SRCA-88731,1974,UK,Stock Copy,No,https://www.discogs.com/release/4079184-David-Bowie-Rebel-Rebel, $20.95 ,4079184,,4079184
"Bowie, David",Rebel Rebel,"7"" Vinyl",N/A,RCA Victor,YEPBO 204,1974,UK,Push-out center intact,No,https://www.discogs.com/release/5294567-Bowie-Rebel-Rebel, $21.05 ,5294567,,5294567
"Bowie, David",Rebel Rebel,"7"" Vinyl",Yes,RCA Victor,LPBO 5009,1974,UK,Stock Copy,No,https://www.discogs.com/release/2975581-David-Bowie-Rebel-Rebel-Queen-Bitch, $23.68 ,2975581,,2975581
"Bowie, David",Rebel Rebel,"7"" Vinyl",N/A,Parlophone,DBREBEL 40,2014,UK,"Picture Disc - Limited Edition of 2,000 copies",Yes,https://www.discogs.com/release/5450123-David-Bowie-Rebel-Rebel, $22.77 ,5450123,,5450123
"Bowie, David",Rebel Rebel,"7"" Vinyl",N/A,Parlophone,DBREBEL 40,2014,UK,"Picture Disc - Limited Edition of 2,000 copies",Yes,https://www.discogs.com/release/5450123-David-Bowie-Rebel-Rebel, $22.77 ,5450123,,5450123
"Bowie, David",Rebel Rebel,"7"" Vinyl",N/A,RCA Victor,42-508,1974,USA,Torn label on Side A,No,https://www.discogs.com/release/8171026-David-Bowie-Rebel-Rebel, $35.92 ,8171026,,8171026
"Bowie, David",Rebel Rebel,"7"" Vinyl",Yes,RCA,SS-2355,1974,USA,Stock Copy,No,https://www.discogs.com/release/6062183-デビッドボウイー-愛しき反抗-Rebel-Rebel-Queen-Bitch-クイーンビッチ, $263.16 ,6062183,,6062183
"Bowie, David",Rebel Rebel / Young Americans / 1984 / Footstompin',"7"" Vinyl",Yes,Wildcat Record Company,BOW2,1987,UK,Unofficial Release - Blue Vinyl,No,https://www.discogs.com/release/3247503-David-Bowie-Rebel-Rebel-Young-Americans-1984-Footstompin, $25.00 ,3247503,,3247503
"Bowie, David",Resurrection On 84th Street,"12"" Vinyl",Yes,The Amazing Kornyfone Record Label,TAKRL 2995,1977,USA,Unofficial Release - Red-on-yellow insert,No,https://www.discogs.com/release/15737963-David-Bowie-Resurrection-On-84th-Street, $75.00 ,15737963,,15737963
"Bowie, David",Revolutionary Song,"7"" Vinyl",Yes,Overseas Records,MA-185-V,1979,UK,Red Label - Second Issue,No,https://www.discogs.com/release/3416563-The-Rebels-デビッドボウイーの革命の歌-David-Bowies-Revolutionary-Song, $21.92 ,3416563,,3416563
"Bowie, David",Rock 'N' Roll Star!,"12"" Vinyl",Yes,Parlophone,DBRNRSLP 721,2024,UK,,Yes,https://www.discogs.com/release/30945982-David-Bowie-Rock-N-Roll-Star, $20.07 ,30945982,,30945982
"Bowie, David",Rock 'N' Roll Star!,"12"" Vinyl",Yes,Parlophone,DBRNRSLP 721,2024,UK,,Yes,https://www.discogs.com/release/30945982-David-Bowie-Rock-N-Roll-Star, $20.07 ,30945982,,30945982
"Bowie, David",Rock 'N' Roll Star!,CD,Yes,Parlophone,DBRNRS 72,2024,USA,Box Set: 5 CD,Yes,https://www.discogs.com/release/30223415-David-Bowie-Rock-N-Roll-Star, $100.00 ,30223415,,30223415
"Bowie, David",Rock 'n' Roll Suicide,"7"" Vinyl",N/A,RCA Victor,LPBO 5021,1974,EU,Push-out center intact,No,https://www.discogs.com/release/2413867-Bowie-Rock-N-Roll-Suicide, $4.75 ,2413867,,2413867
"Bowie, David",Rock 'n' Roll Suicide,"7"" Vinyl",Yes,RCA Victor,LPBO 5021,1974,Germany,Stock Copy,No,https://www.discogs.com/release/2097048-David-Bowie-RockNRoll-Suicide, $8.42 ,2097048,,2097048
"Bowie, David",Rock 'n' Roll Suicide,"7"" Vinyl",Yes,RCA,BOW 503,1983,New Zealand,Lifetimes The Singles: Push Out Center Intact,No,https://www.discogs.com/release/4802103-David-Bowie-Rock-N-Roll-Suicide, $12.21 ,4802103,,4802103
"Bowie, David",Rock 'n' Roll Suicide,"7"" Vinyl",N/A,RCA Victor,LPBO 5021,1974,Philippines,Solid Centere,No,https://www.discogs.com/release/12530525-Bowie-Rock-N-Roll-Suicide, $12.66 ,12530525,,12530525
"Bowie, David",Rock 'n' Roll Suicide,"7"" Vinyl",Yes,RCA Victor,LPBO-5O21,1974,South Africa,,No,https://www.discogs.com/release/966945-Bowie-Rockn-Roll-Suicide, $13.68 ,966945,,966945
"Bowie, David",Rock 'n' Roll Suicide,"7"" Vinyl",N/A,Parlophone,DBROCK 40,2014,UK,"Picture Disc - Limited Edition of 2,500 copies",Yes,https://www.discogs.com/release/5604099-David-Bowie-Rock-n-Roll-Suicide, $25.32 ,5604099,,5604099
"Bowie, David",Rock 'n' Roll Suicide,"7"" Vinyl",N/A,Parlophone,DBROCK 40,2014,UK,"Picture Disc - Limited Edition of 2,500 copies",Yes,https://www.discogs.com/release/5604099-David-Bowie-Rock-n-Roll-Suicide, $25.32 ,5604099,,5604099
"Bowie, David",Rock 'n' Roll Suicide,"7"" Vinyl",Yes,RCA Victor,SRCA-88751,1974,USA,Stock Copy,No,https://www.discogs.com/release/3221291-Bowie-Rock-N-Roll-Suicide, $52.63 ,3221291,,3221291
"Bowie, David",Rock 'n' Roll Suicide,"7"" Vinyl",Yes,RCA Victor,74905,1974,USA,Push-out center intact,No,https://www.discogs.com/release/8496596-David-Bowie-Rockn-Roll-Suicide-Quicksand, $287.17 ,8496596,,8496596
"Bowie, David",Rock 'N' Roll With Me,"7"" Vinyl",N/A,RCA Victor,PB-10105,1974,Japan,Stock Copy,No,https://www.discogs.com/release/4634609-Bowie-Rock-N-Roll-With-Me, $10.76 ,4634609,,4634609
"Bowie, David",Rock 'N' Roll With Me,"7"" Vinyl",N/A,RCA,JB-10105,1974,Spain,Promo  - Live Version,No,https://www.discogs.com/release/5322676-Bowie-Rock-N-Roll-With-Me, $14.99 ,5322676,,5322676
"Bowie, David",Rock 'N' Roll With Me,"7"" Vinyl",N/A,RCA,JB-10105,1974,UK,Promo ,No,https://www.discogs.com/release/5374424-Bowie-Rock-N-Roll-With-Me, $18.92 ,5374424,,5374424
"Bowie, David",Rock 'N' Roll With Me,"7"" Vinyl",N/A,RCA Victor,PB-10105,1974,USA,Promo,No,https://www.discogs.com/release/16052100-Bowie-Rock-N-Roll-With-Me, $55.74 ,16052100,,16052100
"Bowie, David",Rock Concert,"12"" Vinyl",Yes,RCA Victor,PL-42993,1979,UK,Rock Concert,No,https://www.discogs.com/release/1244848-David-Bowie-Rock-Concert, $23.66 ,1244848,,1244848
"Bowie, David",Rosalyn,"7"" Vinyl",Yes,RCA Victor,PROM 1,1973,USA,Promotional Item,No,https://www.discogs.com/release/3574348-David-Bowie-Rosalyn, $118.42 ,3574348,,3574348
"Bowie, David",Rubber Band,"7"" Vinyl",N/A,Deram,45-DEM-85009,1967,USA,Promo,No,https://www.discogs.com/release/6531790-David-Bowie-Rubber-Band, $100.00 ,6531790,,6531790
"Bowie, David",Rubber Band,"7"" Vinyl",N/A,Deram,45-DEM-85009,1967,USA,Promo,No,https://www.discogs.com/release/6531790-David-Bowie-Rubber-Band, $100.00 ,6531790,,6531790
"Bowie, David",Rubber Band,"7"" Vinyl",N/A,Deram,45-85009,1967,USA,Promo,No,https://www.discogs.com/release/4605186-David-Bowie-Rubber-Band, $107.63 ,4605186,,4605186
"Bowie, David",Santa Monica '72,CD,Yes,Griffin Music / Golden Years,GCD-392-2,1995,UK,Unofficial Release,No,https://www.discogs.com/release/1060204-David-Bowie-Santa-Monica-72, $20.00 ,1060204,,1060204
"Bowie, David",Santa Monica '72,CD,Yes,Griffin Music / Golden Years,GCD-392-2,1995,UK,Unofficial Release,No,https://www.discogs.com/release/1060204-David-Bowie-Santa-Monica-72, $20.00 ,1060204,,1060204
"Bowie, David",Santa Monica '72,"12"" Vinyl",Yes,Golden Years,GYLP 002,1994,USA,Semi-Legal Clear Vinyl,No,https://www.discogs.com/release/1727922-David-Bowie-Santa-Monica-72, $50.00 ,1727922,,1727922
"Bowie, David",Santa Monica 1972,"7"" Vinyl & CD",Yes,Golden Years,GY 002,1995,UK,Partially Unofficial - 2877/15000,No,https://www.discogs.com/release/1057585-David-Bowie-Santa-Monica-1972, $25.00 ,1057585,,1057585
"Bowie, David",Scary Monsters (and Super Creeps),"7"" Vinyl",Yes,RCA,BOW 8,1981,EU,Stock Copy - Paper Labels,No,https://www.discogs.com/release/2677042-David-Bowie-Scary-Monsters-And-Super-Creeps, $3.93 ,2677042,,2677042
"Bowie, David",Scary Monsters (and Super Creeps),"7"" Vinyl",Yes,RCA,BOW 8,1981,EU,Stock Copy - solid centre,No,https://www.discogs.com/release/749819-David-Bowie-Scary-Monsters-And-Super-Creeps, $4.90 ,749819,,749819
"Bowie, David",Scary Monsters (and Super Creeps),"7"" Vinyl",Yes,RCA Victor,PB 9654,1981,France,,No,https://www.discogs.com/release/2826863-David-Bowie-Scary-Monsters-And-Super-Creeps-Because-Youre-Young, $6.32 ,2826863,,2826863
"Bowie, David",Scary Monsters (and Super Creeps),Cassette,Yes,RCA,AQK1-3647,1980,Germany,,No,https://www.discogs.com/release/3651820-David-Bowie-Scary-Monsters, $9.00 ,3651820,,3651820
"Bowie, David",Scary Monsters (and Super Creeps),CD,Yes,Virgin,7243 521895 0 2,1999,Germany,The David Bowie Series,No,https://www.discogs.com/release/378660-David-Bowie-Scary-Monsters, $8.00 ,378660,,378660
"Bowie, David",Scary Monsters (and Super Creeps),CD,Yes,Rykodisc,RCD 20147,1992,Philippines,Sound + Vision,No,https://www.discogs.com/release/162083-David-Bowie-Scary-Monsters, $12.75 ,162083,,162083
"Bowie, David",Scary Monsters (and Super Creeps),CD,Yes,Rykodisc,RCD 20147,1992,Philippines,Sound + Vision,No,https://www.discogs.com/release/162083-David-Bowie-Scary-Monsters, $12.75 ,162083,,162083
"Bowie, David",Scary Monsters (and Super Creeps),CD,Yes,Rykodisc,RCD 20147,1992,Portugal,Sound + Vision,No,https://www.discogs.com/release/162083-David-Bowie-Scary-Monsters, $12.75 ,162083,,162083
"Bowie, David",Scary Monsters (and Super Creeps),CD,Yes,Rykodisc,RCD 20147,1992,Portugal,Sound + Vision,No,https://www.discogs.com/release/162083-David-Bowie-Scary-Monsters, $12.75 ,162083,,162083
"Bowie, David",Scary Monsters (and Super Creeps),CD,Yes,Rykodisc,RCD 20147,1992,Portugal,Sound + Vision,No,https://www.discogs.com/release/162083-David-Bowie-Scary-Monsters, $12.75 ,162083,,162083
"Bowie, David",Scary Monsters (and Super Creeps),Cassette,Yes,Ryko Analogue,RACS 0147-2,1992,South Africa,,Yes,https://www.discogs.com/release/6522921-David-Bowie-Scary-Monsters, $13.34 ,6522921,,6522921
"Bowie, David",Scary Monsters (and Super Creeps),CD,Yes,EMI,TOCP-70153,2007,Spain,With OBI - made in Japan,No,https://www.discogs.com/release/2156983-David-Bowie-Scary-Monsters, $14.97 ,2156983,,2156983
"Bowie, David",Scary Monsters (and Super Creeps),"12"" Vinyl",Yes,RCA Victor,AQL1-3647,1980,UK,Stock Copy,No,https://www.discogs.com/release/1139488-David-Bowie-Scary-Monsters, $17.02 ,1139488,,1139488
"Bowie, David",Scary Monsters (and Super Creeps),"12"" Vinyl",Yes,RCA Victor,AQL1-3647,1980,UK,Stock Copy,No,https://www.discogs.com/release/1139488-David-Bowie-Scary-Monsters, $17.02 ,1139488,,1139488
"Bowie, David",Scary Monsters (and Super Creeps),"12"" Vinyl",Yes,RCA Victor,AQL1-3647,1980,UK,Stock Copy,No,https://www.discogs.com/release/1139488-David-Bowie-Scary-Monsters, $17.02 ,1139488,,1139488
"Bowie, David",Scary Monsters (and Super Creeps),"12"" Vinyl",Yes,RCA Victor,AQL1-3647,1980,UK,Stock Copy,No,https://www.discogs.com/release/1139488-David-Bowie-Scary-Monsters, $17.02 ,1139488,,1139488
"Bowie, David",Scary Monsters (and Super Creeps),"12"" Vinyl",Yes,RCA Victor,AQL1-3647,1980,UK,Stock Copy - Sealed,Yes,https://www.discogs.com/release/1139488-David-Bowie-Scary-Monsters, $17.02 ,1139488,,1139488
"Bowie, David",Scary Monsters (And Super Creeps),8-Track Cartridge,N/A,RCA Victor,AQS1-3647,1980,UK,,No,https://www.discogs.com/release/6986619-David-Bowie-Scary-Monsters, $24.99 ,6986619,,6986619
"Bowie, David",Scary Monsters (and Super Creeps),"7"" Vinyl",Yes,RCA Victor,PB 8714,1981,UK,,No,https://www.discogs.com/release/2147438-David-Bowie-Scary-Monsters, $15.79 ,2147438,,2147438
"Bowie, David",Scary Monsters (and Super Creeps),"12"" Vinyl",Yes,RCA Victor,PC 9657,1981,UK,Super-Sound Single,No,https://www.discogs.com/release/421403-David-Bowie-Scary-Monsters-And-Super-Creeps-Because-Youre-Young, $19.16 ,421403,,421403
"Bowie, David",Scary Monsters (and Super Creeps),"12"" Vinyl",N/A,RCA,AQL1-3647-3,2002,UK,Unofficial Release - picture disc,No,https://www.discogs.com/release/2958520-David-Bowie-Scary-Monsters, $30.00 ,2958520,,2958520
"Bowie, David",Scary Monsters (and Super Creeps),"12"" Vinyl",Yes,RCA Victor,AQL1-3647,1980,USA,,No,https://www.discogs.com/release/15315837-David-Bowie-Scary-Monsters, $35.00 ,15315837,,15315837
"Bowie, David",Scary Monsters (and Super Creeps),"12"" Vinyl",Yes,RCA,RVP-6472,1980,USA,With OBI,No,https://www.discogs.com/release/1715550-David-Bowie-Scary-Monsters, $35.05 ,1715550,,1715550
"Bowie, David",Scary Monsters (and Super Creeps),CD,Yes,RCA Victor,PCD1-3647,1985,USA,Red Spine,No,https://www.discogs.com/release/1556974-David-Bowie-Scary-Monsters, $44.78 ,1556974,,1556974
"Bowie, David",Scary Monsters (and Super Creeps),SACD,Yes,EMI,543 3182,2003,USA,Stereo only,No,https://www.discogs.com/release/1504686-David-Bowie-Scary-Monsters, $60.45 ,1504686,,1504686
"Bowie, David",Seven,CD,Yes,Virgin,7243 8 96928 2 2,2000,EU,CD1,No,https://www.discogs.com/release/1064403-David-Bowie-Seven, $4.42 ,1064403,,1064403
"Bowie, David",Seven,CD,Yes,Virgin,7243 8 96928 2 2,2000,EU,CD1,No,https://www.discogs.com/release/1064403-David-Bowie-Seven, $4.42 ,1064403,,1064403
"Bowie, David",Seven,CD,Yes,Virgin,7243 8 96928 0 8,2000,France,CD2,No,https://www.discogs.com/release/459347-David-Bowie-Seven, $7.37 ,459347,,459347
"Bowie, David",Seven,CD,Yes,Virgin,7243 8 96929 2 1,2000,UK,CD3,No,https://www.discogs.com/release/1064433-David-Bowie-Seven, $16.06 ,1064433,,1064433
"Bowie, David",Seven Years In Tibet,CD,Yes,RCA,74321512542,1997,EU,Limited Edition,No,https://www.discogs.com/release/2736632-David-Bowie-Seven-Years-In-Tibet, $3.80 ,2736632,,2736632
"Bowie, David",Seven Years In Tibet,CD,Yes,RCA,74321512542,1997,EU,Limited Edition,No,https://www.discogs.com/release/2736632-David-Bowie-Seven-Years-In-Tibet, $3.80 ,2736632,,2736632
"Bowie, David",Seven Years In Tibet,"7"" Vinyl",Yes,RCA / BMG,74321512547,1997,South Africa,Clear Vinyl,No,https://www.discogs.com/release/1756535-David-Bowie-Seven-Years-In-Tibet, $13.67 ,1756535,,1756535
"Bowie, David",Seven Years In Tibet,"7"" Vinyl",N/A,RCA / BMG,74321512547,1997,Turkey,Clear Vinyl with large center hole - jukebox?,No,, $15.00 ,,,
"Bowie, David",Slinky Secrets,"12"" Vinyl",Yes,None,DB95,2015,USA,Unofficial Release - Blue Vinyl,No,https://www.discogs.com/release/10184479-David-Bowie-Slinky-Secrets, $40.00 ,10184479,,10184479
"Bowie, David",Slow Burn,CD,Yes,Columbia / ISO Records,COL 672744 2,2002,France,Single,No,https://www.discogs.com/release/1065711-David-Bowie-Slow-Burn, $6.35 ,1065711,,1065711
"Bowie, David",Slow Burn,"7"" Vinyl",Yes,Columbia,672744 7,2002,USA,Orange Vinyl,No,https://www.discogs.com/release/1646989-David-Bowie-Slow-Burn, $84.21 ,1646989,,1646989
"Bowie, David",Small Club Broadcast: Paris Show 1999,"12"" Vinyl",Yes,Parachute Recording Company,PARA301LP,2019,UK,Unofficial Release,No,https://www.discogs.com/release/14359440-David-Bowie-Small-Club-Broadcast-Paris-Show-1999-, $25.00 ,14359440,,14359440
"Bowie, David",Soft In The Middle,"12"" Vinyl",Yes,The Amazing Kornyfone Record Label,TAKRL 1915,1978,USA,Unofficial Release,No,https://www.discogs.com/release/5079339-David-Bowie-Soft-In-The-Middle, $75.00 ,5079339,,5079339
"Bowie, David",Sorrow,"7"" Vinyl",N/A,RCA Victor,2424,1973,EU,Made in the USA but for UK distribution,No,https://www.discogs.com/release/1139295-David-Bowie-Sorrow, $2.53 ,1139295,,1139295
"Bowie, David",Sorrow,"7"" Vinyl",N/A,RCA Victor,RCA 2424,1973,EU,Push-out center intact -  Label variant - Original Pressing,No,https://www.discogs.com/release/491058-David-Bowie-Sorrow, $3.13 ,491058,,491058
"Bowie, David",Sorrow,"7"" Vinyl",N/A,RCA Victor,42-487,1973,EU,Name carved in lable,No,https://www.discogs.com/release/4807757-David-Bowie-Sorrow, $5.37 ,4807757,,4807757
"Bowie, David",Sorrow,"7"" Vinyl",N/A,RCA Victor,42-487,1973,EU,,No,https://www.discogs.com/release/4807757-David-Bowie-Sorrow, $5.37 ,4807757,,4807757
"Bowie, David",Sorrow,"7"" Vinyl",N/A,RCA Victor,102383,1973,EU,Stock Copy,No,https://www.discogs.com/release/3072743-David-Bowie-Sorrow, $5.71 ,3072743,,3072743
"Bowie, David",Sorrow,"7"" Vinyl",N/A,RCA Victor,102383,1973,EU,Stock Copy,No,https://www.discogs.com/release/3072743-David-Bowie-Sorrow, $5.71 ,3072743,,3072743
"Bowie, David",Sorrow,"7"" Vinyl",N/A,RCA Victor,RCA 2424,1975,EU,Push-out center intact - repressing,No,https://www.discogs.com/release/4194024-David-Bowie-Sorrow, $3.79 ,4194024,,4194024
"Bowie, David",Sorrow,"7"" Vinyl",N/A,RCA Victor,RCA 2424,1973,Germany,Push-out center intact,No,https://www.discogs.com/release/6740402-David-Bowie-Sorrow-Amsterdam, $8.22 ,6740402,,6740402
"Bowie, David",Sorrow,"7"" Vinyl",Yes,RCA Victor,74-16383,1973,Germany,,No,https://www.discogs.com/release/966279-David-Bowie-Sorrow, $8.68 ,966279,,966279
"Bowie, David",Sorrow,"7"" Vinyl",Yes,RCA,BOW 519,1983,Ireland,Lifetimes The Singles: Push Out Center Intact,No,https://www.discogs.com/release/7389201-David-Bowie-Sorrow-, $9.89 ,7389201,,7389201
"Bowie, David",Sorrow,"7"" Vinyl",N/A,RCA,DJH0-0160,1973,Italy,Promo,No,https://www.discogs.com/release/5777423-David-Bowie-Sorrow, $10.00 ,5777423,,5777423
"Bowie, David",Sorrow,"7"" Vinyl",Yes,RCA Victor,41137,1973,Japan,Stock Copy - J Price Code,No,https://www.discogs.com/release/8316525-David-Bowie-Amsterdam, $10.53 ,8316525,,8316525
"Bowie, David",Sorrow,"7"" Vinyl",Yes,RCA Victor,41137,1973,Japan,Stock Copy - J Price Code,No,https://www.discogs.com/release/8316525-David-Bowie-Amsterdam, $10.53 ,8316525,,8316525
"Bowie, David",Sorrow,"7"" Vinyl",N/A,RCA Victor,60642,1973,UK,,No,https://www.discogs.com/release/2293323-David-Bowie-Sorrow-, $15.79 ,2293323,,2293323
"Bowie, David",Sorrow,"7"" Vinyl",N/A,RCA Victor,2424,1973,UK,Solid Centere,No,https://www.discogs.com/release/8975783-David-Bowie-Sorrow, $15.82 ,8975783,,8975783
"Bowie, David",Sorrow,"7"" Vinyl",Yes,RCA Victor,RCA 2424,1973,UK,Punch out center missing,No,https://www.discogs.com/release/2431184-David-Bowie-Sorrow, $18.16 ,2431184,,2431184
"Bowie, David",Sorrow,"7"" Vinyl",Yes,RCA Victor,APBO-9056,1973,UK,Stock Copy,No,https://www.discogs.com/release/9616576-David-Bowie-Sorrow, $21.05 ,9616576,,9616576
"Bowie, David",Sorrow,"7"" Vinyl",N/A,RCA Victor,991.4108,1973,UK,Promo - 33 1/3 RPM,No,https://www.discogs.com/release/6814914-David-Bowie-Sorrow, $25.52 ,6814914,,6814914
"Bowie, David",Sorrow,"7"" Vinyl",N/A,Parlophone,DBSOZ 4030,2013,UK,Picture Disc,Yes,https://www.discogs.com/release/4992087-David-Bowie-Sorrow, $20.24 ,4992087,,4992087
"Bowie, David",Sorrow,"7"" Vinyl",N/A,Parlophone,DBSOZ 4030,2013,UK,Picture Disc,Yes,https://www.discogs.com/release/4992087-David-Bowie-Sorrow, $20.24 ,4992087,,4992087
"Bowie, David",Sorrow,"7"" Vinyl",N/A,Parlophone,DBSOZ 4030,2013,UK,Picture Disc,Yes,https://www.discogs.com/release/4992087-David-Bowie-Sorrow, $20.24 ,4992087,,4992087
"Bowie, David",Sorrow,"7"" Vinyl",N/A,Parlophone,DBSOZ 4030,2013,UK,Picture Disc,No,https://www.discogs.com/release/4992087-David-Bowie-Sorrow, $20.24 ,4992087,,4992087
"Bowie, David",Sorrow,"7"" Vinyl",N/A,RCA Victor,APB0-0160,1973,USA,Stock Copy,No,https://www.discogs.com/release/11871461-David-Bowie-Sorrow, $35.20 ,11871461,,11871461
"Bowie, David",Sorrow,"7"" Vinyl",N/A,RCA Victor,RCA 2424,1973,USA,Promo - Push-out center intact,No,https://www.discogs.com/release/7978059-David-Bowie-Sorrow, $44.02 ,7978059,,7978059
"Bowie, David",Sorrow,"7"" Vinyl",N/A,RCA Victor,31A-2388,1973,USA,Promo,No,https://www.discogs.com/release/10240422-David-Bowie-Tristeza-Sorrow, $57.89 ,10240422,,10240422
"Bowie, David",Sorrow,"7"" Vinyl",Yes,RCA Victor,73.913,1973,USA,Punch out center intact,No,https://www.discogs.com/release/7452167-David-Bowie-Sorrow-Amsterdam, $126.32 ,7452167,,7452167
"Bowie, David",Sorrow,"7"" Vinyl",Yes,RCA,SS-2334,1973,USA,Stock Copy,No,https://www.discogs.com/release/13652461-デビッドボウイー-愛の悲しみ-Sorrow, $197.16 ,13652461,,13652461
"Bowie, David",Sorrow,"7"" Vinyl",N/A,RCA Victor,APBO-0160,1973,USA,Stock Copy - writing on labels,No,https://www.discogs.com/release/8323984-David-Bowie-Sorrow-Tristeza, $300.00 ,8323984,,8323984
"Bowie, David",Sorrow,"7"" Vinyl",N/A,RCA Victor,31A-2388,1973,USA,Stock Copy,No,https://www.discogs.com/release/10430859-David-Bowie-Tristeza-Sorrow, $700.00 ,10430859,,10430859
"Bowie, David",Sorrow,"7"" Vinyl",Yes,RCA Victor,APAO- 0160,1974,USA,Original Pressing,No,https://www.discogs.com/release/12660042-David-Bowie-Sorrow, $57.89 ,12660042,,12660042
"Bowie, David",Sorrow,"7"" Vinyl",No,RCA Victor,SP-3943,1974,USA,Cover included is a counterfeit ,No,https://www.discogs.com/release/14996803-David-Bowie-Sorrow-Pena-Amsterdam, $210.53 ,14996803,,14996803
"Bowie, David",Soul Love,"7"" Vinyl",Yes,RCA,SS-3166,1978,USA,,No,https://www.discogs.com/release/1506679-David-Bowie-デビッドボウイー-Soul-Love-ソウルラブ-Blackout-ブラックアウト, $50.32 ,1506679,,1506679
"Bowie, David",Sound + Vision,"12"" Vinyl",No,Tommy Boy,TB 510,1991,France,Promo,No,https://www.discogs.com/release/2003147-David-Bowie-vs-808-State-Sound-Vision, $6.00 ,2003147,,2003147
"Bowie, David",Sound + Vision,CD,Yes,Rykodisc,RCD 90330/31/32,1995,UK,Box Set - Reissue,No,https://www.discogs.com/release/5407779-David-Bowie-Sound-Vision, $24.39 ,5407779,,5407779
"Bowie, David",Sound + Vision,CD,Yes,Parlophone,RP2-462377,2014,UK,Box Set - Reissue,No,https://www.discogs.com/release/7086039-David-Bowie-Sound-Vision, $23.14 ,7086039,,7086039
"Bowie, David",Sound + Vision (Remix),CD,Yes,Tommy Boy / Rykodisc,TBCD 510,1991,France,Maxi-Single,No,https://www.discogs.com/release/58830-David-Bowie-vs-808-State-Sound-Vision-Remix, $7.29 ,58830,,58830
"Bowie, David",Sound + Vision (Remix),"12"" Vinyl",Yes,Tommy Boy / Rykodisc,TB 510,1991,Japan,Stock Copy,No,https://www.discogs.com/release/53205-David-Bowie-Vs-808-State-Sound-Vision-Remix, $10.44 ,53205,,53205
"Bowie, David",Sound + Vision Remix,Cassette,Yes,Tommy Boy,TBC510,1991,Germany,Maxi Single,Yes,https://www.discogs.com/release/3723167-David-Bowie-VS-808-State-Sound-Vision-Remix, $8.42 ,3723167,,3723167
"Bowie, David",Sound And Vision,"7"" Vinyl",N/A,RCA Victor,PB 0905,1977,EU,Stock Copy - push out center intact,No,https://www.discogs.com/release/378849-David-Bowie-Sound-And-Vision, $2.74 ,378849,,378849
"Bowie, David",Sound And Vision,"7"" Vinyl",N/A,RCA Victor,PB 0905,1977,EU,Stock Copy - Push out center missing,No,https://www.discogs.com/release/378849-David-Bowie-Sound-And-Vision, $2.74 ,378849,,378849
"Bowie, David",Sound And Vision,"7"" Vinyl",N/A,RCA Victor,PB 0905,1977,EU,Stock Copy - push out center intact oddly housed in a German sleeve,No,https://www.discogs.com/release/378849-David-Bowie-Sound-And-Vision, $2.74 ,378849,,378849
"Bowie, David",Sound And Vision,"7"" Vinyl",N/A,RCA Victor,PB 0905,1977,EU,Stock Copy - Solid Centere,No,https://www.discogs.com/release/3519494-David-Bowie-Sound-And-Vision, $3.79 ,3519494,,3519494
"Bowie, David",Sound And Vision,"7"" Vinyl",Yes,RCA Victor,PB-0905,1977,EU,,No,https://www.discogs.com/release/1748993-David-Bowie-Sound-And-Vision, $4.18 ,1748993,,1748993
"Bowie, David",Sound And Vision,"7"" Vinyl",N/A,RCA,PB-10905,1977,EU,Stock Copy - Black Label,No,https://www.discogs.com/release/3165591-David-Bowie-Sound-And-Vision, $5.00 ,3165591,,3165591
"Bowie, David",Sound And Vision,"7"" Vinyl",Yes,RCA,BOW 510,1983,Germany,Lifetimes The Singles: Push Out Center Intact,No,https://www.discogs.com/release/735153-David-Bowie-Sound-And-Vision, $8.85 ,735153,,735153
"Bowie, David",Sound And Vision,"7"" Vinyl",Yes,RCA Victor,PB 0905,1977,Japan,,No,https://www.discogs.com/release/1605315-David-Bowie-Sound-And-Vision, $10.53 ,1605315,,1605315
"Bowie, David",Sound And Vision,"7"" Vinyl",N/A,RCA Victor,102883,1977,Japan,,No,https://www.discogs.com/release/2293210-David-Bowie-Sound-And-Vision, $10.53 ,2293210,,2293210
"Bowie, David",Sound And Vision,"7"" Vinyl",N/A,RCA,JH-10905,1977,Portugal,Promo,No,https://www.discogs.com/release/4825268-David-Bowie-Sound-And-Vision, $12.99 ,4825268,,4825268
"Bowie, David",Sound And Vision,"7"" Vinyl",N/A,Parlophone,DBSAV40,2017,Spain,Picture Disc,Yes,https://www.discogs.com/release/9808981-David-Bowie-Sound-And-Vision, $14.93 ,9808981,,9808981
"Bowie, David",Sound And Vision,"7"" Vinyl",N/A,Parlophone,DBSAV40,2017,Spain,Picture Disc,Yes,https://www.discogs.com/release/9808981-David-Bowie-Sound-And-Vision, $14.93 ,9808981,,9808981
"Bowie, David",Sound And Vision,"7"" Vinyl",N/A,Parlophone,DBSAV40,2017,Spain,Picture Disc,Yes,https://www.discogs.com/release/9808981-David-Bowie-Sound-And-Vision, $14.93 ,9808981,,9808981
"Bowie, David",Sound And Vision,"7"" Vinyl",Yes,RCA Victor,PB 0905,1977,UK,,No,https://www.discogs.com/release/1139268-David-Bowie-Sound-And-Vision, $15.21 ,1139268,,1139268
"Bowie, David",Sound And Vision,"7"" Vinyl",No,RCA Victor,PB 0905,1977,UK,,No,https://www.discogs.com/release/1139268-David-Bowie-Sound-And-Vision, $15.21 ,1139268,,1139268
"Bowie, David",Sound And Vision,"7"" Vinyl",Yes,RCA Victor,PB-0905,1977,UK,Stock Copy,No,https://www.discogs.com/release/2199465-David-Bowie-Sound-And-Vision, $16.12 ,2199465,,2199465
"Bowie, David",Sound And Vision,"7"" Vinyl",N/A,RCA Victor,102883,1977,UK,Stock Copy,No,https://www.discogs.com/release/9039521-David-Bowie-Sound-And-Vision, $25.47 ,9039521,,9039521
"Bowie, David",Sound And Vision,"7"" Vinyl",N/A,RCA Victor,PB-10905,1977,UK,Stock Copy,No,https://www.discogs.com/release/9830599-David-Bowie-Sound-And-Vision, $28.17 ,9830599,,9830599
"Bowie, David",Sound And Vision,"7"" Vinyl",Yes,RCA Victor,PB 0905,1977,UK,Stock Copy - Cover has a tattered edge,No,https://www.discogs.com/release/1925061-David-Bowie-Sound-And-Vision-A-New-Career-In-A-New-Town, $31.58 ,1925061,,1925061
"Bowie, David",Sound And Vision,"7"" Vinyl",N/A,RCA Victor,42-770,1977,USA,,No,https://www.discogs.com/release/14568969-David-Bowie-Sound-And-Vision, $47.37 ,14568969,,14568969
"Bowie, David",Sound And Vision,"7"" Vinyl",Yes,RCA,SS-3076,1977,USA,,No,https://www.discogs.com/release/3119583-David-Bowie-デビッドボウイー-Sound-And-Vision-サウンドアンドヴィジョン, $48.99 ,3119583,,3119583
"Bowie, David",Sound And Vision,"7"" Vinyl",Yes,RCA Victor,PB-0905,1977,USA,,No,https://www.discogs.com/release/5445252-David-Bowie-Sound-And-Vision, $84.21 ,5445252,,5445252
"Bowie, David",Sounds + Visions,"10"" Vinyl",Yes,Coda Publishing LTD,CPLVBOX001,2020,UK,Unofficial - Gold Vinyl,Yes,https://www.discogs.com/release/15468139-Bowie-Sounds-Visions-The-Legendary-Broadcasts, $25.00 ,15468139,,15468139
"Bowie, David",Space Oddity,"7"" Vinyl",N/A,RCA Victor,GB-10470,1975,EU,Gold Standard Series - Red Label,No,https://www.discogs.com/release/7801089-David-Bowie-Space-Oddity-, $5.00 ,7801089,,7801089
"Bowie, David",Space Oddity,CD,Yes,Rykodisc,RCD 10131,1990,France,,No,https://www.discogs.com/release/4632461-David-Bowie-Space-Oddity, $7.75 ,4632461,,4632461
"Bowie, David",Space Oddity,CD,Yes,Rykodisc,RCD 10131,1990,France,,No,https://www.discogs.com/release/4632461-David-Bowie-Space-Oddity, $7.75 ,4632461,,4632461
"Bowie, David",Space Oddity,CD,Yes,Rykodisc,RCD 10131,1990,France,,No,https://www.discogs.com/release/4632461-David-Bowie-Space-Oddity, $7.75 ,4632461,,4632461
"Bowie, David",Space Oddity,CD,Yes,Rykodisc,RCD 10131,1990,France,,No,https://www.discogs.com/release/4632461-David-Bowie-Space-Oddity, $7.75 ,4632461,,4632461
"Bowie, David",Space Oddity,CD,Yes,Virgin,7243 521898 0 9,1999,France,The David Bowie Series,No,https://www.discogs.com/release/1987889-David-Bowie-Space-Oddity, $6.00 ,1987889,,1987889
"Bowie, David",Space Oddity,"7"" Vinyl",N/A,Philips,BF 1801,1969,Germany,"Stock Copy - mono, large center",No,https://www.discogs.com/release/469898-David-Bowie-Space-Oddity, $8.61 ,469898,,469898
"Bowie, David",Space Oddity,"7"" Vinyl",N/A,RCA Victor,GB-10470,1976,Germany,Golden Greats,No,https://www.discogs.com/release/5161174-David-Bowie-Space-Oddity, $8.45 ,5161174,,5161174
"Bowie, David",Space Oddity,"7"" Vinyl",Yes,RCA Victor,PPBO-7040,1976,Germany,Oldies But Goodies,No,https://www.discogs.com/release/2065381-David-Bowie-Space-Oddity, $9.00 ,2065381,,2065381
"Bowie, David",Space Oddity,Cassette,Yes,Ryko Analogue,RACS 0131-2,1990,Italy,,Yes,https://www.discogs.com/release/2609561-David-Bowie-Space-Oddity, $10.00 ,2609561,,2609561
"Bowie, David",Space Oddity,"7"" Vinyl",N/A,Mercury,72949,1969,Japan,Stock Copy,No,https://www.discogs.com/release/1507501-David-Bowie-Space-Oddity, $11.06 ,1507501,,1507501
"Bowie, David",Space Oddity,"7"" Vinyl",Yes,RCA,BOW 518,1983,Japan,Lifetimes The Singles: Push Out Center Intact,No,https://www.discogs.com/release/1098881-David-Bowie-Space-Oddity, $10.06 ,1098881,,1098881
"Bowie, David",Space Oddity,CD,Yes,Parlophone,DBSOCD50,2019,Japan,,Yes,https://www.discogs.com/release/14392228-David-Bowie-Space-Oddity-2019-Mix, $10.76 ,14392228,,14392228
"Bowie, David",Space Oddity,8-Track Cartridge,N/A,RCA Victor,P8S-2101,1972,Netherlands,,No,https://www.discogs.com/release/2629305-David-Bowie-Space-Oddity, $12.00 ,2629305,,2629305
"Bowie, David",Space Oddity,"7"" Vinyl",N/A,RCA Victor,102235,1973,Philippines,Reverse Channels - 3rd pressing,No,https://www.discogs.com/release/4958901-David-Bowie-Space-Oddity, $12.71 ,4958901,,4958901
"Bowie, David",Space Oddity,"7"" Vinyl",Yes,RCA Victor,74-0876,1973,Portugal,Stock Copy,No,https://www.discogs.com/release/1108973-David-Bowie-Space-Oddity-The-Man-Who-Sold-The-World, $12.96 ,1108973,,1108973
"Bowie, David",Space Oddity,"7"" Vinyl",Yes,RCA Victor,74-0876,1973,Portugal,Stock Copy,No,https://www.discogs.com/release/1108973-David-Bowie-Space-Oddity-The-Man-Who-Sold-The-World, $12.96 ,1108973,,1108973
"Bowie, David",Space Oddity,"7"" Vinyl",N/A,RCA,74-0876,1973,Portugal,Promo,No,https://www.discogs.com/release/5374302-David-Bowie-Space-Oddity, $12.97 ,5374302,,5374302
"Bowie, David",Space Oddity,"7"" Vinyl",Yes,Philips,704 201 BW,1969,UK,,No,https://www.discogs.com/release/1642148-David-Bowie-Space-Oddity, $18.68 ,1642148,,1642148
"Bowie, David",Space Oddity,"7"" Vinyl",Yes,Philips,704 201 BW,1969,UK,Punch out center missing,No,https://www.discogs.com/release/1642148-David-Bowie-Space-Oddity, $18.68 ,1642148,,1642148
"Bowie, David",Space Oddity,"12"" Vinyl",Yes,RCA Victor,LSP-4813,1972,UK,Indianapolis Pressing - with poster,No,https://www.discogs.com/release/7142765-David-Bowie-Space-Oddity, $16.50 ,7142765,,7142765
"Bowie, David",Space Oddity,"12"" Vinyl",Yes,RCA Victor,LSP-4813,1972,UK,Indianapolis Pressing - no poster,No,https://www.discogs.com/release/7142765-David-Bowie-Space-Oddity, $16.50 ,7142765,,7142765
"Bowie, David",Space Oddity,"12"" Vinyl",Yes,RCA Victor,LSP-4813,1972,UK,Indianapolis Pressing - with poster,No,https://www.discogs.com/release/7142765-David-Bowie-Space-Oddity, $16.50 ,7142765,,7142765
"Bowie, David",Space Oddity,"12"" Vinyl",Yes,RCA Victor,LSP 4813,1972,UK,Reissue - Laminated Cover,No,https://www.discogs.com/release/3355650-David-Bowie-Space-Oddity, $31.57 ,3355650,,3355650
"Bowie, David",Space Oddity,"7"" Vinyl",Yes,RCA Victor,3-10834,1973,UK,Stock Copy,No,https://www.discogs.com/release/7716178-David-Bowie-Space-Oddity-The-Man-Who-Sold-The-World, $18.99 ,7716178,,7716178
"Bowie, David",Space Oddity,"7"" Vinyl",N/A,RCA Victor,102235,1973,UK,B Matrix Corrected Channels,No,https://www.discogs.com/release/6630532-David-Bowie-Space-Oddity, $24.05 ,6630532,,6630532
"Bowie, David",Space Oddity,"7"" Vinyl",N/A,RCA Victor,102235,1973,UK,B Matrix Corrected Channels,No,https://www.discogs.com/release/6630532-David-Bowie-Space-Oddity, $24.05 ,6630532,,6630532
"Bowie, David",Space Oddity,"7"" Vinyl",N/A,RCA Victor,74-0876,1973,UK,2nd 1973 pressing,No,https://www.discogs.com/release/4673799-David-Bowie-Space-Oddity, $25.16 ,4673799,,4673799
"Bowie, David",Space Oddity,"7"" Vinyl",Yes,RCA Victor,TPBO 7013,1979,UK,Stock Copy,No,https://www.discogs.com/release/4182933-David-Bowie-Space-Oddity, $31.58 ,4182933,,4182933
"Bowie, David",Space Oddity,CD,Yes,EMI,TOCP-70141,2007,UK,With OBI - made in Japan,No,https://www.discogs.com/release/6018770-David-Bowie-Space-Oddity, $18.97 ,6018770,,6018770
"Bowie, David",Space Oddity,CD,Yes,Virgin,DBSOCD 40,2009,UK,40th Anniversary Edition,No,https://www.discogs.com/release/2464372-David-Bowie-David-Bowie, $20.00 ,2464372,,2464372
"Bowie, David",Space Oddity,"12"" Vinyl",Yes,EMI,DBSOLP 40,2009,UK,40th Anniversary Vinyl,No,https://www.discogs.com/release/2002701-David-Bowie-David-Bowie, $25.15 ,2002701,,2002701
"Bowie, David",Space Oddity,"12"" Vinyl",Yes,EMI,DBSOLP 40,2009,UK,40th Anniversary Vinyl,Yes,https://www.discogs.com/release/2002701-David-Bowie-David-Bowie, $25.15 ,2002701,,2002701
"Bowie, David",Space Oddity,"12"" Vinyl",Yes,RCA Victor,LSP-4813,2011,UK,Unofficial Release - red vinyl,No,https://www.discogs.com/release/5293192-David-Bowie-Space-Oddity, $30.00 ,5293192,,5293192
"Bowie, David",Space Oddity,"7"" Vinyl",N/A,Parlophone,DBSO140,2015,UK,Picture Disc,Yes,https://www.discogs.com/release/7549357-David-Bowie-Space-Oddity, $29.74 ,7549357,,7549357
"Bowie, David",Space Oddity,"7"" Vinyl",N/A,Parlophone,DBSO140,2015,UK,Picture Disc,No,https://www.discogs.com/release/7549357-David-Bowie-Space-Oddity, $29.74 ,7549357,,7549357
"Bowie, David",Space Oddity,"7"" Vinyl",Yes,Parlophone / Philips,DBSO 72019,2019,UK,Box Set,No,https://www.discogs.com/release/13866214-David-Bowie-Space-Oddity, $24.01 ,13866214,,13866214
"Bowie, David",Space Oddity,"7"" Vinyl",Yes,Parlophone / Philips,DBSO 72019,2019,UK,Box Set,Yes,https://www.discogs.com/release/13866214-David-Bowie-Space-Oddity, $24.01 ,13866214,,13866214
"Bowie, David",Space Oddity,"12"" Vinyl",Yes,Parlophone,DBSOLP50,2019,UK,Black Vinyl,No,https://www.discogs.com/release/14406792-David-Bowie-Space-Oddity-2019-Mix, $31.63 ,14406792,,14406792
"Bowie, David",Space Oddity,"12"" Vinyl",Yes,Parlophone,DBSOLP50,2019,UK,Black Vinyl,No,https://www.discogs.com/release/14406792-David-Bowie-Space-Oddity-2019-Mix, $31.63 ,14406792,,14406792
"Bowie, David",Space Oddity,"12"" Vinyl",Yes,Parlophone,DBSOLP50,2019,UK,Black Vinyl,No,https://www.discogs.com/release/14406792-David-Bowie-Space-Oddity-2019-Mix, $31.63 ,14406792,,14406792
"Bowie, David",Space Oddity,"12"" Vinyl",Yes,Parlophone,DBSOLP50,2019,UK,Black Vinyl,No,https://www.discogs.com/release/14406792-David-Bowie-Space-Oddity-2019-Mix, $31.63 ,14406792,,14406792
"Bowie, David",Space Oddity,"12"" Vinyl",Yes,Parlophone,DBSOLP50,2019,UK,Black Vinyl,No,https://www.discogs.com/release/14406792-David-Bowie-Space-Oddity-2019-Mix, $31.63 ,14406792,,14406792
"Bowie, David",Space Oddity,"12"" Vinyl",Yes,Parlophone,DBSOLP50,2019,UK,Black Vinyl,No,https://www.discogs.com/release/14406792-David-Bowie-Space-Oddity-2019-Mix, $31.63 ,14406792,,14406792
"Bowie, David",Space Oddity,"12"" Vinyl",Yes,Parlophone,DBSOLP50,2019,UK,Black Vinyl,No,https://www.discogs.com/release/14406792-David-Bowie-Space-Oddity-2019-Mix, $31.63 ,14406792,,14406792
"Bowie, David",Space Oddity,"12"" Vinyl",Yes,Parlophone,DBSOLP50,2019,UK,Black Vinyl,No,https://www.discogs.com/release/14406792-David-Bowie-Space-Oddity-2019-Mix, $31.63 ,14406792,,14406792
"Bowie, David",Space Oddity,"12"" Vinyl",Yes,Parlophone,DBSOLP50,2019,UK,Black Vinyl,No,https://www.discogs.com/release/14406792-David-Bowie-Space-Oddity-2019-Mix, $31.63 ,14406792,,14406792
"Bowie, David",Space Oddity,"12"" Vinyl",Yes,Parlophone,DBSOLP50,2019,UK,Black Vinyl,No,https://www.discogs.com/release/14406792-David-Bowie-Space-Oddity-2019-Mix, $31.63 ,14406792,,14406792
"Bowie, David",Space Oddity,"12"" Vinyl",Yes,Parlophone,DBSOLP50,2019,UK,Black Vinyl,No,https://www.discogs.com/release/14406792-David-Bowie-Space-Oddity-2019-Mix, $31.63 ,14406792,,14406792
"Bowie, David",Space Oddity,"12"" Vinyl",Yes,Parlophone,DBSOLP50,2019,UK,Black Vinyl,No,https://www.discogs.com/release/14406792-David-Bowie-Space-Oddity-2019-Mix, $31.63 ,14406792,,14406792
"Bowie, David",Space Oddity,"12"" Vinyl",Yes,Parlophone,DBSOLP50,2019,UK,Black Vinyl,No,https://www.discogs.com/release/14406792-David-Bowie-Space-Oddity-2019-Mix, $31.63 ,14406792,,14406792
"Bowie, David",Space Oddity,"12"" Vinyl",Yes,Parlophone,DBSOLP50,2019,UK,Black Vinyl,No,https://www.discogs.com/release/14406792-David-Bowie-Space-Oddity-2019-Mix, $31.63 ,14406792,,14406792
"Bowie, David",Space Oddity,"12"" Vinyl",Yes,Parlophone,DBSOLP50,2019,UK,Black Vinyl,No,https://www.discogs.com/release/14406792-David-Bowie-Space-Oddity-2019-Mix, $31.63 ,14406792,,14406792
"Bowie, David",Space Oddity,"12"" Vinyl",Yes,Parlophone,DBSOLP50,2019,UK,Black Vinyl,No,https://www.discogs.com/release/14406792-David-Bowie-Space-Oddity-2019-Mix, $31.63 ,14406792,,14406792
"Bowie, David",Space Oddity,"12"" Vinyl",Yes,Parlophone,DBSOLP50,2019,UK,Black Vinyl,No,https://www.discogs.com/release/14406792-David-Bowie-Space-Oddity-2019-Mix, $31.63 ,14406792,,14406792
"Bowie, David",Space Oddity,"12"" Vinyl",Yes,Parlophone,DBSOLP50,2019,UK,Black Vinyl,No,https://www.discogs.com/release/14406792-David-Bowie-Space-Oddity-2019-Mix, $31.63 ,14406792,,14406792
"Bowie, David",Space Oddity,"12"" Vinyl",Yes,Parlophone,DBSOLP50,2019,UK,Black Vinyl,No,https://www.discogs.com/release/14406792-David-Bowie-Space-Oddity-2019-Mix, $31.63 ,14406792,,14406792
"Bowie, David",Space Oddity,"12"" Vinyl",Yes,Parlophone,DBSOLP50,2019,UK,Black Vinyl,No,https://www.discogs.com/release/14406792-David-Bowie-Space-Oddity-2019-Mix, $31.63 ,14406792,,14406792
"Bowie, David",Space Oddity,"12"" Vinyl",Yes,Parlophone,DBSOLP50,2019,UK,Black Vinyl,No,https://www.discogs.com/release/14406792-David-Bowie-Space-Oddity-2019-Mix, $31.63 ,14406792,,14406792
"Bowie, David",Space Oddity,"12"" Vinyl",Yes,Parlophone,DBSOLP50,2019,UK,Black Vinyl,No,https://www.discogs.com/release/14406792-David-Bowie-Space-Oddity-2019-Mix, $31.63 ,14406792,,14406792
"Bowie, David",Space Oddity,"12"" Vinyl",Yes,Parlophone,DBSOLP50,2019,UK,Black Vinyl,No,https://www.discogs.com/release/14406792-David-Bowie-Space-Oddity-2019-Mix, $31.63 ,14406792,,14406792
"Bowie, David",Space Oddity,"12"" Vinyl",Yes,Parlophone,DBSOLP50,2019,UK,Black Vinyl,No,https://www.discogs.com/release/14406792-David-Bowie-Space-Oddity-2019-Mix, $31.63 ,14406792,,14406792
"Bowie, David",Space Oddity,"12"" Vinyl",Yes,Parlophone,DBSOLP50,2019,UK,Black Vinyl,No,https://www.discogs.com/release/14406792-David-Bowie-Space-Oddity-2019-Mix, $31.63 ,14406792,,14406792
"Bowie, David",Space Oddity,"12"" Vinyl",Yes,Parlophone,DBSOLP50,2019,Uruguay,Black Vinyl,No,https://www.discogs.com/release/14406792-David-Bowie-Space-Oddity-2019-Mix, $31.63 ,14406792,,14406792
"Bowie, David",Space Oddity,"7"" Vinyl",Yes,Philips,704 201 BW,1969,USA,,No,https://www.discogs.com/release/8724208-David-Bowie-Space-Oddity, $42.11 ,8724208,,8724208
"Bowie, David",Space Oddity,"7"" Vinyl",N/A,Mercury,DJ-133,1969,USA,Promo - Mono Version,No,https://www.discogs.com/release/3036811-David-Bowie-Space-Oddity, $45.00 ,3036811,,3036811
"Bowie, David",Space Oddity,"7"" Vinyl",Yes,Philips,704 201 BW,1969,USA,First Pressing,No,https://www.discogs.com/release/4182872-David-Bowie-Space-Oddity, $73.68 ,4182872,,4182872
"Bowie, David",Space Oddity,"7"" Vinyl",N/A,Philips,BF304201,1969,USA,,No,https://www.discogs.com/release/3366632-David-Bowie-Space-Oddity, $77.50 ,3366632,,3366632
"Bowie, David",Space Oddity,"7"" Vinyl",Yes,Philips,BF 304.201,1969,USA,,No,https://www.discogs.com/release/6769028-David-Bowie-Space-Oddity, $81.05 ,6769028,,6769028
"Bowie, David",Space Oddity,"7"" Vinyl",Yes,Philips,BF 304201,1969,USA,,No,https://www.discogs.com/release/10051220-David-Bowie-Space-Oddity, $84.21 ,10051220,,10051220
"Bowie, David",Space Oddity,"7"" Vinyl",No,Philips,BF 304201,1969,USA,,No,https://www.discogs.com/release/3325902-David-Bowie-Space-Oddity, $122.63 ,3325902,,3325902
"Bowie, David",Space Oddity,"7"" Vinyl",Yes,Philips,B 304.201 F,1969,USA,Blue Squares On Back,No,https://www.discogs.com/release/3192887-David-Bowie-Space-Oddity, $157.89 ,3192887,,3192887
"Bowie, David",Space Oddity,"7"" Vinyl",Yes,Philips,B 304.201 F,1969,USA,Pink Squares On Back,No,https://www.discogs.com/release/14182388-David-Bowie-Space-Oddity, $181.58 ,14182388,,14182388
"Bowie, David",Space Oddity,"7"" Vinyl",N/A,Philips,BF 1801,1969,USA,Promo - Push-out center intact,No,https://www.discogs.com/release/6859549-David-Bowie-Space-Oddity, $337.08 ,6859549,,6859549
"Bowie, David",Space Oddity,"7"" Vinyl",N/A,Philips,BF-452,1969,USA,Stock Copy,No,https://www.discogs.com/release/6035162-David-Bowie-Space-Oddity, $445.86 ,6035162,,6035162
"Bowie, David",Space Oddity,"7"" Vinyl",N/A,Mercury,M.72949,1969,USA,Stock Copy - original pressing,No,https://www.discogs.com/release/3739863-David-Bowie-Space-Oddity, $747.53 ,3739863,,3739863
"Bowie, David",Space Oddity,"7"" Vinyl",N/A,Philips,704 201,1969,USA,Push-out center missing / record is warped / original company bag,No,https://www.discogs.com/release/10680791-David-Bowie-Space-Oddity, $842.11 ,10680791,,10680791
"Bowie, David",Space Oddity,"7"" Vinyl",Yes,Mercury,53 04 201,1970,USA,,No,https://www.discogs.com/release/6267357-David-Bowie-Space-Oddity-Diálogo-Espacial-, $202.53 ,6267357,,6267357
"Bowie, David",Space Oddity,"7"" Vinyl",N/A,RCA Victor,ESP-535,1973,USA,Promo - single sided,No,https://www.discogs.com/release/7808452-David-Bowie-Space-Oddity-Odisea-Espacial, $36.84 ,7808452,,7808452
"Bowie, David",Space Oddity,"7"" Vinyl",N/A,RCA Victor,APF-0001,1973,USA,Writing on label,No,https://www.discogs.com/release/6944612-David-Bowie-Odisea-Espacial-Space-Oddity, $46.31 ,6944612,,6944612
"Bowie, David",Space Oddity,"7"" Vinyl",Yes,RCA,SS-2252,1973,USA,Stock Copy,No,https://www.discogs.com/release/6471380-デビッドボウイー-スペイスオディティ-Space-Oddity, $68.16 ,6471380,,6471380
"Bowie, David",Space Oddity,"7"" Vinyl",Yes,RCA Victor,73 903,1973,USA,Push-out center intact,No,https://www.discogs.com/release/8511369-David-Bowie-Space-Oddity, $331.46 ,8511369,,8511369
"Bowie, David",Space Oddity,"7"" Vinyl",N/A,RCA Victor,74-0876,1973,USA,,No,https://www.discogs.com/release/25185094-David-Bowie-Space-Oddity, $450.00 ,25185094,,25185094
"Bowie, David",Space Oddity,"7"" Vinyl",Yes,RCA Victor,SRCA-88884,1976,USA,Stock Copy,No,https://www.discogs.com/release/4244907-David-Bowie-Space-Oddity-, $52.62 ,4244907,,4244907
"Bowie, David",Space Oddity,CD,Yes,RCA Victor,PCD1-4813,1985,USA,Red Spine,No,https://www.discogs.com/release/526671-David-Bowie-Space-Oddity, $34.95 ,526671,,526671
"Bowie, David",Space Oddity,CD,Yes,RCA Victor,PCD1-4813,1985,USA,Red Spine,No,https://www.discogs.com/release/526671-David-Bowie-Space-Oddity, $34.95 ,526671,,526671
"Bowie, David",Space Oddity,CD,Yes,RCA Victor,PCD1-4813,1985,USA,Red Spine,No,https://www.discogs.com/release/526671-David-Bowie-Space-Oddity, $34.95 ,526671,,526671
"Bowie, David",Space Oddity,"12"" Vinyl",Yes,Ryko Analogue,RALP 0131-2,1990,USA,Clear Vinyl,Yes,https://www.discogs.com/release/2102578-David-Bowie-Space-Oddity, $54.80 ,2102578,,2102578
"Bowie, David",Space Oddity,"12"" Vinyl",Yes,Ryko Analogue,RALP 0131-2,1990,USA,Clear Vinyl - with OBI,No,https://www.discogs.com/release/2102578-David-Bowie-Space-Oddity, $54.80 ,2102578,,2102578
"Bowie, David",Space Oddity,"12"" Vinyl",Yes,Simply Vinyl,SVLP 263,2000,USA,Simply Vinyl Issue,No,https://www.discogs.com/release/3409936-David-Bowie-Space-Oddity, $47.10 ,3409936,,3409936
"Bowie, David",Space Oddity,"12"" Vinyl",Yes,Parlophone,DBSOLP50,2019,USA,Black Vinyl,No,https://www.discogs.com/release/14406792-David-Bowie-Space-Oddity-2019-Mix, $31.63 ,14406792,,14406792
"Bowie, David",Space Oddity,"12"" Vinyl",Yes,Parlophone,DBSOLP50,2019,USA,Silver Vinyl #529,No,https://www.discogs.com/release/14404651-David-Bowie-Space-Oddity-2019-Mix, $126.58 ,14404651,,14404651
"Bowie, David",Space Oddity,"12"" Vinyl",Yes,Parlophone,DBSOPD 1972,2020,USA,Picture Disc - with Poster,No,https://www.discogs.com/release/15485044-David-Bowie-Space-Oddity, $37.49 ,15485044,,15485044
"Bowie, David",Space Oddity,"12"" Vinyl",Yes,Parlophone,DBSOPD 1972,2020,USA,Picture Disc - with Poster,No,https://www.discogs.com/release/15485044-David-Bowie-Space-Oddity, $37.49 ,15485044,,15485044
"Bowie, David",Space Oddity,"12"" Vinyl",Yes,Parlophone,DBSOPD 1972,2020,USA,Picture Disc - with Poster,Yes,https://www.discogs.com/release/15485044-David-Bowie-Space-Oddity, $37.49 ,15485044,,15485044
"Bowie, David",Space Oddity (F.M. Broadcast 1983),CD,Yes,Laser Media,LM 700,2016,UK,Unofficial Release,No,https://www.discogs.com/release/8218610-David-Bowie-Stevie-Ray-Vaughan-Space-Oddity-FM-Broadcast-1983, $20.00 ,8218610,,8218610
"Bowie, David",Space Oddity / Changes / Velvet Goldmine,"7"" Vinyl",No,RCA Victor,RCA 2593,1975,France,No cover,No,https://www.discogs.com/release/443348-David-Bowie-Space-Oddity-Changes-Velvet-Goldmine, $6.33 ,443348,,443348
"Bowie, David",Space Oddity / Changes / Velvet Goldmine,"7"" Vinyl",Yes,RCA Victor,RCA 2593,1975,Italy,,No,https://www.discogs.com/release/2436090-David-Bowie-Space-Oddity-Changes-Velvet-Goldmine, $9.99 ,2436090,,2436090
"Bowie, David",Space Oddity / Changes / Velvet Goldmine,"7"" Vinyl",Yes,RCA Victor,RCA 2593,1975,Netherlands,Stock Copy - push out center intact / Maximillion Series,No,https://www.discogs.com/release/3519405-David-Bowie-Space-Oddity-Changes-Velvet-Goldmine, $11.70 ,3519405,,3519405
"Bowie, David",Space Oddity / Changes / Velvet Goldmine,"7"" Vinyl",No,RCA Victor,RCA 2593,1975,Netherlands,Stock Copy - push out center intact / Maximillion Series,No,https://www.discogs.com/release/3519405-David-Bowie-Space-Oddity-Changes-Velvet-Goldmine, $11.70 ,3519405,,3519405
"Bowie, David",Space Oddity / Moonage Daydream / Life On Mars? / It Ain't Easy,"7"" Vinyl",Yes,RCA Victor,EP-45-103,1972,USA,Promo (including the promotional bag),No,https://www.discogs.com/release/3364122-David-Bowie-Space-Oddity-Moonage-Daydream-Life-On-Mars-It-Aint-Easy, $36.45 ,3364122,,3364122
"Bowie, David",Special,"12"" Vinyl",Yes,RCA,SRA-9503-04,1976,USA,No OBI,No,https://www.discogs.com/release/3215530-David-Bowie-Special, $38.42 ,3215530,,3215530
"Bowie, David",Spying Through A Keyhole (Demos And Unreleased Songs),"7"" Vinyl",Yes,Parlophone,0190295495084,2019,UK,Box Set,No,https://www.discogs.com/release/13442845-David-Bowie-Spying-Through-A-Keyhole-Demos-And-Unreleased-Songs, $19.52 ,13442845,,13442845
"Bowie, David",Spying Through A Keyhole (Demos And Unreleased Songs),"7"" Vinyl",Yes,Parlophone,0190295495084,2019,UK,Box Set,Yes,https://www.discogs.com/release/13442845-David-Bowie-Spying-Through-A-Keyhole-Demos-And-Unreleased-Songs, $19.52 ,13442845,,13442845
"Bowie, David",Stage,8-Track Cartridge,N/A,RCA Victor,CPS2-2913,1978,Italy,Twin Pack,No,https://www.discogs.com/release/4360309-David-Bowie-Stage, $10.00 ,4360309,,4360309
"Bowie, David",Stage,CD,Yes,Virgin,7243 8 63436 2 8,2005,Italy,,No,https://www.discogs.com/release/574284-David-Bowie-Stage, $9.96 ,574284,,574284
"Bowie, David",Stage,CD,Yes,Virgin,7243 8 63436 2 8,2005,Italy,,No,https://www.discogs.com/release/574284-David-Bowie-Stage, $9.96 ,574284,,574284
"Bowie, David",Stage,"12"" Vinyl",Yes,RCA Victor,CPL2-2913,1978,Portugal,Stock Copy,No,https://www.discogs.com/release/710499-David-Bowie-Stage, $13.07 ,710499,,710499
"Bowie, David",Stage,"12"" Vinyl",Yes,RCA Victor,CPL2-2913,1978,Portugal,Stock Copy,No,https://www.discogs.com/release/710499-David-Bowie-Stage, $13.07 ,710499,,710499
"Bowie, David",Stage,"12"" Vinyl",Yes,RCA Victor,CPL2-2913,1978,Portugal,Stock Copy,No,https://www.discogs.com/release/710499-David-Bowie-Stage, $13.07 ,710499,,710499
"Bowie, David",Stage,CD,Yes,Rykodisc,RCD 10144/45,1992,Rhodesia,Sound + Vision,No,https://www.discogs.com/release/1020063-David-Bowie-Stage, $13.23 ,1020063,,1020063
"Bowie, David",Stage,CD,Yes,Rykodisc,RCD 10144/45,1992,Scandinavia,Sound + Vision,No,https://www.discogs.com/release/1020063-David-Bowie-Stage, $13.23 ,1020063,,1020063
"Bowie, David",Stage,CD,Yes,Rykodisc,RCD 10144/45,1992,South Africa,Sound + Vision,No,https://www.discogs.com/release/1020063-David-Bowie-Stage, $13.23 ,1020063,,1020063
"Bowie, David",Stage,CD,Yes,Rykodisc,RCD 10144/45,1992,South Africa,Sound + Vision,No,https://www.discogs.com/release/1020063-David-Bowie-Stage, $13.23 ,1020063,,1020063
"Bowie, David",Stage,CD,Yes,Rykodisc,RCD 10144/45,1992,South Africa,Sound + Vision,No,https://www.discogs.com/release/1020063-David-Bowie-Stage, $13.23 ,1020063,,1020063
"Bowie, David",Stage,"12"" Vinyl",Yes,RCA Victor,PL 02913(2),1978,UK,,No,https://www.discogs.com/release/1595029-David-Bowie-Stage, $16.90 ,1595029,,1595029
"Bowie, David",Stage,"12"" Vinyl",Yes,RCA Victor,PL-2913,1978,UK,Yellow Vinyl,No,https://www.discogs.com/release/1348525-David-Bowie-Stage, $18.68 ,1348525,,1348525
"Bowie, David",Stage,"12"" Vinyl",Yes,RCA Victor,PL-2913,1978,UK,Yellow Vinyl,No,https://www.discogs.com/release/1348525-David-Bowie-Stage, $18.68 ,1348525,,1348525
"Bowie, David",Stage,"12"" Vinyl",Yes,RCA Victor,PL-2913,1978,UK,Blue Vinyl,No,https://www.discogs.com/release/1652102-David-Bowie-Stage, $20.47 ,1652102,,1652102
"Bowie, David",Stage,"12"" Vinyl",Yes,RCA,PL 89002,1983,UK,Stock Copy - GEMA BIEM,No,https://www.discogs.com/release/15110159-David-Bowie-Stage, $19.94 ,15110159,,15110159
"Bowie, David",Stage,CD,Yes,EMI,CDS 7986172,1992,UK,Sound + Vision,No,https://www.discogs.com/release/915702-David-Bowie-Stage, $15.24 ,915702,,915702
"Bowie, David",Stage,"12"" Vinyl",Yes,RCA,RCA-9149~50,1978,USA,Stock Copy with pink OBI,No,https://www.discogs.com/release/3462598-David-Bowie-Stage, $35.66 ,3462598,,3462598
"Bowie, David",Stage,"12"" Vinyl",Yes,RCA,RCA-9149~50,1978,USA,With OBI,No,https://www.discogs.com/release/3462598-David-Bowie-Stage, $35.66 ,3462598,,3462598
"Bowie, David",Stage,CD,Yes,RCA,PD89002(2),1985,USA,Blue Spine,No,https://www.discogs.com/release/139379-David-Bowie-Stage, $73.84 ,139379,,139379
"Bowie, David",Stage,DVD,Yes,Virgin,72438-63436-9-7,2005,USA,DVD Audio,No,https://www.discogs.com/release/8365504-David-Bowie-Stage, $64.00 ,8365504,,8365504
"Bowie, David",Star,"12"" Vinyl",Yes,RCA,DJL1-3255,1978,USA,Promo - white vinyl,No,https://www.discogs.com/release/2611723-David-Bowie-Star, $40.00 ,2611723,,2611723
"Bowie, David",Starman,"7"" Vinyl",N/A,RCA Victor,RCA 2199,1972,France,Push-out center intact,No,https://www.discogs.com/release/6659857-David-Bowie-Starman, $7.59 ,6659857,,6659857
"Bowie, David",Starman,"7"" Vinyl",N/A,RCA Victor,74-0719,1972,UK,,No,https://www.discogs.com/release/4673774-David-Bowie-Starman, $16.82 ,4673774,,4673774
"Bowie, David",Starman,"7"" Vinyl",N/A,RCA Victor,74-0719,1972,UK,Writing on label,No,https://www.discogs.com/release/4673774-David-Bowie-Starman, $16.82 ,4673774,,4673774
"Bowie, David",Starman,"7"" Vinyl",Yes,RCA Victor,3-10798,1972,UK,Stock Copy - original pressing,No,https://www.discogs.com/release/7553216-David-Bowie-Starman-El-Hombre-Estrella, $21.05 ,7553216,,7553216
"Bowie, David",Starman,"7"" Vinyl",Yes,RCA Victor,N 1670,1972,UK,Stock Copy,No,https://www.discogs.com/release/2172512-David-Bowie-Starman-John-Im-Only-Dancing, $25.79 ,2172512,,2172512
"Bowie, David",Starman,"7"" Vinyl",Yes,RCA Victor,SRCA-88599,1972,UK,,No,https://www.discogs.com/release/4175291-David-Bowie-Starman, $26.32 ,4175291,,4175291
"Bowie, David",Starman,"7"" Vinyl",N/A,RCA Victor,102142,1972,UK,Second Pressing,No,https://www.discogs.com/release/13703391-David-Bowie-Starman, $30.32 ,13703391,,13703391
"Bowie, David",Starman,"7"" Vinyl",N/A,RCA Victor,102142,1972,UK,Stock Copy,No,https://www.discogs.com/release/13703391-David-Bowie-Starman, $30.32 ,13703391,,13703391
"Bowie, David",Starman,"7"" Vinyl",N/A,RCA Victor,102142,1972,UK,Second Pressing,No,https://www.discogs.com/release/13703391-David-Bowie-Starman, $30.32 ,13703391,,13703391
"Bowie, David",Starman,"7"" Vinyl",Yes,RCA Victor,74-16180,1972,UK,,No,https://www.discogs.com/release/2774120-David-Bowie-Starman, $31.57 ,2774120,,2774120
"Bowie, David",Starman,"7"" Vinyl",Yes,RCA Victor,74-16180,1972,UK,,No,https://www.discogs.com/release/2049514-David-Bowie-Starman, $31.58 ,2049514,,2049514
"Bowie, David",Starman,"7"" Vinyl",Yes,RCA Victor,74-0719,2018,UK,Unofficial Release - Gray Vinyl,No,https://www.discogs.com/release/7814631-David-Bowie-Starman-bw-Suffragette-City-, $20.00 ,7814631,,7814631
"Bowie, David",Starman,"7"" Vinyl",Yes,RCA Victor,74-0719,1972,USA,Promo - Yellow Label,No,https://www.discogs.com/release/14011984-David-Bowie-Starman, $32.50 ,14011984,,14011984
"Bowie, David",Starman,"7"" Vinyl",N/A,RCA Victor,42-338,1972,USA,Stock Copy - writing on label,No,https://www.discogs.com/release/12714506-David-Bowie-Starman, $66.08 ,12714506,,12714506
"Bowie, David",Starman,"7"" Vinyl",N/A,RCA Victor,46g 129,1972,USA,Stock Copy,No,https://www.discogs.com/release/6859519-David-Bowie-Starman, $187.37 ,6859519,,6859519
"Bowie, David",Starman,"7"" Vinyl",Yes,RCA,SS-2197,1972,USA,Stock Copy - Propeller Centre,No,https://www.discogs.com/release/22955918-デビッドボウイー-スターマン-Starman, $550.00 ,22955918,,22955918
"Bowie, David",Starman,"7"" Vinyl",N/A,RCA Victor,31A-2248,1973,USA,Promo,No,https://www.discogs.com/release/8441175-David-Bowie-Starman, $125.00 ,8441175,,8441175
"Bowie, David",Starman,"7"" Vinyl",Yes,RCA,SS-2197,1976,USA,RVC Pressing,No,https://www.discogs.com/release/3057541-デビッドボウイー-スターマン-Starman, $31.63 ,3057541,,3057541
"Bowie, David",Starman,"7"" Vinyl",Yes,RCA Victor,TP-656,1977,USA,Reissue non-textured sleeve,No,https://www.discogs.com/release/3368502-David-Bowie-Starman, $60.00 ,3368502,,3368502
"Bowie, David",Starman,"7"" Vinyl",Yes,RCA Victor,TP-656,1977,USA,Reissue non-textured sleeve,No,https://www.discogs.com/release/3368502-David-Bowie-Starman, $60.00 ,3368502,,3368502
"Bowie, David",Starman,"7"" Vinyl",Yes,RCA,SS-2197,1980,USA,Stock Copy - RVC Pressing,No,https://www.discogs.com/release/3057541-デビッドボウイー-スターマン-Starman, $31.63 ,3057541,,3057541
"Bowie, David",Starman,"7"" Vinyl",Yes,RCA,SS-2197,1980,USA,Stock Copy - RVC Pressing,No,https://www.discogs.com/release/3057541-デビッドボウイー-スターマン-Starman, $31.63 ,3057541,,3057541
"Bowie, David",Starman,"7"" Vinyl",N/A,EMI,DBSTAR 40,2012,USA,"Picture Disc - Limited Edition of 2,000 copies",Yes,https://www.discogs.com/release/3552239-David-Bowie-Starman, $177.50 ,3552239,,3552239
"Bowie, David",Starting Point,Cassette,Yes,London Records,820-323-4,1983,EU,Compilation,Yes,https://www.discogs.com/release/6232797-David-Bowie-Starting-Point, $4.00 ,6232797,,6232797
"Bowie, David",Starting Point,"12"" Vinyl",Yes,London Records,C 50007,1977,France,London Collector Series,No,https://www.discogs.com/release/4441291-David-Bowie-Starting-Point, $7.25 ,4441291,,4441291
"Bowie, David",Station To Station,CD,Yes,Rykodisc,7243 521906 0 7,1999,France,The David Bowie Series,No,https://www.discogs.com/release/920277-David-Bowie-Station-To-Station, $7.00 ,920277,,920277
"Bowie, David",Station To Station,CD,Yes,Rykodisc,RCD 10141,1991,Germany,Sound + Vision,No,https://www.discogs.com/release/9698258-David-Bowie-Station-To-Station, $9.25 ,9698258,,9698258
"Bowie, David",Station To Station,CD,Yes,Rykodisc,RCD 10141,1991,Germany,Sound + Vision,No,https://www.discogs.com/release/9698258-David-Bowie-Station-To-Station, $9.25 ,9698258,,9698258
"Bowie, David",Station To Station,CD,Yes,Rykodisc,RCD 10141,1991,Germany,Sound + Vision,No,https://www.discogs.com/release/9698258-David-Bowie-Station-To-Station, $9.25 ,9698258,,9698258
"Bowie, David",Station To Station,Cassette,Yes,Ryko Analogue,RACS 0141-2,1991,Netherlands,,Yes,https://www.discogs.com/release/5372649-David-Bowie-Station-To-Station, $11.50 ,5372649,,5372649
"Bowie, David",Station To Station,"12"" Vinyl",Yes,RCA Victor,APL1 -1327,1976,UK,Hype Sticker in shrink wrap,No,https://www.discogs.com/release/12820739-David-Bowie-Station-To-Station, $18.47 ,12820739,,12820739
"Bowie, David",Station To Station,"12"" Vinyl",Yes,RCA Victor,APL1 1327,1976,UK,Original Pressing,No,https://www.discogs.com/release/12820739-David-Bowie-Station-To-Station, $18.47 ,12820739,,12820739
"Bowie, David",Station To Station,"12"" Vinyl",Yes,RCA Victor,APL1 1327,1976,UK,Original Pressing,No,https://www.discogs.com/release/12820739-David-Bowie-Station-To-Station, $18.47 ,12820739,,12820739
"Bowie, David",Station To Station,"12"" Vinyl",Yes,RCA Victor,APL1 1327,1976,UK,Original Pressing,No,https://www.discogs.com/release/12820739-David-Bowie-Station-To-Station, $18.47 ,12820739,,12820739
"Bowie, David",Station To Station,"12"" Vinyl",Yes,RCA Victor,APL1 1327,1976,UK,Original Pressing,No,https://www.discogs.com/release/12820739-David-Bowie-Station-To-Station, $18.47 ,12820739,,12820739
"Bowie, David",Station To Station,"12"" Vinyl",Yes,RCA Victor,APL1 1327,1976,UK,Original Pressing,No,https://www.discogs.com/release/12820739-David-Bowie-Station-To-Station, $18.47 ,12820739,,12820739
"Bowie, David",Station To Station,"12"" Vinyl",Yes,RCA Victor,APL1 1327,1976,UK,Original Pressing,No,https://www.discogs.com/release/12820739-David-Bowie-Station-To-Station, $18.47 ,12820739,,12820739
"Bowie, David",Station To Station,"12"" Vinyl",Yes,RCA Victor,APL1 1327,1976,UK,Original Pressing,No,https://www.discogs.com/release/12820739-David-Bowie-Station-To-Station, $18.47 ,12820739,,12820739
"Bowie, David",Station To Station,CD,Yes,RCA Victor,PCD1-1327,1984,UK,Red Spine,No,https://www.discogs.com/release/1999875-David-Bowie-Station-To-Station, $28.82 ,1999875,,1999875
"Bowie, David",Station To Station,"12"" Vinyl",Yes,RCA Victor,AQL1-1327,1986,UK,Reissue - Black Label,No,https://www.discogs.com/release/712711-David-Bowie-Station-To-Station, $22.00 ,712711,,712711
"Bowie, David",Station To Station,CD,Yes,EMI,TOCP-70149,2007,UK,With OBI - made in Japan,No,https://www.discogs.com/release/7045373-David-Bowie-Station-To-Station, $26.84 ,7045373,,7045373
"Bowie, David",Station To Station,"12"" Vinyl",Yes,Parlophone,DB 74766,2021,UK,45th Anniversary - White Vinyl,No,https://www.discogs.com/release/17031126-David-Bowie-Station-To-Station, $27.61 ,17031126,,17031126
"Bowie, David",Station To Station,"12"" Vinyl",Yes,Parlophone,DB 74766,2021,UK,45th Anniversary - White Vinyl,No,https://www.discogs.com/release/17031126-David-Bowie-Station-To-Station, $27.61 ,17031126,,17031126
"Bowie, David",Station To Station,"12"" Vinyl",Yes,Parlophone,DB 74766,2021,UK,45th Anniversary - Red Vinyl,No,https://www.discogs.com/release/17004588-David-Bowie-Station-To-Station, $28.32 ,17004588,,17004588
"Bowie, David",Station To Station,"12"" Vinyl",Yes,Parlophone,DB 74766,2021,UK,45th Anniversary - Red Vinyl,No,https://www.discogs.com/release/17004588-David-Bowie-Station-To-Station, $28.32 ,17004588,,17004588
"Bowie, David",Station To Station,"12"" Vinyl",Yes,Parlophone,DB 74766,2021,UK,45th Anniversary - Red Vinyl,No,https://www.discogs.com/release/17004588-David-Bowie-Station-To-Station, $28.32 ,17004588,,17004588
"Bowie, David",Station To Station,"12"" Vinyl",Yes,Parlophone,DB 74766,2021,UK,45th Anniversary - Red Vinyl,No,https://www.discogs.com/release/17004588-David-Bowie-Station-To-Station, $28.32 ,17004588,,17004588
"Bowie, David",Station To Station,"12"" Vinyl",Yes,Parlophone,DB 74766,2021,UK,45th Anniversary - Red Vinyl,No,https://www.discogs.com/release/17004588-David-Bowie-Station-To-Station, $28.32 ,17004588,,17004588
"Bowie, David",Station To Station,"7"" Vinyl",N/A,RCA Victor,42549,1976,USA,Promo,No,https://www.discogs.com/release/2520477-David-Bowie-Station-To-Station, $331.58 ,2520477,,2520477
"Bowie, David",Station To Station,"12"" Vinyl",Yes,EMI,EMD 1020,1991,USA,,No,https://www.discogs.com/release/1611686-David-Bowie-Station-To-Station, $48.39 ,1611686,,1611686
"Bowie, David",Station To Station,"12"" Vinyl / CD / DVD",Yes,EMI,BOWSTSD2010,2010,USA,Box Set,No,https://www.discogs.com/release/2462207-David-Bowie-Station-To-Station, $177.50 ,2462207,,2462207
"Bowie, David",Stay,"7"" Vinyl",N/A,RCA Victor,PB-10736,1976,Germany,Stock Copy,No,https://www.discogs.com/release/2052425-David-Bowie-Stay, $8.89 ,2052425,,2052425
"Bowie, David",Stay,"7"" Vinyl",N/A,RCA Victor,PB-10736,1976,Germany,Stock Copy,No,https://www.discogs.com/release/2052425-David-Bowie-Stay, $8.89 ,2052425,,2052425
"Bowie, David",Stay,"7"" Vinyl",N/A,RCA,JH-10736,1976,UK,Promo,No,https://www.discogs.com/release/2365084-David-Bowie-Stay, $16.53 ,2365084,,2365084
"Bowie, David",Stay,"7"" Vinyl",N/A,RCA,PB-10736,1976,UK,Stock Copy -reissue,No,https://www.discogs.com/release/9308273-David-Bowie-Stay, $18.99 ,9308273,,9308273
"Bowie, David",Stay,"7"" Vinyl",Yes,RCA Victor,PB-0736,1976,USA,,No,https://www.discogs.com/release/4896318-David-Bowie-Stay, $88.59 ,4896318,,4896318
"Bowie, David",Stay,"7"" Vinyl",N/A,RCA Victor,PB-10736,1976,USA,Promo,No,https://www.discogs.com/release/11242355-David-Bowie-Stay, $105.63 ,11242355,,11242355
"Bowie, David",Stay,"7"" Vinyl",Yes,RCA,SS-3034,1976,USA,Stock Copy,No,https://www.discogs.com/release/3610786-デビッドボウイー-David-Bowie-ステイ-Stay, $126.58 ,3610786,,3610786
"Bowie, David",Stay,"7"" Vinyl",Yes,RCA,SS-3034,1976,USA,Stock Copy,No,https://www.discogs.com/release/3610786-デビッドボウイー-David-Bowie-ステイ-Stay, $126.58 ,3610786,,3610786
"Bowie, David",Stay,"7"" Vinyl",N/A,RCA Victor,PB-10736,1976,USA,Stock Copy,No,https://www.discogs.com/release/14462434-David-Bowie-Stay, $352.54 ,14462434,,14462434
"Bowie, David",Strangers When We Meet,CD,Yes,Virgin,7243 8 38530 2 1,1995,EU,Single,No,https://www.discogs.com/release/1410195-David-Bowie-Strangers-When-We-Meet, $4.75 ,1410195,,1410195
"Bowie, David",Strangers When We Meet,CD,Yes,Virgin,7243 8 38530 2 1,1995,EU,Single,No,https://www.discogs.com/release/1410195-David-Bowie-Strangers-When-We-Meet, $4.75 ,1410195,,1410195
"Bowie, David",Strangers When We Meet,CD,Yes,Virgin,DPRO-11062,1995,France,Promo,No,https://www.discogs.com/release/2792836-David-Bowie-Strangers-When-We-Meet, $6.00 ,2792836,,2792836
"Bowie, David",Strangers When We Meet,"7"" Vinyl",Yes,RCA / BMG,74321329407,1995,USA,Green Vinyl,No,https://www.discogs.com/release/1527792-David-Bowie-Strangers-When-We-Meet-The-Man-Who-Sold-The-World-Live, $45.89 ,1527792,,1527792
"Bowie, David",Subway,"12"" Vinyl",Yes,Flat Records,FLAT 8211,1976,USA,Unofficial Release - Blue-on-green front insert,No,https://www.discogs.com/release/15724106-David-Bowie-Subway-1974, $55.00 ,15724106,,15724106
"Bowie, David",Sue (Or In A Season Of Crime),"10"" Vinyl",Yes,Parlophone,10RDB2014,2014,New Zealand,,No,https://www.discogs.com/release/6291474-David-Bowie-Sue-Or-In-A-Season-Of-Crime, $12.11 ,6291474,,6291474
"Bowie, David",Sue (Or In A Season Of Crime),"10"" Vinyl",Yes,Parlophone,10RDB2014,2014,New Zealand,,No,https://www.discogs.com/release/6291474-David-Bowie-Sue-Or-In-A-Season-Of-Crime, $12.11 ,6291474,,6291474
"Bowie, David",Sue (Or In A Season Of Crime),"10"" Vinyl", Yes,ISO Records / Columbia / Legacy,88875028701,2014,Spain,Record Store Day - # 6750,Yes,https://www.discogs.com/release/6352779-David-Bowie-Sue-Or-In-A-Season-Of-Crime, $14.00 ,6352779,,6352779
"Bowie, David",Sue (Or In A Season Of Crime),"10"" Vinyl", Yes,ISO Records / Columbia / Legacy,88875028701,2014,Spain,Record Store Day - # 2504,Yes,https://www.discogs.com/release/6352779-David-Bowie-Sue-Or-In-A-Season-Of-Crime, $14.00 ,6352779,,6352779
"Bowie, David",Sue (Or In A Season Of Crime),"10"" Vinyl", Yes,ISO Records / Columbia / Legacy,88875028701,2014,Spain,Record Store Day - # 2183,Yes,https://www.discogs.com/release/6352779-David-Bowie-Sue-Or-In-A-Season-Of-Crime, $14.00 ,6352779,,6352779
"Bowie, David",Sue (Or In A Season Of Crime),"10"" Vinyl", Yes,ISO Records / Columbia / Legacy,88875028701,2014,Spain,Record Store Day - # 1089,Yes,https://www.discogs.com/release/6352779-David-Bowie-Sue-Or-In-A-Season-Of-Crime, $14.00 ,6352779,,6352779
"Bowie, David",Sue (Or In A Season Of Crime),"10"" Vinyl", Yes,ISO Records / Columbia / Legacy,88875028701,2014,Spain,Record Store Day - # 1000,Yes,https://www.discogs.com/release/6352779-David-Bowie-Sue-Or-In-A-Season-Of-Crime, $14.00 ,6352779,,6352779
"Bowie, David",Suffragette City,"7"" Vinyl",Yes,RCA Victor,RCA 2726,1976,Philippines,,No,https://www.discogs.com/release/1732988-David-Bowie-Suffragette-City-bw-Stay, $12.65 ,1732988,,1732988
"Bowie, David",Suffragette City,"7"" Vinyl",Yes,RCA Victor,XB-01 015,1976,UK,,No,https://www.discogs.com/release/748139-David-Bowie-Suffragettecity-Stay, $21.05 ,748139,,748139
"Bowie, David",Suffragette City,"7"" Vinyl",No,RCA Victor,42576,1976,UK,Stock Copy,No,https://www.discogs.com/release/4154952-David-Bowie-Suffragette-City, $31.58 ,4154952,,4154952
"Bowie, David",Suffragette City,"7"" Vinyl",Yes,RCA Victor,42576,1976,UK,Stock Copy,No,https://www.discogs.com/release/4154952-David-Bowie-Suffragette-City, $31.58 ,4154952,,4154952
"Bowie, David",Suffragette City,"7"" Vinyl",Yes,RCA Victor,102813,1976,USA,Stock Copy,No,https://www.discogs.com/release/9311298-David-Bowie-Suffragette-City, $57.31 ,9311298,,9311298
"Bowie, David",Supermen,"7"" Vinyl",N/A,None,None,1979,USA,Unofficial Release - Picture Disc,No,https://www.discogs.com/release/6985383-David-Bowie-Supermen, $50.00 ,6985383,,6985383
"Bowie, David",Survive,CD,Yes,Virgin,7243 8 96486 0 7,2000,EU,Single,No,https://www.discogs.com/release/1064517-David-Bowie-Survive, $4.95 ,1064517,,1064517
"Bowie, David",Survive,CD,Yes,Virgin,7243 8 96487 0 6,2000,France,Collectors Edition Live CD,No,https://www.discogs.com/release/1064542-David-Bowie-Survive, $6.15 ,1064542,,1064542
"Bowie, David",Survive,"7"" Vinyl",N/A,Virgin,VSP 1767,2000,UK,Picture Disc,No,https://www.discogs.com/release/952675-David-Bowie-Survive, $26.31 ,952675,,952675
"Bowie, David",Tao Jones Index,"12"" Vinyl",Yes,BMG,TIBET 12,1997,USA,,No,https://www.discogs.com/release/260666-Tao-Jones-Index-Pallas-Athena-V2-Schneider, $31.87 ,260666,,260666
"Bowie, David",Tao Jones Index,"12"" Vinyl",Yes,BMG,TIBET 12,1997,USA,,No,https://www.discogs.com/release/260666-Tao-Jones-Index-Pallas-Athena-V2-Schneider, $31.87 ,260666,,260666
"Bowie, David",Tao Jones Index,"12"" Vinyl",Yes,BMG,TIBET 12,1997,USA,,No,https://www.discogs.com/release/260666-Tao-Jones-Index-Pallas-Athena-V2-Schneider, $31.87 ,260666,,260666
"Bowie, David",Te Amo Hasta Martes / Cuando Estoy Cinco,"7"" Vinyl",Yes,Dream,DM-100,1982,USA,Unofficial Release,No,https://www.discogs.com/release/6751276-David-Bowie-Te-Amo-Hasta-Martes-Cuando-Estoy-Cinco, $40.00 ,6751276,,6751276
"Bowie, David",Telling Lies,CD,Yes,Arista / BMG,74321 39739 2,1996,EU,"Single - Limited Edition of 3,500",No,https://www.discogs.com/release/531866-David-Bowie-Telling-Lies, $5.18 ,531866,,531866
"Bowie, David",Telling Lies,CD,Yes,RCA / BMG,74321397412,1996,EU,Single,No,https://www.discogs.com/release/59151-David-Bowie-V-A-Guy-Called-Gerald-V-Adam-F-Telling-Lies, $5.26 ,59151,,59151
"Bowie, David",Telling Lies,CD,Yes,RCA / BMG,74321397412,1996,EU,Single,Yes,https://www.discogs.com/release/59151-David-Bowie-V-A-Guy-Called-Gerald-V-Adam-F-Telling-Lies, $5.26 ,59151,,59151
"Bowie, David",Telling Lies,"12"" Vinyl",Yes,BMG,74321 39741 1,1996,Peru,Single,No,https://www.discogs.com/release/88710-David-Bowie-V-A-Guy-Called-Gerald-V-Adam-F-Telling-Lies, $12.64 ,88710,,88710
"Bowie, David",That's A Promise,"7"" Vinyl",N/A,Reel-To-Reel Music Company,BOWIE07,2019,Mexico,Unofficial Release - Picture Disc,No,https://www.discogs.com/release/13771305-David-Bowie-Thats-A-Promise, $11.18 ,13771305,,13771305
"Bowie, David",The 1972 Amercain Tour,"12"" Vinyl",Yes,The Amazing Kornyfone Record Label,TAKRL 2965,1977,USA,Unofficial Release,No,https://www.discogs.com/release/1820530-David-Bowie-The-1972-Amercain-Tour, $60.00 ,1820530,,1820530
"Bowie, David",The 1980 Floor Show,CD,Yes,Gossip,GOSS028,2017,UK,Unofficial Release,Yes,https://www.discogs.com/release/10378874-David-Bowie-The-1980-Floor-Show, $20.00 ,10378874,,10378874
"Bowie, David",The 1980 Floor Show,"12"" Vinyl",Yes,None,RDBSLP02,2016,USA,Unofficial Release,No,https://www.discogs.com/release/8824716-David-Bowie-The-1980-Floor-Show, $38.00 ,8824716,,8824716
"Bowie, David",The 1980 Floor Show (The Complete 1973 Broadcast),"12"" Vinyl",Yes,Parachute Recording Company,PARA200LP,2019,UK,Unofficial Release,Yes,https://www.discogs.com/release/13223750-David-Bowie-And-Friends-The-1980-Floor-Show-The-Complete-1973-Broadcast, $28.00 ,13223750,,13223750
"Bowie, David",The Beginning - Vol. 2,"12"" Vinyl",Yes,Deram,NDM 770,1975,Japan,Reissue,No,https://www.discogs.com/release/8909578-David-Bowie-The-Beginning-Vol-2, $10.53 ,8909578,,8909578
"Bowie, David",The Best Of Bowie,"12"" Vinyl",Yes,K-Tel,BLP 81001,1981,Greece,,No,https://www.discogs.com/release/380642-David-Bowie-The-Best-Of-Bowie, $9.77 ,380642,,380642
"Bowie, David",The Best Of Bowie,"12"" Vinyl",Yes,K-Tel,BLP 81001,1981,Greece,,No,https://www.discogs.com/release/380642-David-Bowie-The-Best-Of-Bowie, $9.77 ,380642,,380642
"Bowie, David",The Best Of Bowie,"12"" Vinyl",Yes,K-Tel,TI-157,1981,Spain,,No,https://www.discogs.com/release/932854-David-Bowie-The-Best-Of-Bowie, $14.96 ,932854,,932854
"Bowie, David",The Best Of Bowie,"12"" Vinyl",Yes,K-Tel,TI-157,1981,Spain,,No,https://www.discogs.com/release/932854-David-Bowie-The-Best-Of-Bowie, $14.96 ,932854,,932854
"Bowie, David",The Best Of David Bowie 1969 / 1974,CD,Yes,EMI,7243 8 21849 2 8,1997,EU,Compilation,No,https://www.discogs.com/release/951845-David-Bowie-The-Best-Of-David-Bowie-19691974, $2.89 ,951845,,951845
"Bowie, David",The Best Of David Bowie 1969 / 1974,CD,Yes,Virgin,7243 8 21849 2 8,1997,EU,Compilation,No,https://www.discogs.com/release/460594-David-Bowie-The-Best-Of-David-Bowie-1969-1974, $4.00 ,460594,,460594
"Bowie, David",The Best Of David Bowie 1974 / 1979,CD,Yes,Virgin,7243 4 94300 0 6,1998,EU,Compilation,No,https://www.discogs.com/release/460592-David-Bowie-The-Best-Of-David-Bowie-1974-1979, $4.12 ,460592,,460592
"Bowie, David",The Best Of David Bowie 1974 / 1979,CD,Yes,EMI,7243 4 94300 2 0,1998,EU,Compilation,No,https://www.discogs.com/release/951847-David-Bowie-The-Best-Of-David-Bowie-19741979, $4.21 ,951847,,951847
"Bowie, David",The Best Of David Bowie 1980 / 1987,CD / DVD,Yes,EMI,00946 3 86478 2 9,2007,France,Compilation - PAL,No,https://www.discogs.com/release/1718671-David-Bowie-The-Best-Of-David-Bowie-19801987, $7.37 ,1718671,,1718671
"Bowie, David",The Bowie Wonder,"12"" Vinyl",Yes,None,HH-BOW-1-4,1974,USA,Unofficial Release,No,https://www.discogs.com/release/9135051-David-Bowie-The-Bowie-Wonder, $50.00 ,9135051,,9135051
"Bowie, David",The Bowie Wonder,"12"" Vinyl",Yes,Space Recordings,HH-BOW-4,1974,USA,Unofficial Release,No,https://www.discogs.com/release/5446189-David-Bowie-The-Bowie-Wonder, $50.00 ,5446189,,5446189
"Bowie, David",The Bowie Wonder,"12"" Vinyl",Yes,None,None,1974,USA,Unofficial Release - Orange Photocopy Label,No,https://www.discogs.com/release/8541184-David-Bowie-The-Bowie-Wonder, $50.00 ,8541184,,8541184
"Bowie, David",The Buddha Of Suburbia,CD,Yes,Arista,74321 177052,1993,EU,Single,No,https://www.discogs.com/release/1575432-David-Bowie-Featuring-Lenny-Kravitz-The-Buddha-Of-Suburbia, $3.79 ,1575432,,1575432
"Bowie, David",The Buddha Of Suburbia,CD,Yes,Arista,74321 170042,1993,France,,No,https://www.discogs.com/release/753432-David-Bowie-The-Buddha-Of-Suburbia, $7.77 ,753432,,753432
"Bowie, David",The Buddha Of Suburbia,CD,Yes,Virgin,7243 8 40988 2 7,1995,Italy,Reissue,No,https://www.discogs.com/release/1140833-David-Bowie-The-Buddha-Of-Suburbia, $9.99 ,1140833,,1140833
"Bowie, David",The Buddha Of Suburbia,CD,Yes,Virgin,7243 8 40988 2 7,1995,Italy,Reissue,No,https://www.discogs.com/release/1140833-David-Bowie-The-Buddha-Of-Suburbia, $9.99 ,1140833,,1140833
"Bowie, David",The Buddha Of Suburbia,CD,Yes,EMI,50999 5 00463 2 4,2007,Japan,Reissue,No,https://www.discogs.com/release/2629104-David-Bowie-The-Buddha-Of-Suburbia, $10.53 ,2629104,,2629104
"Bowie, David",The Buddha of Suburbia,"7"" Vinyl",Yes,Arista,74321 177057,1993,UK,Solid Centre,No,https://www.discogs.com/release/2255738-David-Bowie-Featuring-Lenny-Kravitz-The-Buddha-Of-Suburbia, $24.52 ,2255738,,2255738
"Bowie, David",The Buddha Of Suburbia,"12"" Vinyl",Yes,Arista / BMG,150.822,1994,USA,Missing the insert,No,https://www.discogs.com/release/2623015-David-Bowie-The-Buddha-Of-Suburbia, $450.00 ,2623015,,2623015
"Bowie, David",The Ching-A-Ling Song,"7"" Vinyl",Yes,B & C Records,CB-108,1980,UK,Unofficial Release,No,https://www.discogs.com/release/3467309-David-Bowie-The-Ching-A-Ling-Song, $20.00 ,3467309,,3467309
"Bowie, David",The Collection,CD,Yes,EMI Gold,7243 4 77653 2 2,2008,EU,Compilation,No,https://www.discogs.com/release/3377287-David-Bowie-The-Collection, $4.14 ,3377287,,3377287
"Bowie, David",The Collection,"12"" Vinyl",Yes,Castle Communications,CCSLP 118,1985,South Africa,The Collectors Series,No,https://www.discogs.com/release/422910-David-Bowie-The-Collection, $13.42 ,422910,,422910
"Bowie, David",The Deram Anthology 1966-1968,CD,Yes,Deram,42284 4784-2,1997,EU,Compilation,No,https://www.discogs.com/release/1140874-David-Bowie-The-Deram-Anthology-1966-1968, $4.25 ,1140874,,1140874
"Bowie, David",The Elephant Man,"7"" Vinyl",Yes,The Schubert Organization,XXX-01,1980,USA,Single Sided Promo,No,https://www.discogs.com/release/7630435-David-Bowie-The-Elephant-Man-60-Second-Radio-Spot, $100.00 ,7630435,,7630435
"Bowie, David",The F.M. Broadcast - Live,"12"" Vinyl",Yes,Laser Media,LM001V,2016,Turkey,Unofficial Release - red vinyl,Yes,https://www.discogs.com/release/8646423-David-Bowie-The-FM-Broadcast-Live, $15.00 ,8646423,,8646423
"Bowie, David",The Gospel According To David Bowie,Cassette,Yes,Spectrum Music,5500214,1993,France,Compilation,No,https://www.discogs.com/release/7672629-David-Bowie-The-Gospel-According-To-David-Bowie, $7.06 ,7672629,,7672629
"Bowie, David",The Hearts Filthy Lesson,CD,Yes,RCA / BMG,74321 30703-2,1995,EU,Single,No,https://www.discogs.com/release/517462-David-Bowie-The-Hearts-Filthy-Lesson, $3.99 ,517462,,517462
"Bowie, David",The Hearts Filthy Lesson,CD,Yes,Virgin,V25F-38518,1995,EU,Digipak,No,https://www.discogs.com/release/86066-David-Bowie-The-Hearts-Filthy-Lesson, $5.00 ,86066,,86066
"Bowie, David",The Hearts Filthy Lesson,CD,Yes,Virgin,V25F-38518,1995,EU,Digipak,No,https://www.discogs.com/release/86066-David-Bowie-The-Hearts-Filthy-Lesson, $5.00 ,86066,,86066
"Bowie, David",The Hearts Filthy Lesson,CD,Yes,Virgin,V25F-38518,1995,EU,Digipak,No,https://www.discogs.com/release/86066-David-Bowie-The-Hearts-Filthy-Lesson, $5.00 ,86066,,86066
"Bowie, David",The Hearts Filthy Lesson,"12"" Vinyl",N/A,Virgin,SPRO-11038,1995,Italy,Promo,No,https://www.discogs.com/release/715616-David-Bowie-The-Hearts-Filthy-Lesson, $10.00 ,715616,,715616
"Bowie, David",The Hearts Filthy Lesson,"12"" Vinyl",Yes,RCA / BMG,74321 3 13901 2,1995,UK,Picture Disc,No,https://www.discogs.com/release/82711-David-Bowie-The-Hearts-Filthy-Lesson, $24.35 ,82711,,82711
"Bowie, David",The Jean Genie,"7"" Vinyl",N/A,RCA,JBN 1676,1973,France,Juke Box Copy - with Nicky North on B-Side,No,https://www.discogs.com/release/4413604-David-Bowie-Nicky-North-The-Jean-Genie-Lolly-Sue, $7.37 ,4413604,,4413604
"Bowie, David",The Jean Genie,"7"" Vinyl",N/A,RCA Victor,74-0838,1972,Germany,Stock Copy,No,https://www.discogs.com/release/12053356-David-Bowie-The-Jean-Genie, $8.17 ,12053356,,12053356
"Bowie, David",The Jean Genie,"7"" Vinyl",N/A,RCA Victor,74-0838,1972,Japan,Stock Copy,No,https://www.discogs.com/release/3364137-David-Bowie-The-Jean-Genie, $10.26 ,3364137,,3364137
"Bowie, David",The Jean Genie,"7"" Vinyl",Yes,RCA Victor,41057,1972,Japan,J Price Code,No,https://www.discogs.com/release/1902643-David-Bowie-The-Jean-Genie, $10.53 ,1902643,,1902643
"Bowie, David",The Jean Genie,"7"" Vinyl",Yes,RCA Victor,74-16238,1973,Japan,,No,https://www.discogs.com/release/848963-David-Bowie-The-Jean-Genie, $10.52 ,848963,,848963
"Bowie, David",The Jean Genie,"7"" Vinyl",Yes,RCA,BOW 515,1983,Japan,Lifetimes The Singles: Push Out Center Intact,No,https://www.discogs.com/release/3569704-David-Bowie-The-Jean-Genie, $10.11 ,3569704,,3569704
"Bowie, David",The Jean Genie,"7"" Vinyl",N/A,RCA Victor,RCA 2302,1972,UK,Solid Centre,No,https://www.discogs.com/release/22497362-David-Bowie-The-Jean-Genie, $25.15 ,22497362,,22497362
"Bowie, David",The Jean Genie,"7"" Vinyl",N/A,RCA Victor,42-401,1972,UK,,No,https://www.discogs.com/release/5492486-David-Bowie-The-Jean-Genie-Hang-On-To-Yourself, $29.47 ,5492486,,5492486
"Bowie, David",The Jean Genie,"7"" Vinyl",Yes,RCA Victor,3-10825,1973,UK,Stock Copy - reissue,No,https://www.discogs.com/release/7750244-David-Bowie-The-Jean-Genie-El-Genio, $18.99 ,7750244,,7750244
"Bowie, David",The Jean Genie,"7"" Vinyl",Yes,RCA Victor,74-16 238,1973,UK,Long Haired Cover,No,https://www.discogs.com/release/3824247-David-Bowie-The-Jean-Genie-Ziggy-Stardust, $31.58 ,3824247,,3824247
"Bowie, David",The Jean Genie,"7"" Vinyl",N/A,RCA Victor,74-0838,1972,USA,Stock Copy,No,https://www.discogs.com/release/5281612-David-Bowie-The-Jean-Genie, $40.92 ,5281612,,5281612
"Bowie, David",The Jean Genie,"7"" Vinyl",N/A,RCA Victor,74-0838,1972,USA,Stock Copy,No,https://www.discogs.com/release/5281612-David-Bowie-The-Jean-Genie, $40.92 ,5281612,,5281612
"Bowie, David",The Jean Genie,"7"" Vinyl",Yes,RCA Victor,74-0838,1973,USA,Stock Copy,No,https://www.discogs.com/release/4192637-David-Bowie-The-Jean-Genie, $41.58 ,4192637,,4192637
"Bowie, David",The Jean Genie,"7"" Vinyl",N/A,RCA Victor,31A-2257,1973,USA,Stock Copy,No,https://www.discogs.com/release/9685115-David-Bowie-The-Jean-Genie, $48.00 ,9685115,,9685115
"Bowie, David",The Jean Genie,"7"" Vinyl",N/A,RCA Victor,31A-2257,1973,USA,Promo,No,https://www.discogs.com/release/9685115-David-Bowie-The-Jean-Genie, $48.00 ,9685115,,9685115
"Bowie, David",The Jean Genie,"7"" Vinyl",N/A,RCA Victor,31A-2257,1973,USA,Promo,No,https://www.discogs.com/release/9685115-David-Bowie-The-Jean-Genie, $48.00 ,9685115,,9685115
"Bowie, David",The Jean Genie,"7"" Vinyl",N/A,RCA Victor,46g 178,1973,USA,Push-out center intact,No,https://www.discogs.com/release/9744563-David-Bowie-The-Jean-Genie, $88.61 ,9744563,,9744563
"Bowie, David",The Jean Genie,"7"" Vinyl",Yes,RCA,SS-2235,1973,USA,Promo,No,https://www.discogs.com/release/9343550-デビッドボウイー-ジーンジニー-The-Jean-Genie, $106.33 ,9343550,,9343550
"Bowie, David",The Jean Genie,"7"" Vinyl",Yes,RCA Victor,20 086,1978,USA,Reissue,No,https://www.discogs.com/release/3691318-David-Bowie-The-Jean-Genie, $37.97 ,3691318,,3691318
"Bowie, David",The Jean Genie,"7"" Vinyl",N/A,EMI,DBJEAN 40,2012,USA,"Picture Disc - Limited Edition of 2,000 copies",Yes,https://www.discogs.com/release/4032830-David-Bowie-The-Jean-Genie, $38.31 ,4032830,,4032830
"Bowie, David",The Jean Genie,"7"" Vinyl",N/A,EMI,DBJEAN 40,2012,USA,"Picture Disc - Limited Edition of 2,000 copies",Yes,https://www.discogs.com/release/4032830-David-Bowie-The-Jean-Genie, $38.31 ,4032830,,4032830
"Bowie, David",The Jean Genie,"7"" Vinyl",N/A,EMI,DBJEAN 40,2012,USA,"Picture Disc - Limited Edition of 2,000 copies",Yes,https://www.discogs.com/release/4032830-David-Bowie-The-Jean-Genie, $38.31 ,4032830,,4032830
"Bowie, David",The Jean Genie / Space Oddity,"7"" Vinyl",Yes,RCA,OLD-25010,1980,Japan,,No,https://www.discogs.com/release/585513-David-Bowie-The-Jean-Genie-Space-Oddity, $10.52 ,585513,,585513
"Bowie, David",The Laughing Gnome,"7"" Vinyl",N/A,Deram,DM 123,1973,EU,Stock Copy - standard version,No,https://www.discogs.com/release/966367-David-Bowie-The-Laughing-Gnome, $2.53 ,966367,,966367
"Bowie, David",The Laughing Gnome,"7"" Vinyl",N/A,Deram,DM 123,1973,EU,Stock Copy - standard version,No,https://www.discogs.com/release/966367-David-Bowie-The-Laughing-Gnome, $2.53 ,966367,,966367
"Bowie, David",The Laughing Gnome,"7"" Vinyl",N/A,Deram,DM 123,1973,EU,Push-out center intact,No,https://www.discogs.com/release/966367-David-Bowie-The-Laughing-Gnome, $2.53 ,966367,,966367
"Bowie, David",The Laughing Gnome,"7"" Vinyl",N/A,Decca,F 13924,1981,EU,Solid Centre,No,https://www.discogs.com/release/1640859-David-Bowie-The-Laughing-Gnome, $5.06 ,1640859,,1640859
"Bowie, David",The Laughing Gnome,"7"" Vinyl",No,Decca,DL 25 600,1973,Germany,,No,https://www.discogs.com/release/3608423-David-Bowie-The-Laughing-Gnome-Silly-Boy-Blue, $9.27 ,3608423,,3608423
"Bowie, David",The Laughing Gnome,"7"" Vinyl",Yes,Decca,DL 25 600,1973,Germany,,No,https://www.discogs.com/release/3608423-David-Bowie-The-Laughing-Gnome-Silly-Boy-Blue, $9.27 ,3608423,,3608423
"Bowie, David",The Laughing Gnome,"7"" Vinyl",N/A,Deram,DM 123,1980,Spain,Plastic Injection Mold / Embossed Text,No,https://www.discogs.com/release/8370935-David-Bowie-The-Laughing-Gnome, $13.92 ,8370935,,8370935
"Bowie, David",The Laughing Gnome,"7"" Vinyl",N/A,Deram,DM.123,1973,UK,,No,https://www.discogs.com/release/2293342-David-Bowie-The-Laughing-Gnome, $15.47 ,2293342,,2293342
"Bowie, David",The Laughing Gnome,"7"" Vinyl",N/A,Deram,DMA-10351,1973,UK,Stock Copy,No,https://www.discogs.com/release/4924470-David-Bowie-The-Laughing-Gnome, $15.92 ,4924470,,4924470
"Bowie, David",The Laughing Gnome,"7"" Vinyl",N/A,London Records,45-20079,1973,UK,Promo - Varient 1,No,https://www.discogs.com/release/10219533-David-Bowie-The-Laughing-Gnome, $17.00 ,10219533,,10219533
"Bowie, David",The Laughing Gnome,"7"" Vinyl",N/A,London Records,45-20079,1973,UK,Promo - Varient 1,No,https://www.discogs.com/release/10219533-David-Bowie-The-Laughing-Gnome, $17.00 ,10219533,,10219533
"Bowie, David",The Laughing Gnome,"7"" Vinyl",N/A,London Records,LON 20079,1973,UK,Promo - Varient 2,No,https://www.discogs.com/release/5994356-David-Bowie-The-Laughing-Gnome, $27.23 ,5994356,,5994356
"Bowie, David",The Laughing Gnome,"7"" Vinyl",N/A,Deram,DM 123,1967,USA,Stock Copy - Inverted Label Matrix,No,https://www.discogs.com/release/2559209-David-Bowie-The-Laughing-Gnome, $64.15 ,2559209,,2559209
"Bowie, David",The Laughing Gnome,"7"" Vinyl",N/A,Deram,DM 123,1967,USA,Promo - push-out center gone,No,https://www.discogs.com/release/4959857-David-Bowie-The-Laughing-Gnome, $310.13 ,4959857,,4959857
"Bowie, David",The Laughing Gnome,"7"" Vinyl",Yes,Deram,DM 123,1973,USA,Stock Copy,No,https://www.discogs.com/release/2788106-David-Bowie-The-Laughing-Gnome, $33.68 ,2788106,,2788106
"Bowie, David",The Laughing Gnome,"7"" Vinyl",Yes,Deram,6101 019,1973,USA,,No,https://www.discogs.com/release/1490949-David-Bowie-The-Laughing-Gnome, $42.05 ,1490949,,1490949
"Bowie, David",The Laughing Gnome,"7"" Vinyl",N/A,London Records,45-20079-DJ,1973,USA,Promo - Monarch Pressing,No,https://www.discogs.com/release/5439343-David-Bowie-The-Laughing-Gnome, $42.11 ,5439343,,5439343
"Bowie, David",The Laughing Gnome,"7"" Vinyl",Yes,Deram,MO 1378,1973,USA,Stock Copy,No,https://www.discogs.com/release/3796534-David-Bowie-The-Laughing-Gnome-Rubber-Band, $55.26 ,3796534,,3796534
"Bowie, David",The Laughing Gnome,"7"" Vinyl",Yes,Deram,MO 1378,1973,USA,Stock Copy,No,https://www.discogs.com/release/3796534-David-Bowie-The-Laughing-Gnome-Rubber-Band, $55.26 ,3796534,,3796534
"Bowie, David",The Laughing Gnome,"7"" Vinyl",Yes,Deram,DM 123,1973,USA,,No,https://www.discogs.com/release/1767742-David-Bowie-The-Laughing-Gnome, $62.11 ,1767742,,1767742
"Bowie, David",The Laughing Gnome,"7"" Vinyl",Yes,Deram,85.003,1973,USA,,No,https://www.discogs.com/release/6398303-David-Bowie-The-Laughing-Gnome, $73.68 ,6398303,,6398303
"Bowie, David",The Laughing Gnome,"7"" Vinyl",N/A,Deram,DM (1) 123,1973,USA,Yellow mispressing label - push out center intact,No,https://www.discogs.com/release/13821600-David-Bowie-The-Laughing-Gnome, $78.95 ,13821600,,13821600
"Bowie, David",The Laughing Gnome,"7"" Vinyl",Yes,Deram,SDM 131 D,1973,USA,,No,https://www.discogs.com/release/5660713-David-Bowie-The-Laughing-Gnome, $78.95 ,5660713,,5660713
"Bowie, David",The Laughing Gnome,"7"" Vinyl",N/A,Deram,SMA 10351,1973,USA,Promo,No,https://www.discogs.com/release/6152763-David-Bowie-The-Laughing-Gnome, $222.93 ,6152763,,6152763
"Bowie, David",The Laughing Gnome,"7"" Vinyl",N/A,London Records,L 20079,1973,USA,Reissue,No,https://www.discogs.com/release/8841325-David-Bowie-The-Laughing-Gnome, $310.00 ,8841325,,8841325
"Bowie, David",The Laughing Gnome,"7"" Vinyl",Yes,Deram,SDM 131 D,1973,USA,,No,https://www.discogs.com/release/18135976-David-Bowie-The-Laughing-Gnome, $368.42 ,18135976,,18135976
"Bowie, David",The Laughing Gnome,"7"" Vinyl",N/A,London Records,LON 20079,1973,USA,Stock Copy,No,https://www.discogs.com/release/27573579-David-Bowie-The-Laughing-Gnome," $1,500.00 ",27573579,,27573579
"Bowie, David",The Little Box Of David Bowie,CD,Yes,The Broadcast Archive,BSCD6075,2018,UK,Box Set - unofficial release,Yes,https://www.discogs.com/release/11522939-David-Bowie-The-Little-Box-Of-David-Bowie, $20.00 ,11522939,,11522939
"Bowie, David",The London Boys,"7"" Vinyl",N/A,Decca,F 13579,1975,Japan,Stock Copy,No,https://www.discogs.com/release/1136279-David-Bowie-The-London-Boys-Love-You-Till-Tuesday, $10.50 ,1136279,,1136279
"Bowie, David",The London Boys,"7"" Vinyl",N/A,Decca,F 13579,1982,Japan,Reissue,No,https://www.discogs.com/release/4565077-David-Bowie-The-London-Boys, $10.11 ,4565077,,4565077
"Bowie, David",The London Boys,"7"" Vinyl",N/A,Decca,F 13579,1975,USA,Promo,No,https://www.discogs.com/release/7446324-David-Bowie-The-London-Boys-Love-You-Till-Tuesday, $57.96 ,7446324,,7446324
"Bowie, David",The London Boys,"7"" Vinyl",Yes,Decca,86.086,1975,USA,Stock Copy,No,https://www.discogs.com/release/3445857-David-Bowie-The-London-Boys, $110.52 ,3445857,,3445857
"Bowie, David",The London Boys,"7"" Vinyl",N/A,Decca,F 13579,1980,USA,Blue Plastic Moulded Label,No,https://www.discogs.com/release/16190290-David-Bowie-The-London-Boys-Love-You-Till-Tuesday, $75.95 ,16190290,,16190290
"Bowie, David",The Lost Sessions Vol.1,"12"" Vinyl",Yes,Parachute Recording Company,PARA284LP,2020,UK,Unofficial Release,Yes,https://www.discogs.com/release/14950464-David-Bowie-The-Lost-Sessions-Vol1, $30.00 ,14950464,,14950464
"Bowie, David",The Lost Sessions Vol.2,"12"" Vinyl",Yes,Parachute Recording Company,PARA284LPLTD,2020,UK,Unofficial Release - red vinyl,No,https://www.discogs.com/release/14953921-David-Bowie-The-Lost-Sessions-Vol1, $30.00 ,14953921,,14953921
"Bowie, David",The Man Who Sold The World,CD,Yes,Virgin,7243 521901 0 2,1999,France,The David Bowie Series,No,https://www.discogs.com/release/3334257-David-Bowie-The-Man-Who-Sold-The-World, $6.00 ,3334257,,3334257
"Bowie, David",The Man Who Sold The World,"12"" Vinyl",Yes,Simply Vinyl,SVLP  264,2001,Germany,Simply Vinyl Issue,No,https://www.discogs.com/release/1395760-David-Bowie-The-Man-Who-Sold-The-World, $7.94 ,1395760,,1395760
"Bowie, David",The Man Who Sold The World,CD,Yes,EMI,TOCP-70142,2007,Italy,With OBI - made in Japan,No,https://www.discogs.com/release/7038235-David-Bowie-The-Man-Who-Sold-The-World, $9.95 ,7038235,,7038235
"Bowie, David",The Man Who Sold The World,CD,Yes,EMI,TOCP-70142,2007,Italy,With OBI - made in Japan,No,https://www.discogs.com/release/7038235-David-Bowie-The-Man-Who-Sold-The-World, $9.95 ,7038235,,7038235
"Bowie, David",The Man Who Sold The World,CD,Yes,EMI,TOCP-70142,2007,Italy,With OBI - made in Japan,No,https://www.discogs.com/release/7038235-David-Bowie-The-Man-Who-Sold-The-World, $9.95 ,7038235,,7038235
"Bowie, David",The Man Who Sold The World,CD,Yes,Rykodisc,RCD 10132,1990,Netherlands,,No,https://www.discogs.com/release/4868803-David-Bowie-The-Man-Who-Sold-The-World, $11.34 ,4868803,,4868803
"Bowie, David",The Man Who Sold The World,CD,Yes,Rykodisc,RCD 10132,1990,Netherlands,,No,https://www.discogs.com/release/4868803-David-Bowie-The-Man-Who-Sold-The-World, $11.34 ,4868803,,4868803
"Bowie, David",The Man Who Sold The World,"12"" Vinyl",Yes,Mercury,SR 61325,1975,Turkey,Unofficial Release - Counterfeit Version,No,https://www.discogs.com/release/2833017-David-Bowie-The-Man-Who-Sold-The-World, $15.00 ,2833017,,2833017
"Bowie, David",The Man Who Sold The World,"12"" Vinyl",Yes,Mercury,SR 61325,1975,Turkey,Unofficial Release - Counterfeit Version,No,https://www.discogs.com/release/2833017-David-Bowie-The-Man-Who-Sold-The-World, $15.00 ,2833017,,2833017
"Bowie, David",The Man Who Sold The World,"12"" Vinyl",Yes,Mercury,SR 61325,1975,Turkey,Unofficial Release - Counterfeit Version,No,https://www.discogs.com/release/2833017-David-Bowie-The-Man-Who-Sold-The-World, $15.00 ,2833017,,2833017
"Bowie, David",The Man Who Sold The World,"12"" Vinyl",Yes,Mercury,SR 61325,1975,Turkey,Unofficial Release - Counterfeit Version,No,https://www.discogs.com/release/2833017-David-Bowie-The-Man-Who-Sold-The-World, $15.00 ,2833017,,2833017
"Bowie, David",The Man Who Sold The World,8-Track Cartridge,N/A,RCA Victor,P8S-2103,1972,UK,,No,https://www.discogs.com/release/3258146-David-Bowie-The-Man-Who-Sold-The-World, $18.75 ,3258146,,3258146
"Bowie, David",The Man Who Sold The World,"12"" Vinyl",Yes,RCA Victor,LSP-4816,1972,UK,Reissue - includes poster,No,https://www.discogs.com/release/446035-David-Bowie-The-Man-Who-Sold-The-World, $25.16 ,446035,,446035
"Bowie, David",The Man Who Sold The World,"12"" Vinyl",Yes,RCA Victor,LSP-4816,1972,UK,Reissue - includes poster,No,https://www.discogs.com/release/446035-David-Bowie-The-Man-Who-Sold-The-World, $25.16 ,446035,,446035
"Bowie, David",The Man Who Sold The World,"12"" Vinyl",Yes,RCA Victor,LSP-4816,1972,UK,Reissue - no poster,No,https://www.discogs.com/release/446035-David-Bowie-The-Man-Who-Sold-The-World, $25.16 ,446035,,446035
"Bowie, David",The Man Who Sold The World,"12"" Vinyl",Yes,RCA Victor,LSP-4816,1972,UK,Reissue - no poster,No,https://www.discogs.com/release/446035-David-Bowie-The-Man-Who-Sold-The-World, $25.16 ,446035,,446035
"Bowie, David",The Man Who Sold The World,"12"" Vinyl",Yes,RCA Victor,AYL1-4654,1980,UK,Reissue - Black Label,No,https://www.discogs.com/release/4827310-David-Bowie-The-Man-Who-Sold-The-World, $23.49 ,4827310,,4827310
"Bowie, David",The Man Who Sold The World,"12"" Vinyl",Yes,Mercury,6338 041,2015,UK,Unofficial Release - Red Vinyl,No,https://www.discogs.com/release/7333113-David-Bowie-The-Man-Who-Sold-The-World, $30.00 ,7333113,,7333113
"Bowie, David",The Man Who Sold The World,"12"" Vinyl",Yes,RCA Victor,LSP-4816,2015,UK,Unofficial Release - Cream Colored Vinyl,No,https://www.discogs.com/release/17153191-David-Bowie-The-Man-Who-Sold-The-World, $30.00 ,17153191,,17153191
"Bowie, David",The Man Who Sold The World,"12"" Vinyl",N/A,Parlophone,DBRSDP 2016,2016,UK,"Picture Disc - Record Store Day Limited Edition 5,000 Copies",No,https://www.discogs.com/release/8391747-David-Bowie-The-Man-Who-Sold-The-World, $19.47 ,8391747,,8391747
"Bowie, David",The Man Who Sold The World,"12"" Vinyl",N/A,Parlophone,DBRSDP 2016,2016,UK,"Picture Disc - Record Store Day Limited Edition 5,000 Copies",Yes,https://www.discogs.com/release/8391747-David-Bowie-The-Man-Who-Sold-The-World, $19.47 ,8391747,,8391747
"Bowie, David",The Man Who Sold The World,"12"" Vinyl",N/A,Parlophone,DBRSDP 2016,2016,UK,"Picture Disc - Record Store Day Limited Edition 5,000 Copies",Yes,https://www.discogs.com/release/8391747-David-Bowie-The-Man-Who-Sold-The-World, $19.47 ,8391747,,8391747
"Bowie, David",The Man Who Sold The World,"12"" Vinyl",N/A,Parlophone,DBRSDP 2016,2016,UK,"Picture Disc - Record Store Day Limited Edition 5,000 Copies",Yes,https://www.discogs.com/release/8391747-David-Bowie-The-Man-Who-Sold-The-World, $19.47 ,8391747,,8391747
"Bowie, David",The Man Who Sold The World,"12"" Vinyl",N/A,Parlophone,DBRSDP 2016,2016,UK,"Picture Disc - Record Store Day Limited Edition 5,000 Copies",No,https://www.discogs.com/release/8391747-David-Bowie-The-Man-Who-Sold-The-World, $19.47 ,8391747,,8391747
"Bowie, David",The Man Who Sold The World,"12"" Vinyl",N/A,Parlophone,DBRSDP 2016,2016,UK,"Picture Disc - Record Store Day Limited Edition 5,000 Copies",Yes,https://www.discogs.com/release/8391747-David-Bowie-The-Man-Who-Sold-The-World, $19.47 ,8391747,,8391747
"Bowie, David",The Man Who Sold The World,"12"" Vinyl",Yes,Parlophone,DBMANPD 1972,2021,UK,50th Anniversary Edition - Picture Disc,Yes,https://www.discogs.com/release/18904774-David-Bowie-The-Man-Who-Sold-The-World, $18.99 ,18904774,,18904774
"Bowie, David",The Man Who Sold The World,"12"" Vinyl",Yes,Mercury,SR 61325,1970,USA,Original Pressing - Philips Pressing,No,https://www.discogs.com/release/710468-David-Bowie-The-Man-Who-Sold-The-World, $102.11 ,710468,,710468
"Bowie, David",The Man Who Sold The World,"12"" Vinyl",Yes,Mercury,SR 61325,1970,USA,Original Pressing - Philips Pressing,No,https://www.discogs.com/release/710468-David-Bowie-The-Man-Who-Sold-The-World, $102.11 ,710468,,710468
"Bowie, David",The Man Who Sold The World,"12"" Vinyl",Yes,Mercury,6338041,1971,USA,"Dress Cover - ""Tony Visconti""",No,https://www.discogs.com/release/9126282-David-Bowie-The-Man-Who-Sold-The-World," $1,518.98 ",9126282,,9126282
"Bowie, David",The Man Who Sold The World,"12"" Vinyl",Yes,Mercury,6338 041D,1980,USA,Counterfeit,No,https://www.discogs.com/release/6888664-David-Bowie-The-Man-Who-Sold-The-World, $50.00 ,6888664,,6888664
"Bowie, David",The Man Who Sold The World,"12"" Vinyl",Yes,Ryko Analogue,RALP 0132-2,1990,USA,Clear Vinyl,No,https://www.discogs.com/release/710472-David-Bowie-The-Man-Who-Sold-The-World, $75.00 ,710472,,710472
"Bowie, David",The Man Who Sold The World,CD,Yes,Rykodisc,RCD 80132,1997,USA,24k Gold Disc,No,https://www.discogs.com/release/2536862-David-Bowie-The-Man-Who-Sold-The-World, $45.50 ,2536862,,2536862
"Bowie, David",The Next Day,CD,Yes,ISO Records / Columbia,88765 46192 2,2013,EU,Digipak,No,https://www.discogs.com/release/4357758-David-Bowie-The-Next-Day, $4.54 ,4357758,,4357758
"Bowie, David",The Next Day,"7"" Vinyl",N/A,Columbia,88883741287,2013,Japan,Picture Disc - Square Shaped Picture Disc,No,https://www.discogs.com/release/4654376-David-Bowie-The-Next-Day, $10.23 ,4654376,,4654376
"Bowie, David",The Next Day,"7"" Vinyl",N/A,Columbia,88883741287,2013,Japan,Picture Disc - Square Shaped Picture Disc,No,https://www.discogs.com/release/4654376-David-Bowie-The-Next-Day, $10.23 ,4654376,,4654376
"Bowie, David",The Next Day,"12"" Vinyl",Yes,Columbia / ISO Records,88765461861,2013,UK,"States with CD, however this copy does not include CD",No,https://www.discogs.com/release/4415837-David-Bowie-The-Next-Day, $25.24 ,4415837,,4415837
"Bowie, David",The Next Day,"12"" Vinyl & CD",Yes,Columbia / ISO Records,88765461861,2013,UK,With CD,No,https://www.discogs.com/release/4415837-David-Bowie-The-Next-Day, $25.24 ,4415837,,4415837
"Bowie, David",The Next Day,"12"" Vinyl & CD",Yes,ISO Records / Columbia / Sony Music,88765 461861,2013,USA,Paul Smith Red Vinyl - not autographed edition,Yes,https://www.discogs.com/release/4573442-David-Bowie-The-Next-Day, $307.89 ,4573442,,4573442
"Bowie, David",The Next Day,"12"" Vinyl",Yes,Sony / ISO Records / Columbia,SIJP 40~1,2017,USA,Yellow Vinyl,No,https://www.discogs.com/release/9654788-David-Bowie-The-Next-Day, $127.50 ,9654788,,9654788
"Bowie, David",The Next Day Extra,CD / DVD,Yes,ISO Records / Columbia / Sony Music,88883787812,2013,Spain,NTSC,No,https://www.discogs.com/release/5071079-David-Bowie-The-Next-Day-Extra, $14.38 ,5071079,,5071079
"Bowie, David",The Next Day Extra EP,"12"" Vinyl",Yes,Columbia/Legacy/ISO Records/Sony Music,19439978101,2022,UK,Record Store Day,Yes,https://www.discogs.com/release/25273003-David-Bowie-The-Next-Day-Extra-EP, $17.94 ,25273003,,25273003
"Bowie, David",The Next Day Extra EP,"12"" Vinyl",Yes,Columbia/Legacy/ISO Records/Sony Music,19439978101,2022,UK,Record Store Day,Yes,https://www.discogs.com/release/25273003-David-Bowie-The-Next-Day-Extra-EP, $17.94 ,25273003,,25273003
"Bowie, David",The Next Day Extra EP,"12"" Vinyl",Yes,Columbia/Legacy/ISO Records/Sony Music,19439978101,2022,UK,Record Store Day,No,https://www.discogs.com/release/25273003-David-Bowie-The-Next-Day-Extra-EP, $17.94 ,25273003,,25273003
"Bowie, David",The Platinum Collection,CD,Yes,Virgin / EMI,09463-31304-2-5,2005,New Zealand,Compilation,No,https://www.discogs.com/release/2431633-David-Bowie-The-Platinum-Collection, $12.21 ,2431633,,2431633
"Bowie, David",The Prettiest Star,"7"" Vinyl",N/A,Philips,60052 011,1970,USA,Jukebox Copy,No,https://www.discogs.com/release/8377731-David-Bowie-The-Prettiest-Star-Conversation-Piece-, $157.89 ,8377731,,8377731
"Bowie, David",The Prettiest Star,"7"" Vinyl",Yes,Mercury,6052 011,1970,USA,,No,https://www.discogs.com/release/4075168-David-Bowie-The-Prettiest-Star, $168.42 ,4075168,,4075168
"Bowie, David",The Prettiest Star,"7"" Vinyl",Yes,Mercury,60 52 011,1970,USA,,No,https://www.discogs.com/release/3649557-David-Bowie-The-Prettiest-Star-La-Más-Bonita-Estrella-Conversation-Piece-Fragmentos-De-Una-Conversa, $209.12 ,3649557,,3649557
"Bowie, David",The Prettiest Star,"7"" Vinyl",Yes,Mercury,6052 011,1970,USA,Punch out center missing,No,https://www.discogs.com/release/4857509-David-Bowie-The-Prettiest-Star-Conversation-Piece, $236.84 ,4857509,,4857509
"Bowie, David",The Prettiest Star,"7"" Vinyl",Yes,Mercury,6052 011,1970,USA,Punch out center intact,No,https://www.discogs.com/release/6631410-David-Bowie-The-Prettiest-Star-Conversation-Piece, $256.84 ,6631410,,6631410
"Bowie, David",The Prettiest Star,"7"" Vinyl",Yes,Mercury,6052 011,1970,USA,Punch out center missing,No,https://www.discogs.com/release/6631410-David-Bowie-The-Prettiest-Star-Conversation-Piece, $256.84 ,6631410,,6631410
"Bowie, David",The Prettiest Star,"7"" Vinyl",Yes,Philips,6052 011,1970,USA,Blue label with silver text,No,https://www.discogs.com/release/10680941-David-Bowie-The-Prettiest-Star, $347.77 ,10680941,,10680941
"Bowie, David",The Prettiest Star,"7"" Vinyl",N/A,Mercury,MF 1135,1970,USA,Stock Copy,No,https://www.discogs.com/release/6376262-David-Bowie-The-Prettiest-Star-, $382.91 ,6376262,,6376262
"Bowie, David",The Pretty Things Are Going To Hell,CD,Yes,Virgin,7243 8 96293 2 3,1999,Spain,Single,No,https://www.discogs.com/release/1978780-David-Bowie-The-Pretty-Things-Are-Going-To-Hell, $14.00 ,1978780,,1978780
"Bowie, David",The Pretty Things Are Going To Hell,CD,Yes,Virgin,7243 8 96293 2 3,1999,Spain,Single,No,https://www.discogs.com/release/1978780-David-Bowie-The-Pretty-Things-Are-Going-To-Hell, $14.00 ,1978780,,1978780
"Bowie, David",The Record Mirror Flexi Disc,"7"" Vinyl",N/A,Record Mirror,YN 2929,1974,EU,Flexidisc,No,https://www.discogs.com/release/1714272-Bowie-The-Record-Mirror-Flexi-Disc, $3.78 ,1714272,,1714272
"Bowie, David",The Rise And Fall Of Ziggy Stardust And The Spiders From Mars,CD,Yes,EMI,CDP 79 4400 0,1990,EU,Deluxe Edition,No,https://www.discogs.com/release/372932-David-Bowie-The-Rise-And-Fall-Of-Ziggy-Stardust-And-The-Spiders-From-Mars, $5.14 ,372932,,372932
"Bowie, David",The Rise And Fall Of Ziggy Stardust And The Spiders From Mars,CD,Yes,Rykodisc,RCD 10134,1990,EU,,No,https://www.discogs.com/release/660935-David-Bowie-The-Rise-And-Fall-Of-Ziggy-Stardust-And-The-Spiders-From-Mars, $5.34 ,660935,,660935
"Bowie, David",The Rise And Fall Of Ziggy Stardust And The Spiders From Mars,CD,Yes,Rykodisc,RCD 10134,1990,EU,,No,https://www.discogs.com/release/660935-David-Bowie-The-Rise-And-Fall-Of-Ziggy-Stardust-And-The-Spiders-From-Mars, $5.34 ,660935,,660935
"Bowie, David",The Rise And Fall Of Ziggy Stardust And The Spiders From Mars,CD,Yes,Rykodisc,RCD 10134,1990,EU,,No,https://www.discogs.com/release/660935-David-Bowie-The-Rise-And-Fall-Of-Ziggy-Stardust-And-The-Spiders-From-Mars, $5.34 ,660935,,660935
"Bowie, David",The Rise And Fall Of Ziggy Stardust And The Spiders From Mars,CD,Yes,Rykodisc,RCD 10134,1990,EU,Club Edition,No,https://www.discogs.com/release/660935-David-Bowie-The-Rise-And-Fall-Of-Ziggy-Stardust-And-The-Spiders-From-Mars, $5.34 ,660935,,660935
"Bowie, David",The Rise And Fall Of Ziggy Stardust And The Spiders From Mars,CD,Yes,Virgin,7243 521900 0 3,1999,EU,The David Bowie Series,No,https://www.discogs.com/release/378638-David-Bowie-The-Rise-And-Fall-Of-Ziggy-Stardust-And-The-Spiders-From-Mars, $5.00 ,378638,,378638
"Bowie, David",The Rise And Fall Of Ziggy Stardust And The Spiders From Mars,Cassette,Yes,RCA,AYK1-3843,1983,Italy,,No,https://www.discogs.com/release/3482236-David-Bowie-The-Rise-And-Fall-Of-Ziggy-Stardust-And-The-Spiders-From-Mars, $10.00 ,3482236,,3482236
"Bowie, David",The Rise And Fall Of Ziggy Stardust And The Spiders From Mars,CD,Yes,Virgin / EMI,72435 39826 2,2002,South Africa,30th Anniversary Edition,No,https://www.discogs.com/release/3820452-David-Bowie-The-Rise-And-Fall-Of-Ziggy-Stardust-And-The-Spiders-From-Mars, $13.75 ,3820452,,3820452
"Bowie, David",The Rise And Fall Of Ziggy Stardust And The Spiders From Mars,CD,Yes,Rykodisc,RCD 10134,1990,Spain,Limited Edition,No,https://www.discogs.com/release/1119108-David-Bowie-The-Rise-And-Fall-Of-Ziggy-Stardust-And-The-Spiders-From-Mars, $14.61 ,1119108,,1119108
"Bowie, David",The Rise And Fall Of Ziggy Stardust And The Spiders From Mars,8-Track Cartridge,N/A,RCA Victor,P8S-1932,1972,UK,,No,https://www.discogs.com/release/2287105-David-Bowie-The-Rise-And-Fall-Of-Ziggy-Stardust-And-The-Spiders-From-Mars, $15.50 ,2287105,,2287105
"Bowie, David",The Rise And Fall Of Ziggy Stardust And The Spiders From Mars,8-Track Cartridge,N/A,RCA Victor,P8S-1932,1972,UK,,No,https://www.discogs.com/release/2287105-David-Bowie-The-Rise-And-Fall-Of-Ziggy-Stardust-And-The-Spiders-From-Mars, $15.50 ,2287105,,2287105
"Bowie, David",The Rise And Fall Of Ziggy Stardust And The Spiders From Mars,8-Track Cartridge,N/A,RCA Victor,P8S-1932,1972,UK,,No,https://www.discogs.com/release/2287105-David-Bowie-The-Rise-And-Fall-Of-Ziggy-Stardust-And-The-Spiders-From-Mars, $15.50 ,2287105,,2287105
"Bowie, David",The Rise And Fall Of Ziggy Stardust And The Spiders From Mars,8-Track Cartridge,N/A,RCA Victor,P8S-1932,1972,UK,,No,https://www.discogs.com/release/2287105-David-Bowie-The-Rise-And-Fall-Of-Ziggy-Stardust-And-The-Spiders-From-Mars, $15.50 ,2287105,,2287105
"Bowie, David",The Rise And Fall Of Ziggy Stardust And The Spiders From Mars,"12"" Vinyl",Yes,RCA Victor,LSP-4702,1972,UK,Indianapolis Pressing - Original Pressing,No,https://www.discogs.com/release/8039703-David-Bowie-The-Rise-And-Fall-Of-Ziggy-Stardust-And-The-Spiders-From-Mars, $26.17 ,8039703,,8039703
"Bowie, David",The Rise And Fall Of Ziggy Stardust And The Spiders From Mars,"12"" Vinyl",Yes,RCA Victor,LSP-4702,1972,UK,Indianapolis Pressing - Original Pressing,No,https://www.discogs.com/release/8039703-David-Bowie-The-Rise-And-Fall-Of-Ziggy-Stardust-And-The-Spiders-From-Mars, $26.17 ,8039703,,8039703
"Bowie, David",The Rise And Fall Of Ziggy Stardust And The Spiders From Mars,"12"" Vinyl",Yes,RCA Victor,LSP-4702,1972,UK,Indianapolis Pressing - Original Pressing,No,https://www.discogs.com/release/8039703-David-Bowie-The-Rise-And-Fall-Of-Ziggy-Stardust-And-The-Spiders-From-Mars, $26.17 ,8039703,,8039703
"Bowie, David",The Rise And Fall Of Ziggy Stardust And The Spiders From Mars,"12"" Vinyl",Yes,RCA Victor,LSP 4702,1972,UK,Stamped Matrix,No,https://www.discogs.com/release/13655190-David-Bowie-The-Rise-And-Fall-Of-Ziggy-Stardust-And-The-Spiders-From-Mars, $27.49 ,13655190,,13655190
"Bowie, David",The Rise And Fall Of Ziggy Stardust And The Spiders From Mars,"12"" Vinyl",Yes,RCA Victor,LSP 4702,1972,UK,Shrink Wrap,No,https://www.discogs.com/release/13655190-David-Bowie-The-Rise-And-Fall-Of-Ziggy-Stardust-And-The-Spiders-From-Mars, $27.49 ,13655190,,13655190
"Bowie, David",The Rise And Fall Of Ziggy Stardust And The Spiders From Mars,"12"" Vinyl",Yes,RCA Victor,LSP 4702,1972,UK,Original Pressing,No,https://www.discogs.com/release/13655190-David-Bowie-The-Rise-And-Fall-Of-Ziggy-Stardust-And-The-Spiders-From-Mars, $27.49 ,13655190,,13655190
"Bowie, David",The Rise And Fall Of Ziggy Stardust And The Spiders From Mars,"12"" Vinyl",Yes,RCA Victor,LSP-4702,1976,UK,Indianapolis Pressing - Black Label Reissue,No,https://www.discogs.com/release/14461764-David-Bowie-The-Rise-And-Fall-Of-Ziggy-Stardust-And-The-Spiders-From-Mars, $20.53 ,14461764,,14461764
"Bowie, David",The Rise And Fall Of Ziggy Stardust And The Spiders From Mars,"12"" Vinyl",Yes,RCA Victor,LSP-4702,1976,UK,Indianapolis Pressing - Tan Label Reissue,No,https://www.discogs.com/release/13823628-David-Bowie-The-Rise-And-Fall-of-Ziggy-Stardust-And-The-Spiders-From-Mars, $24.99 ,13823628,,13823628
"Bowie, David",The Rise And Fall Of Ziggy Stardust And The Spiders From Mars,"12"" Vinyl",Yes,RCA Victor,LSP-4702,1976,UK,Indianapolis Pressing - Tan Label Reissue,No,https://www.discogs.com/release/13823628-David-Bowie-The-Rise-And-Fall-of-Ziggy-Stardust-And-The-Spiders-From-Mars, $24.99 ,13823628,,13823628
"Bowie, David",The Rise And Fall Of Ziggy Stardust And The Spiders From Mars,"12"" Vinyl",Yes,RCA Victor,AYL1-3843,1980,UK,Reissue,No,https://www.discogs.com/release/1139519-David-Bowie-The-Rise-And-Fall-Of-Ziggy-Stardust-And-The-Spiders-From-Mars, $20.00 ,1139519,,1139519
"Bowie, David",The Rise And Fall Of Ziggy Stardust And The Spiders From Mars,"12"" Vinyl",Yes,RCA Victor,AYL1-3843,1980,UK,Reissue,No,https://www.discogs.com/release/1139519-David-Bowie-The-Rise-And-Fall-Of-Ziggy-Stardust-And-The-Spiders-From-Mars, $20.00 ,1139519,,1139519
"Bowie, David",The Rise And Fall Of Ziggy Stardust And The Spiders From Mars,Cassette,Yes,Ryko Analogue,RACS 0134-2,1990,UK,,Yes,https://www.discogs.com/release/1373078-David-Bowie-The-Rise-And-Fall-Of-Ziggy-Stardust-And-The-Spiders-From-Mars, $17.50 ,1373078,,1373078
"Bowie, David",The Rise And Fall Of Ziggy Stardust And The Spiders From Mars,CD,Yes,EMI,TOCP-70144,2007,UK,With OBI - made in Japan,No,https://www.discogs.com/release/7045138-David-Bowie-The-Rise-And-Fall-Of-Ziggy-Stardust-And-The-Spiders-From-Mars, $17.48 ,7045138,,7045138
"Bowie, David",The Rise And Fall Of Ziggy Stardust And The Spiders From Mars,CD,Yes,Virgin,DBZS 40,2012,UK,40th Anniversary Edition,No,https://www.discogs.com/release/5802836-David-Bowie-The-Rise-And-Fall-Of-Ziggy-Stardust-And-The-Spiders-From-Mars, $15.38 ,5802836,,5802836
"Bowie, David",The Rise And Fall Of Ziggy Stardust And The Spiders From Mars,"12"" Vinyl",Yes,Parlophone,DBZS 50,2022,UK,50th Anniversary Edition - Half-Speed Master,No,https://www.discogs.com/release/23595266-David-Bowie-The-Rise-And-Fall-Of-Ziggy-Stardust-And-The-Spiders-From-Mars, $22.97 ,23595266,,23595266
"Bowie, David",The Rise And Fall Of Ziggy Stardust And The Spiders From Mars,"12"" Vinyl",Yes,Parlophone,DBZS 50,2022,UK,50th Anniversary Edition - Half-Speed Master,Yes,https://www.discogs.com/release/23595266-David-Bowie-The-Rise-And-Fall-Of-Ziggy-Stardust-And-The-Spiders-From-Mars, $22.97 ,23595266,,23595266
"Bowie, David",The Rise And Fall Of Ziggy Stardust And The Spiders From Mars,"12"" Vinyl",Yes,Parlophone,DBZSPD 2022,2022,UK,Picture Disc,Yes,https://www.discogs.com/release/23595440-David-Bowie-The-Rise-And-Fall-Of-Ziggy-Stardust-And-The-Spiders-From-Mars, $25.28 ,23595440,,23595440
"Bowie, David",The Rise And Fall Of Ziggy Stardust And The Spiders From Mars,"12"" Vinyl",Yes,Parlophone,DBZSPD 2022,2022,UK,Picture Disc,Yes,https://www.discogs.com/release/23595440-David-Bowie-The-Rise-And-Fall-Of-Ziggy-Stardust-And-The-Spiders-From-Mars, $25.28 ,23595440,,23595440
"Bowie, David",The Rise And Fall Of Ziggy Stardust And The Spiders From Mars,Blu-Ray,Yes,Parlophone,DBZSBRA 50,2024,UK,Multichannel,Yes,https://www.discogs.com/release/31670399-David-Bowie-The-Rise-And-Fall-Of-Ziggy-Stardust-And-The-Spiders-From-Mars, $21.07 ,31670399,,31670399
"Bowie, David",The Rise And Fall Of Ziggy Stardust And The Spiders From Mars,"12"" Vinyl",Yes,RCA,RVP-6127,1976,USA,Reissue,No,https://www.discogs.com/release/3875883-David-Bowie-The-Rise-And-Fall-Of-Ziggy-Stardust-And-The-Spiders-From-Mars, $71.00 ,3875883,,3875883
"Bowie, David",The Rise And Fall Of Ziggy Stardust And The Spiders From Mars,"12"" Vinyl",Yes,Mobile Fidelity Sound Lab,MFSL 1-064,1981,USA,Limited Edition,No,https://www.discogs.com/release/1081924-David-Bowie-The-Rise-And-Fall-Of-Ziggy-Stardust-And-The-Spiders-From-Mars, $159.62 ,1081924,,1081924
"Bowie, David",The Rise And Fall Of Ziggy Stardust And The Spiders From Mars,"12"" Vinyl",Yes,Mobile Fidelity Sound Lab,MFSL 1-064,1981,USA,Limited Edition,No,https://www.discogs.com/release/1081924-David-Bowie-The-Rise-And-Fall-Of-Ziggy-Stardust-And-The-Spiders-From-Mars, $159.62 ,1081924,,1081924
"Bowie, David",The Rise And Fall Of Ziggy Stardust And The Spiders From Mars,"12"" Vinyl",Yes,RCA,RPL-2102,1982,USA,Reissue,No,https://www.discogs.com/release/1951176-David-Bowie-デビッドボウイー-The-Rise-And-Fall-Of-Ziggy-Stardust-And-The-Spiders-From-Mars-, $70.00 ,1951176,,1951176
"Bowie, David",The Rise And Fall Of Ziggy Stardust And The Spiders From Mars,CD,Yes,RCA Victor,PCD1-4702,1984,USA,Red Spine,No,https://www.discogs.com/release/1557164-David-Bowie-The-Rise-And-Fall-Of-Ziggy-Stardust-And-The-Spiders-From-Mars, $33.48 ,1557164,,1557164
"Bowie, David",The Rise And Fall Of Ziggy Stardust And The Spiders From Mars,CD,Yes,RCA Victor,PCD1-4702,1984,USA,Red Spine,No,https://www.discogs.com/release/1557164-David-Bowie-The-Rise-And-Fall-Of-Ziggy-Stardust-And-The-Spiders-From-Mars, $33.48 ,1557164,,1557164
"Bowie, David",The Rise And Fall Of Ziggy Stardust And The Spiders From Mars,"12"" Vinyl",Yes,RCA,BOPIC 3,1984,USA,Picture Disc - #6755,No,https://www.discogs.com/release/1115186-David-Bowie-The-Rise-And-Fall-Of-Ziggy-Stardust-And-The-Spiders-From-Mars, $56.00 ,1115186,,1115186
"Bowie, David",The Rise And Fall Of Ziggy Stardust And The Spiders From Mars,"12"" Vinyl & CD",Yes,Ryko Analogue,RALP 0134-2,1990,USA,Promo Press Kit with Black Vinyl and CD,No,https://www.discogs.com/release/4695074-David-Bowie-The-Rise-And-Fall-Of-Ziggy-Stardust-And-The-Spiders-From-Mars, $60.00 ,4695074,,4695074
"Bowie, David",The Rise And Fall Of Ziggy Stardust And The Spiders From Mars,"12"" Vinyl",Yes,Ryko Analogue,RALP 0134-2,1990,USA,Clear Vinyl,Yes,https://www.discogs.com/release/797347-David-Bowie-The-Rise-And-Fall-Of-Ziggy-Stardust-And-The-Spiders-From-Mars, $118.92 ,797347,,797347
"Bowie, David",The Rise And Fall Of Ziggy Stardust And The Spiders From Mars,"12"" Vinyl",Yes,Ryko Analogue,RALP 0134-2,1990,USA,Clear Vinyl,No,https://www.discogs.com/release/797347-David-Bowie-The-Rise-And-Fall-Of-Ziggy-Stardust-And-The-Spiders-From-Mars, $118.92 ,797347,,797347
"Bowie, David",The Rise And Fall Of Ziggy Stardust And The Spiders From Mars,CD,Yes,Rykodisc,RCD 80134,1996,USA,24k Gold Disc,No,https://www.discogs.com/release/2570317-David-Bowie-The-Rise-And-Fall-Of-Ziggy-Stardust-And-The-Spiders-From-Mars, $38.78 ,2570317,,2570317
"Bowie, David",The Rise And Fall Of Ziggy Stardust And The Spiders From Mars,CD,Yes,Rykodisc,RCD 80134,1996,USA,24k Gold Disc,No,https://www.discogs.com/release/2570317-David-Bowie-The-Rise-And-Fall-Of-Ziggy-Stardust-And-The-Spiders-From-Mars, $38.78 ,2570317,,2570317
"Bowie, David",The Rise And Fall Of Ziggy Stardust And The Spiders From Mars,"12"" Vinyl",Yes,Simply Vinyl,SVLP 275,2001,USA,Simply Vinyl Issue,No,https://www.discogs.com/release/2468279-David-Bowie-The-Rise-And-Fall-Of-Ziggy-Stardust-And-The-Spiders-From-Mars, $49.95 ,2468279,,2468279
"Bowie, David",The Rise And Fall Of Ziggy Stardust And The Spiders From Mars,SACD,Yes,EMI,521 9002,2003,USA,Multichannel,No,https://www.discogs.com/release/1912786-David-Bowie-The-Rise-And-Fall-Of-Ziggy-Stardust-And-The-Spiders-From-Mars, $55.00 ,1912786,,1912786
"Bowie, David",The Rise And Fall Of Ziggy Stardust And The Spiders From Mars,"12"" Vinyl",Yes,EMI,DBZSX 40,2012,USA,40th Anniversary Vinyl,No,https://www.discogs.com/release/3642251-David-Bowie-The-Rise-And-Fall-Of-Ziggy-Stardust-And-The-Spiders-From-Mars, $80.50 ,3642251,,3642251
"Bowie, David",The Rise And Fall Of Ziggy Stardust And The Spiders From Mars,"12"" Vinyl",Yes,Parlophone,DB69734,2017,USA,45th Anniversary - Gold Vinyl,Yes,https://www.discogs.com/release/10436241-David-Bowie-The-Rise-And-Fall-Of-Ziggy-Stardust-And-The-Spiders-From-Mars, $50.63 ,10436241,,10436241
"Bowie, David",The Rise And Fall Of Ziggy Stardust And The Spiders From Mars,"12"" Vinyl",Yes,Parlophone,DB69734,2017,USA,45th Anniversary - Gold Vinyl,Yes,https://www.discogs.com/release/10436241-David-Bowie-The-Rise-And-Fall-Of-Ziggy-Stardust-And-The-Spiders-From-Mars, $50.63 ,10436241,,10436241
"Bowie, David",The Shape Of Things To Come,"7"" Vinyl",N/A,Reel-To-Reel Music Company,BOWIE02,2019,UK,Bootleg-Picture Disc,No,https://www.discogs.com/release/12985773-David-Bowie-The-Shape-Of-Things-To-Come, $25.00 ,12985773,,12985773
"Bowie, David",The Shape Of Things To Come Episode 2,"7"" Vinyl",N/A,Reel-To-Reel Music Company,BOWIE17,2020,UK,Unofficial Release - Picture Disc,No,https://www.discogs.com/release/14695450-David-Bowie-The-Shape-Of-Things-To-Come-Episode-2, $25.00 ,14695450,,14695450
"Bowie, David",The Shape Of Things To Come Episode 3,"7"" Vinyl",N/A,Reel-To-Reel Music Company,BOWIE24,2021,UK,Unofficial Release - Picture Disc,No,https://www.discogs.com/release/16910133-David-Bowie-The-Shape-Of-Things-To-Come-Episode-3, $25.00 ,16910133,,16910133
"Bowie, David",The Singles 1969 to 1993 (Featuring His Greatest Hits),CD,Yes,Rykodisc,RCD 10218/19,1993,Japan,Compilation,No,https://www.discogs.com/release/437665-Bowie-The-Singles-1969-To-1993-Featuring-His-Greatest-Hits, $10.78 ,437665,,437665
"Bowie, David",The Singles 1969 to 1993 (Featuring His Greatest Hits),CD,Yes,Rykodisc,RCD 10218/19,1993,Japan,Compilation,No,https://www.discogs.com/release/437665-Bowie-The-Singles-1969-To-1993-Featuring-His-Greatest-Hits, $10.78 ,437665,,437665
"Bowie, David",The Singles 1969 to 1993 (Featuring His Greatest Hits),CD,Yes,Rykodisc,RCD 10218/19,1993,Japan,Compilation,No,https://www.discogs.com/release/437665-Bowie-The-Singles-1969-To-1993-Featuring-His-Greatest-Hits, $10.78 ,437665,,437665
"Bowie, David",The Singles 1969 to 1993 (Featuring His Greatest Hits),Cassette,Yes,Ryko Analogue,RAC 10218/19,1993,UK,,Yes,https://www.discogs.com/release/8316371-Bowie-The-Singles-1969-To-1993-Featuring-His-Greatest-Hits, $15.00 ,8316371,,8316371
"Bowie, David",The Singles Collection,CD,Yes,EMI Belgium / EMI,7 24385 75242 1,1997,France,Compilation,No,https://www.discogs.com/release/2452084-David-Bowie-The-Singles-Collection, $6.57 ,2452084,,2452084
"Bowie, David",The Singles Collection,"12"" Vinyl",Yes,EMI,EMI1512,1993,USA,,No,https://www.discogs.com/release/3321234-Bowie-The-Singles-Collection, $84.20 ,3321234,,3321234
"Bowie, David",The Speed Of Life,"12"" Vinyl",Yes,Canyon Records,DB 6142,1979,USA,Unofficial Release - Yellow Paper Front Insert,No,https://www.discogs.com/release/8572703-David-Bowie-The-Speed-Of-Life, $60.00 ,8572703,,8572703
"Bowie, David",The Stars (Are Out Tonight),"7"" Vinyl",Yes,ISO Records / Columbia / Sony Music,88883704817,2013,Japan,White Vinyl - not RSD version,No,https://www.discogs.com/release/4463158-David-Bowie-The-Stars-Are-Out-Tonight, $10.06 ,4463158,,4463158
"Bowie, David",The Stars (Are Out Tonight),"7"" Vinyl",Yes,ISO Records / Columbia / Sony Music,88883704817,2013,Japan,White Vinyl - not RSD version,No,https://www.discogs.com/release/4463158-David-Bowie-The-Stars-Are-Out-Tonight, $10.06 ,4463158,,4463158
"Bowie, David",The Stars (Are Out Tonight),"7"" Vinyl",Yes,ISO Records / Columbia / Sony Music,88883704817,2013,Japan,White Vinyl - not RSD version,Yes,https://www.discogs.com/release/4463158-David-Bowie-The-Stars-Are-Out-Tonight, $10.06 ,4463158,,4463158
"Bowie, David",The Stars (Are Out Tonight),"7"" Vinyl",Yes,ISO Records / Columbia / Sony Music,88883704817,2013,Japan,White Vinyl - not RSD version,Yes,https://www.discogs.com/release/4463158-David-Bowie-The-Stars-Are-Out-Tonight, $10.06 ,4463158,,4463158
"Bowie, David",The Thin White Duke,"12"" Vinyl",Yes,Audifon Records,TWD1,1996,USA,Unofficial Release,Yes,https://www.discogs.com/release/3661430-David-Bowie-The-Thin-White-Duke, $75.00 ,3661430,,3661430
"Bowie, David",The Trident Tapes,"12"" Vinyl",Yes,None,TTLP-001,2015,USA,Unofficial Release,No,https://www.discogs.com/release/7584717-David-Bowie-The-Trident-Tapes, $40.00 ,7584717,,7584717
"Bowie, David",The Unofficial Wembley Wizard Box File,"12"" Vinyl",Yes,Moonbeam Records,None,1981,USA,Unofficial Release - Box Set,No,https://www.discogs.com/release/4851234-David-Bowie-The-Unofficial-Wembley-Wizard-Box-File, $200.00 ,4851234,,4851234
"Bowie, David",The Width Of A Circle,"7"" Vinyl",Yes,Major Tom,6052-203,1982,UK,Unofficial Release,No,https://www.discogs.com/release/977997-The-Hype-Width-Of-A-Circle, $30.00 ,977997,,977997
"Bowie, David",The Width Of A Circle,"10"" Vinyl",Yes,Parlophone,10WOAC50,2021,UK,A Vinyl Exclusive from Bowie Store,Yes,https://www.discogs.com/release/18887821-David-Bowie-The-Width-Of-A-Circle, $25.92 ,18887821,,18887821
"Bowie, David",The Width Of A Circle,"10"" Vinyl",Yes,Parlophone,10WOAC50,2021,UK,A Vinyl Exclusive from Bowie Store,No,https://www.discogs.com/release/18887821-David-Bowie-The-Width-Of-A-Circle, $25.92 ,18887821,,18887821
"Bowie, David",The World Of David Bowie,"12"" Vinyl",Yes,Decca,SPA 58,1973,France,Reissue - Stereo,No,https://www.discogs.com/release/7546751-David-Bowie-The-World-Of-David-Bowie/, $6.59 ,7546751,,7546751
"Bowie, David",The World Of David Bowie,"12"" Vinyl",Yes,Decca,SPA 58,1973,France,Reissue - Stereo,No,https://www.discogs.com/release/7546751-David-Bowie-The-World-Of-David-Bowie/, $6.59 ,7546751,,7546751
"Bowie, David",The World Of David Bowie,"12"" Vinyl",Yes,Decca,SPA 58,1970,UK,Original Pressing - Stereo Version,No,https://www.discogs.com/release/1803335-David-Bowie-The-World-Of-David-Bowie, $18.98 ,1803335,,1803335
"Bowie, David",The World Of David Bowie,"12"" Vinyl",Yes,Decca,SPA 58,1970,UK,Original Pressing - Stereo Version,No,https://www.discogs.com/release/1803335-David-Bowie-The-World-Of-David-Bowie, $18.98 ,1803335,,1803335
"Bowie, David",The World Of David Bowie,"12"" Vinyl",Yes,Decca,SPA 58,2019,UK,"Record Store Day - Blue Vinyl - Limited Edition of 3,500 Copies",Yes,https://www.discogs.com/release/13456992-David-Bowie-The-World-Of-David-Bowie, $15.48 ,13456992,,13456992
"Bowie, David",The World Of David Bowie,"12"" Vinyl",Yes,Decca,SPA 58,2019,UK,"Record Store Day - Blue Vinyl - Limited Edition of 3,500 Copies",Yes,https://www.discogs.com/release/13456992-David-Bowie-The-World-Of-David-Bowie, $15.48 ,13456992,,13456992
"Bowie, David",This Is Not America,"7"" Vinyl",No,EMI America,EA 190,1985,EU,Stock Copy - Push out center missing,No,https://www.discogs.com/release/8364777-David-Bowie-Pat-Metheny-Group-This-Is-Not-America, $1.23 ,8364777,,8364777
"Bowie, David",This Is Not America,"7"" Vinyl",Yes,EMI America,B-8251,1985,EU,Stock Copy,No,https://www.discogs.com/release/1759608-David-Bowie-Pat-Metheny-Group-This-Is-Not-America, $2.97 ,1759608,,1759608
"Bowie, David",This Is Not America,"12"" Vinyl",Yes,EMI America,12EA 190,1985,EU,Stock Copy,No,https://www.discogs.com/release/196707-David-Bowie-Pat-Metheny-Group-This-Is-Not-America-Theme-From-The-Original-Motion-PictureFalcon-And-T, $5.04 ,196707,,196707
"Bowie, David",This Is Not America,"12"" Vinyl",Yes,EMI America,12EA 190,1985,EU,Stock Copy,No,https://www.discogs.com/release/196707-David-Bowie-Pat-Metheny-Group-This-Is-Not-America-Theme-From-The-Original-Motion-PictureFalcon-And-T, $5.04 ,196707,,196707
"Bowie, David",This Is Not America,"7"" Vinyl",Yes,EMI America,31C 006 200482,1985,Germany,Stock Copy,No,https://www.discogs.com/release/5864794-David-Bowie-Pat-Metheny-Group-This-Is-Not-America-Theme-From-The-Original-Motion-PictureFalcon-And-T, $7.92 ,5864794,,5864794
"Bowie, David",This Is Not America,"7"" Vinyl",Yes,EMI America,AMIJ 548,1985,Netherlands,,No,https://www.discogs.com/release/8207615-David-Bowie-Pat-Metheny-Group-This-Is-Not-America, $12.00 ,8207615,,8207615
"Bowie, David",Thursday's Child,CD,Yes,Virgin,7243 8 96265 2 0,1999,EU,Single,No,https://www.discogs.com/release/1062557-David-Bowie-Thursdays-Child, $3.77 ,1062557,,1062557
"Bowie, David",Thursday's Child,CD,Yes,Virgin,DPRO-14911,1999,EU,Promo,No,https://www.discogs.com/release/2723122-David-Bowie-Thursdays-Child, $3.98 ,2723122,,2723122
"Bowie, David",Thursday's Child,CD,Yes,Virgin,7243 8 96266 0 5,1999,EU,Single,No,https://www.discogs.com/release/814231-David-Bowie-Thursdays-Child, $5.25 ,814231,,814231
"Bowie, David",Time,"7"" Vinyl",N/A,RCA,APBO-0001,1973,UK,Promo ,No,https://www.discogs.com/release/5758501-David-Bowie-Time, $16.99 ,5758501,,5758501
"Bowie, David",Time,"7"" Vinyl",Yes,RCA Victor,41.118,1973,UK,Stock Copy,No,https://www.discogs.com/release/3182369-David-Bowie-Time-The-Prettiest-Star, $28.82 ,3182369,,3182369
"Bowie, David",Time,"7"" Vinyl",N/A,RCA Victor,APB0-0001,1973,USA,Stock Copy - CBC sticker on label,No,https://www.discogs.com/release/10563701-David-Bowie-Time, $31.65 ,10563701,,10563701
"Bowie, David",Time,"7"" Vinyl",N/A,RCA Victor,42-456,1973,USA,,No,https://www.discogs.com/release/6920233-David-Bowie-Time, $175.00 ,6920233,,6920233
"Bowie, David",Time,"7"" Vinyl",Yes,RCA,SS-2299,1973,USA,Stock Copy,No,https://www.discogs.com/release/6874825-デビッドボウイー-タイム時間-Time, $209.47 ,6874825,,6874825
"Bowie, David",Time,"7"" Vinyl",Yes,RCA Victor,ESP-540,1975,USA,Promo,No,https://www.discogs.com/release/5293479-David-Bowie-Time-The-Prettiest-Star, $171.05 ,5293479,,5293479
"Bowie, David",Time,"7"" Vinyl",Yes,Parlophone,DBISNY 20182,2018,USA,Silver Vinyl,Yes,https://www.discogs.com/release/11645493-David-Bowie-Time-bw-The-Prettiest-Star, $34.50 ,11645493,,11645493
"Bowie, David",Time,"7"" Vinyl",Yes,Parlophone,DBISNY 20182,2018,USA,Silver Vinyl,Yes,https://www.discogs.com/release/11645493-David-Bowie-Time-bw-The-Prettiest-Star, $34.50 ,11645493,,11645493
"Bowie, David",Time,"7"" Vinyl",Yes,Parlophone,DBISNY 20182,2018,USA,Silver Vinyl,Yes,https://www.discogs.com/release/11645493-David-Bowie-Time-bw-The-Prettiest-Star, $34.50 ,11645493,,11645493
"Bowie, David",Time,"7"" Vinyl",Yes,Parlophone,DBISNY 20182,2018,USA,Silver Vinyl,Yes,https://www.discogs.com/release/11645493-David-Bowie-Time-bw-The-Prettiest-Star, $34.50 ,11645493,,11645493
"Bowie, David",Time,"7"" Vinyl",Yes,ACR Victor,PB-10321,2019,USA,Unofficial Release - Green Vinyl,No,https://www.discogs.com/release/16278760-David-Bowie-Time-Grabado-En-Vivo, $40.00 ,16278760,,16278760
"Bowie, David",Time Will Crawl,"7"" Vinyl",Yes,EMI America,B-43020,1987,EU,Stock Copy,No,https://www.discogs.com/release/2675727-David-Bowie-Time-Will-Crawl, $2.92 ,2675727,,2675727
"Bowie, David",Time Will Crawl,"7"" Vinyl",Yes,EMI America,EYS-17712,1987,UK,Former rental copy,No,https://www.discogs.com/release/3113361-David-Bowie-Time-Will-Crawl, $24.04 ,3113361,,3113361
"Bowie, David",Time Will Crawl (Dance Crew Mix),"12"" Vinyl",Yes,EMI America,12EAX 237,1987,UK,Stock Copy,No,https://www.discogs.com/release/947327-David-Bowie-Time-Will-Crawl-Dance-Crew-Mix, $17.36 ,947327,,947327
"Bowie, David",Time Will Crawl (Extended Dance Mix),"12"" Vinyl",Yes,EMI America,V-19247,1987,EU,Stock Copy,No,https://www.discogs.com/release/947322-David-Bowie-Time-Will-Crawl-Extended-Dance-Mix, $3.85 ,947322,,947322
"Bowie, David",Time Will Crawl (Extended Dance Mix),"12"" Vinyl",Yes,EMI America,12EA 237,1987,EU,Stock Copy,No,https://www.discogs.com/release/370901-David-Bowie-Time-Will-Crawl-Extended-Dance-Mix, $5.34 ,370901,,370901
"Bowie, David",Time Will Crawl (Extended Dance Mix),"12"" Vinyl",Yes,EMI America,1C K 060-20 1883,1987,Germany,Stock Copy,No,https://www.discogs.com/release/947320-David-Bowie-Time-Will-Crawl-Extended-Dance-Mix, $7.92 ,947320,,947320
"Bowie, David",Tonight,"7"" Vinyl",Yes,EMI America,B-8246,1984,EU,Poster Sleeve,No,https://www.discogs.com/release/848759-David-Bowie-Tonight, $2.00 ,848759,,848759
"Bowie, David",Tonight,"7"" Vinyl",Yes,EMI America,B-8246,1984,EU,Poster Sleeve,No,https://www.discogs.com/release/848759-David-Bowie-Tonight, $2.00 ,848759,,848759
"Bowie, David",Tonight,"7"" Vinyl",Yes,EMI America,B-8246,1984,EU,Poster Sleeve,No,https://www.discogs.com/release/848759-David-Bowie-Tonight, $2.00 ,848759,,848759
"Bowie, David",Tonight,Cassette,Yes,EMI America,C144418,1984,EU,,No,https://www.discogs.com/release/6566929-David-Bowie-Tonight, $3.00 ,6566929,,6566929
"Bowie, David",Tonight,Cassette,Yes,EMI America,4XJ-17138,1984,EU,Dolby HX Pro,No,https://www.discogs.com/release/1953939-David-Bowie-Tonight, $3.22 ,1953939,,1953939
"Bowie, David",Tonight,Cassette,Yes,EMI America,4XJ-17138,1984,EU,Dolby HX Pro,No,https://www.discogs.com/release/1953939-David-Bowie-Tonight, $3.22 ,1953939,,1953939
"Bowie, David",Tonight,Cassette,Yes,EMI America,4XJ-17138,1984,EU,Dolby HX Pro,No,https://www.discogs.com/release/1953939-David-Bowie-Tonight, $3.22 ,1953939,,1953939
"Bowie, David",Tonight,Cassette,Yes,EMI America,4XJ-17138,1984,EU,Dolby HX Pro,No,https://www.discogs.com/release/1953939-David-Bowie-Tonight, $3.22 ,1953939,,1953939
"Bowie, David",Tonight,Cassette,Yes,EMI America,4XJ 517138,1984,EU,,No,https://www.discogs.com/release/6580922-David-Bowie-Tonight, $3.99 ,6580922,,6580922
"Bowie, David",Tonight,Cassette,Yes,EMI America,4XJ 517138,1984,EU,,No,https://www.discogs.com/release/6580922-David-Bowie-Tonight, $3.99 ,6580922,,6580922
"Bowie, David",Tonight,Cassette,Yes,EMI America,4XJ 517138,1984,EU,,No,https://www.discogs.com/release/6580922-David-Bowie-Tonight, $3.99 ,6580922,,6580922
"Bowie, David",Tonight,"12"" Vinyl",Yes,EMI America,V-7846-1/2,1984,EU,Stock Copy,No,https://www.discogs.com/release/1382160-David-Bowie-Tonight, $4.17 ,1382160,,1382160
"Bowie, David",Tonight,"12"" Vinyl",Yes,EMI America,V-7846-1/2,1984,EU,Stock Copy,No,https://www.discogs.com/release/1382160-David-Bowie-Tonight, $4.17 ,1382160,,1382160
"Bowie, David",Tonight,"7"" Vinyl",N/A,EMI America,P-B-8246,1984,EU,Promo,No,https://www.discogs.com/release/7974732-David-Bowie-Tonight, $5.00 ,7974732,,7974732
"Bowie, David",Tonight,"12"" Vinyl",Yes,EMI America,SPRO-9295,1984,EU,Promo,No,https://www.discogs.com/release/4308424-David-Bowie-Tonight, $5.21 ,4308424,,4308424
"Bowie, David",Tonight,CD,Yes,EMI America,CDP 7 46047 2,1984,France,,No,https://www.discogs.com/release/2837177-David-Bowie-Tonight, $7.00 ,2837177,,2837177
"Bowie, David",Tonight,CD,Yes,EMI America,CDP 7 46047 2,1990,France,Reissue,No,https://www.discogs.com/release/1075524-David-Bowie-Tonight, $7.31 ,1075524,,1075524
"Bowie, David",Tonight,CD,Yes,EMI America,CDP 7 46047 2,1990,France,Reissue,No,https://www.discogs.com/release/1075524-David-Bowie-Tonight, $7.31 ,1075524,,1075524
"Bowie, David",Tonight,CD,Yes,Virgin,7243 521897 0 0,1999,France,The David Bowie Series,No,https://www.discogs.com/release/2010302-David-Bowie-Tonight, $6.99 ,2010302,,2010302
"Bowie, David",Tonight,CD,Yes,Virgin,7243 521897 0 0,1999,France,The David Bowie Series,No,https://www.discogs.com/release/2010302-David-Bowie-Tonight, $6.99 ,2010302,,2010302
"Bowie, David",Tonight,"12"" Vinyl",Yes,EMI America,SJ-17138,1984,Italy,Stock Copy,No,https://www.discogs.com/release/385654-David-Bowie-Tonight, $10.00 ,385654,,385654
"Bowie, David",Tonight,"12"" Vinyl",Yes,EMI America,SJ-17138,1984,Italy,Stock Copy,No,https://www.discogs.com/release/385654-David-Bowie-Tonight, $10.00 ,385654,,385654
"Bowie, David",Tonight,"12"" Vinyl",Yes,EMI America,SJ-17138,1984,Italy,Stock Copy,No,https://www.discogs.com/release/385654-David-Bowie-Tonight, $10.00 ,385654,,385654
"Bowie, David",Tonight,"12"" Vinyl",Yes,EMI America,SJ-17138,1984,Italy,Stock Copy,No,https://www.discogs.com/release/385654-David-Bowie-Tonight, $10.00 ,385654,,385654
"Bowie, David",Tonight,CD,Yes,EMI,TOCP-70155,2007,Netherlands,With OBI - made in Japan,No,https://www.discogs.com/release/7045489-David-Bowie-Tonight, $11.50 ,7045489,,7045489
"Bowie, David",Tonight,"12"" Vinyl",Yes,EMI America,EYS-91092,1984,UK,With Poster,No,https://www.discogs.com/release/2048260-David-Bowie-Tonight, $22.67 ,2048260,,2048260
"Bowie, David",Tonight,CD,Yes,Virgin,7243 8 40983 2 2,1995,UK,Reissue,No,https://www.discogs.com/release/3896320-David-Bowie-Tonight, $15.00 ,3896320,,3896320
"Bowie, David",Tonight,8-Track Cartridge,N/A,EMI America,8XJ 517138,1984,USA,,No,https://www.discogs.com/release/4764798-David-Bowie-Tonight, $60.00 ,4764798,,4764798
"Bowie, David",Too Dizzy,"12"" Vinyl",N/A,EMI America,SPRO-79209,1987,Spain,Promo,No,https://www.discogs.com/release/2248696-David-Bowie-Too-Dizzy, $14.00 ,2248696,,2248696
"Bowie, David",Toy,Cassette,Yes,ISO Records / Parlophone,TCTOY 1,2022,EU,"Limited Edition 10,000 Copies",Yes,https://www.discogs.com/release/21637852-David-Bowie-Toy, $4.42 ,21637852,,21637852
"Bowie, David",Toy,Cassette,Yes,ISO Records / Parlophone,TCTOY 1,2022,EU,"Limited Edition 10,000 Copies",Yes,https://www.discogs.com/release/21637852-David-Bowie-Toy, $4.42 ,21637852,,21637852
"Bowie, David",Toy,"10"" Vinyl",Yes,ISO Records / Parlophone,LPTOYBOX 1,2022,USA,Box Set,Yes,https://www.discogs.com/release/21637363-David-Bowie-Toy, $38.88 ,21637363,,21637363
"Bowie, David","Toy E.P. ""You've Got It Made With All The Toys""","10"" Vinyl",Yes,ISO Records / Parlophone,DBTOYRSD 2022,2022,Italy,Record Store Day,Yes,https://www.discogs.com/release/22978172-David-Bowie-Toy-EP-Youve-Got-It-Made-With-All-The-Toys, $10.00 ,22978172,,22978172
"Bowie, David","Toy E.P. ""You've Got It Made With All The Toys""","10"" Vinyl",Yes,ISO Records / Parlophone,DBTOYRSD 2022,2022,Italy,Record Store Day,No,https://www.discogs.com/release/22978172-David-Bowie-Toy-EP-Youve-Got-It-Made-With-All-The-Toys, $10.00 ,22978172,,22978172
"Bowie, David","Toy E.P. ""You've Got It Made With All The Toys""",CD,Yes,ISO Records / Parlophone,DBTOYRSD 2022,2022,Netherlands,Record Store Day,Yes,https://www.discogs.com/release/22980692-David-Bowie-Toy-EP-Youve-Got-It-Made-With-All-The-Toys, $11.75 ,22980692,,22980692
"Bowie, David","Toy E.P. ""You've Got It Made With All The Toys""",CD,Yes,ISO Records / Parlophone,DBTOYRSD 2022,2022,Netherlands,Record Store Day,Yes,https://www.discogs.com/release/22980692-David-Bowie-Toy-EP-Youve-Got-It-Made-With-All-The-Toys, $11.75 ,22980692,,22980692
"Bowie, David","Toy E.P. ""You've Got It Made With All The Toys""",CD,Yes,ISO Records / Parlophone,DBTOYRSD 2022,2022,Netherlands,Record Store Day,Yes,https://www.discogs.com/release/22980692-David-Bowie-Toy-EP-Youve-Got-It-Made-With-All-The-Toys, $11.75 ,22980692,,22980692
"Bowie, David",Transmission,"12"" Vinyl",Yes,None,RDBASLP04,2016,UK,Unofficial Release,No,https://www.discogs.com/release/9032556-David-Bowie-Transmission, $30.00 ,9032556,,9032556
"Bowie, David",Transmission,"12"" Vinyl",Yes,None,RDBASLP04,2016,UK,Unofficial Release,No,https://www.discogs.com/release/9032556-David-Bowie-Transmission, $30.00 ,9032556,,9032556
"Bowie, David",TVC 15,"7"" Vinyl",N/A,RCA Victor,RCA 2682,1976,EU,Stock Copy - push out center intact,No,https://www.discogs.com/release/1002540-David-Bowie-TVC-15, $3.80 ,1002540,,1002540
"Bowie, David",TVC 15,"7"" Vinyl",N/A,RCA Victor,PB-10664,1976,EU,Stock Copy,No,https://www.discogs.com/release/2951219-David-Bowie-TVC-15, $5.06 ,2951219,,2951219
"Bowie, David",TVC 15,"7"" Vinyl",N/A,RCA Victor,PB-10664,1976,EU,Stock Copy,No,https://www.discogs.com/release/2951219-David-Bowie-TVC-15, $5.06 ,2951219,,2951219
"Bowie, David",TVC 15,"7"" Vinyl",Yes,RCA,BOW 509,1983,Japan,Lifetimes The Singles: Push Out Center Intact,No,https://www.discogs.com/release/3071235-David-Bowie-TVC-15, $10.33 ,3071235,,3071235
"Bowie, David",TVC 15,"7"" Vinyl",N/A,RCA Victor,PB-10664,1976,Netherlands,Stock Copy,No,https://www.discogs.com/release/8689749-David-Bowie-TVC-15, $12.04 ,8689749,,8689749
"Bowie, David",TVC 15,"7"" Vinyl",N/A,RCA,JH-10664,1976,South Africa,Promo,No,https://www.discogs.com/release/3278563-David-Bowie-TVC-15, $13.34 ,3278563,,3278563
"Bowie, David",TVC 15,"7"" Vinyl",Yes,RCA Victor,PB 10664,1976,Spain,Stock Copy,No,https://www.discogs.com/release/2412611-David-Bowie-TVC-15, $14.74 ,2412611,,2412611
"Bowie, David",TVC 15,"7"" Vinyl",Yes,RCA Victor,PB 10664,1976,Spain,Stock Copy,No,https://www.discogs.com/release/2412611-David-Bowie-TVC-15, $14.74 ,2412611,,2412611
"Bowie, David",TVC 15,"7"" Vinyl",N/A,Parlophone,DBTVC40,2016,Spain,"Picture Disc - Limited Edition of 5,000 copies",Yes,https://www.discogs.com/release/8391050-David-Bowie-TVC-15, $13.81 ,8391050,,8391050
"Bowie, David",TVC 15,"7"" Vinyl",N/A,Parlophone,DBTVC40,2016,Spain,"Picture Disc - Limited Edition of 5,000 copies",Yes,https://www.discogs.com/release/8391050-David-Bowie-TVC-15, $13.81 ,8391050,,8391050
"Bowie, David",TVC 15,"7"" Vinyl",N/A,Parlophone,DBTVC40,2016,Spain,"Picture Disc - Limited Edition of 5,000 copies",No,https://www.discogs.com/release/8391050-David-Bowie-TVC-15, $13.81 ,8391050,,8391050
"Bowie, David",TVC 15,"7"" Vinyl",Yes,RCA Victor,PB-10664,1976,UK,Stamp on cover,No,https://www.discogs.com/release/3028323-David-Bowie-TVC-15, $15.79 ,3028323,,3028323
"Bowie, David",TVC 15,"7"" Vinyl",Yes,RCA Victor,PB 10664,1976,UK,,No,https://www.discogs.com/release/800233-David-Bowie-TVC-15, $18.94 ,800233,,800233
"Bowie, David",TVC 15,"7"" Vinyl",Yes,RCA Victor,YBPB 0-433,1976,UK,,No,https://www.discogs.com/release/3094948-David-Bowie-TVC-15, $21.05 ,3094948,,3094948
"Bowie, David",TVC 15,"7"" Vinyl",Yes,RCA Victor,PB-10664,1976,USA,Stock Copy,No,https://www.discogs.com/release/4913338-David-Bowie-TVC15, $32.89 ,4913338,,4913338
"Bowie, David",TVC 15,"7"" Vinyl",N/A,RCA Victor,PB-10664,1976,USA,Promo,No,https://www.discogs.com/release/9405446-David-Bowie-TVC-15, $76.05 ,9405446,,9405446
"Bowie, David",TVC 15,"7"" Vinyl",Yes,RCA,SS-3019,1976,USA,Stock Copy,No,https://www.discogs.com/release/6652116-David-Bowie-デビッドボウイー-TVC-15-ワンファイブ, $300.00 ,6652116,,6652116
"Bowie, David",TVC 15,"7"" Vinyl",Yes,RCA Victor,PB-10664,1977,USA,,No,https://www.discogs.com/release/4909182-David-Bowie-TVC-15, $101.26 ,4909182,,4909182
"Bowie, David",TVC 15,"7"" Vinyl",Yes,RCA,BOW 509,1983,USA,Solid Centre,No,https://www.discogs.com/release/11959855-David-Bowie-TVC-15, $35.00 ,11959855,,11959855
"Bowie, David",Twenty Bowie Classics,"12"" Vinyl",Yes,Decca,SCA.059,1979,Peru,Original Pressing,No,https://www.discogs.com/release/4996265-David-Bowie-20-Bowie-Classics, $12.64 ,4996265,,4996265
"Bowie, David",Twenty Bowie Classics,"12"" Vinyl",Yes,Decca,SKL5297,1980,Spain,Reissue,No,https://www.discogs.com/release/3042377-David-Bowie-Twenty-Bowie-Classics, $13.87 ,3042377,,3042377
"Bowie, David",Under The Covers (The Songs He Didn't Write),"12"" Vinyl",Yes,Parachute Recording Company,PARA316LP,2020,UK,Unofficial Release,Yes,https://www.discogs.com/release/15432766-David-Bowie-Under-The-Covers-The-Songs-He-Didnt-Write, $25.00 ,15432766,,15432766
"Bowie, David",Underground,"7"" Vinyl",Yes,EMI America,B-8323,1986,EU,Stock Copy,No,https://www.discogs.com/release/880528-David-Bowie-Underground, $4.00 ,880528,,880528
"Bowie, David",Underground,"12"" Vinyl",Yes,EMI America,12EA 216,1986,EU,,No,https://www.discogs.com/release/354037-David-Bowie-Underground-Extended-Dance-Mix, $5.40 ,354037,,354037
"Bowie, David",Underground,"7"" Vinyl",Yes,EMI America,V-19210,1986,France,Stock Copy,No,https://www.discogs.com/release/330590-David-Bowie-Underground-Extended-Dance-Mix, $7.62 ,330590,,330590
"Bowie, David",Underground,"12"" Vinyl",Yes,EMI America,SPRO-9670,1986,Germany,Promo,No,https://www.discogs.com/release/2245227-David-Bowie-Underground-Edited-Version, $9.00 ,2245227,,2245227
"Bowie, David",Underground,"7"" Vinyl",Yes,EMI America,AMI 1775,1986,Philippines,Stock Copy,No,https://www.discogs.com/release/2691139-David-Bowie-Underground, $12.74 ,2691139,,2691139
"Bowie, David",Underground,"7"" Vinyl",Yes,EMI America,AMIJ 2012817,1986,UK,,No,https://www.discogs.com/release/10653402-David-Bowie-Underground, $16.33 ,10653402,,10653402
"Bowie, David",Underground,"12"" Vinyl",Yes,EMI America,EAP 216,1986,UK,Shaped Picture Disc,No,https://www.discogs.com/release/2491768-David-Bowie-Underground, $30.85 ,2491768,,2491768
"Bowie, David",Unplugged & Slightly Phased (Acoustic Broadcasts 1996),"12"" Vinyl",Yes,Parachute Recording Company,PARA356LP,2021,UK,Unofficial Release,Yes,https://www.discogs.com/release/17196166-David-Bowie-Unplugged-Slightly-Phased-Acoustic-Broadcasts-1996, $25.00 ,17196166,,17196166
"Bowie, David",Up The Hill Backwards,"7"" Vinyl",Yes,RCA,BOW 9,1981,EU,Stock Copy - black label,No,https://www.discogs.com/release/749806-David-Bowie-Up-The-Hill-Backwards, $5.03 ,749806,,749806
"Bowie, David",Up The Hill Backwards,"7"" Vinyl",Yes,RCA,BOW 9,1981,EU,Stock Copy - black label,No,https://www.discogs.com/release/749806-David-Bowie-Up-The-Hill-Backwards, $5.03 ,749806,,749806
"Bowie, David",Up The Hill Backwards,"7"" Vinyl",Yes,RCA Victor,PB 9671,1981,EU,,No,https://www.discogs.com/release/1504233-David-Bowie-Up-The-Hill-Backwards-Crystal-Japan, $5.26 ,1504233,,1504233
"Bowie, David",Up The Hill Backwards,"7"" Vinyl",Yes,RCA Victor,BOW 9,1981,France,Stock Copy - push out center intact orange label,No,https://www.discogs.com/release/6101615-David-Bowie-Up-The-Hill-Backwards, $6.33 ,6101615,,6101615
"Bowie, David",Up The Hill Backwards,"7"" Vinyl",No,RCA,PB-50622,1981,Italy,Stock Copy - this copy was issued with generic label sleeve,No,https://www.discogs.com/release/2649979-David-Bowie-Up-The-Hill-Backwards, $10.00 ,2649979,,2649979
"Bowie, David",Up The Hill Backwards,"7"" Vinyl",Yes,RCA Victor,PB-9671,1981,South Africa,Stock Copy,No,https://www.discogs.com/release/2370237-David-Bowie-Up-The-Hill-Backwards-Subir-A-La-Colina-De-Espaldas, $13.68 ,2370237,,2370237
"Bowie, David",Up The Hill Backwards,"12"" Vinyl",Yes,RCA Victor,PD-12249,1981,UK,Maxi-Single,No,https://www.discogs.com/release/932798-David-Bowie-Up-The-Hill-Backwards-bw-Crystal-Japan, $25.65 ,932798,,932798
"Bowie, David",Up The Hill Backwards,"12"" Vinyl",Yes,RCA Victor,PD-12249,1981,UK,Maxi-Single,No,https://www.discogs.com/release/932798-David-Bowie-Up-The-Hill-Backwards-bw-Crystal-Japan, $25.65 ,932798,,932798
"Bowie, David",Up The Hill Backwards,"7"" Vinyl",Yes,RCA Victor,PB-9671,1981,UK,,No,https://www.discogs.com/release/5374579-David-Bowie-Up-The-Hill-Backwards, $31.32 ,5374579,,5374579
"Bowie, David",Valentine's Day,"7"" Vinyl",Yes,Columbia,88883756667,2013,UK,Picture Disc,No,https://www.discogs.com/release/4828433-David-Bowie-Valentines-Day, $17.06 ,4828433,,4828433
"Bowie, David",Valentine's Day,"7"" Vinyl",Yes,Columbia,88883756667,2013,UK,Picture Disc,No,https://www.discogs.com/release/4828433-David-Bowie-Valentines-Day, $17.06 ,4828433,,4828433
"Bowie, David",Valentine's Day,"7"" Vinyl",Yes,Columbia,88883756667,2013,UK,Picture Disc,No,https://www.discogs.com/release/4828433-David-Bowie-Valentines-Day, $17.06 ,4828433,,4828433
"Bowie, David",Valentine's Day,CDR,Yes,RCA / Sony Music,88883756667,2013,USA,Promo,No,https://www.discogs.com/release/8537371-David-Bowie-Valentines-Day, $45.32 ,8537371,,8537371
"Bowie, David",VH1 Storytellers,CD / DVD,Yes,Virgin / EMI,5099996490921,2009,UK,NTSC,No,https://www.discogs.com/release/2269078-David-Bowie-VH1-Storytellers, $15.50 ,2269078,,2269078
"Bowie, David",VH1 Storytellers,"12"" Vinyl",Yes,EMI,5099996490938,2016,UK,Unofficial Release,No,https://www.discogs.com/release/9641289-David-Bowie-VH1-Storytellers, $25.00 ,9641289,,9641289
"Bowie, David",VH1 Storytellers,"12"" Vinyl",Yes,Parlophone,DBVH1 9919,2019,UK,,Yes,https://www.discogs.com/release/14223932-David-Bowie-VH1-Storytellers, $24.12 ,14223932,,14223932
"Bowie, David",VH1 Storytellers,"12"" Vinyl",Yes,Parlophone,DBVH1 9919,2019,UK,,Yes,https://www.discogs.com/release/14223932-David-Bowie-VH1-Storytellers, $24.12 ,14223932,,14223932
"Bowie, David",VH1 Storytellers,"12"" Vinyl",Yes,Parlophone,DBVH1 9919,2019,UK,,No,https://www.discogs.com/release/14223932-David-Bowie-VH1-Storytellers, $24.12 ,14223932,,14223932
"Bowie, David",Waiting In The Sky (Before The Starman Came To Earth),"12"" Vinyl",Yes,Parlophone,DBRNRSLP 722,2024,USA,Half Speed Master,No,https://www.discogs.com/release/30432521-David-Bowie-Waiting-In-The-Sky-Before-The-Starman-Came-To-Earth, $64.15 ,30432521,,30432521
"Bowie, David",Waiting In The Sky (Before The Starman Came To Earth),"12"" Vinyl",Yes,Parlophone,DBRNRSLP 722,2024,USA,Half Speed Master,Yes,https://www.discogs.com/release/30432521-David-Bowie-Waiting-In-The-Sky-Before-The-Starman-Came-To-Earth, $64.15 ,30432521,,30432521
"Bowie, David",We Could Be Heroes (The Legendary Broadcasts),"12"" Vinyl",Yes,Coda Publishing LTD,CPLPD282,2020,UK,Unofficial Release - Picture Disc 1st Edition 294/500,Yes,https://www.discogs.com/release/16509585-Bowie-We-Could-Be-Heroes-The-Legendary-Broadcasts, $20.00 ,16509585,,16509585
"Bowie, David",Welcome To The Blackout (Live London '78),CD,Yes,Parlophone,CDDB 7782,2018,South Africa,USA,No,https://www.discogs.com/release/12198319-David-Bowie-Welcome-To-The-Blackout-Live-London-78, $13.67 ,12198319,,12198319
"Bowie, David",Welcome To The Blackout (Live London '78),"12"" Vinyl",Yes,Parlophone,DBRSD 7782,2018,USA,Record Store Day,No,https://www.discogs.com/release/11891492-David-Bowie-Welcome-To-The-Blackout-Live-London-78, $62.63 ,11891492,,11891492
"Bowie, David",Welcome To The Blackout (Live London '78),"12"" Vinyl",Yes,Parlophone,DBRSD 7782,2018,USA,Record Store Day,Yes,https://www.discogs.com/release/11891492-David-Bowie-Welcome-To-The-Blackout-Live-London-78, $62.63 ,11891492,,11891492
"Bowie, David",Welcome To The Blackout (Live London '78),"12"" Vinyl",Yes,Parlophone,DBRSD 7782,2018,USA,Record Store Day,Yes,https://www.discogs.com/release/11891492-David-Bowie-Welcome-To-The-Blackout-Live-London-78, $62.63 ,11891492,,11891492
"Bowie, David",Welcome To The Blackout (Live London '78),"12"" Vinyl",Yes,Parlophone,DBRSD 7782,2018,USA,Record Store Day,Yes,https://www.discogs.com/release/11891492-David-Bowie-Welcome-To-The-Blackout-Live-London-78, $62.63 ,11891492,,11891492
"Bowie, David",When Gravity Falls,"12"" Vinyl",Yes,Slaughtered Lamb Records,None,1990,UK,Unofficial Release,No,https://www.discogs.com/release/6484903-David-Bowie-When-Gravity-Fails, $30.00 ,6484903,,6484903
"Bowie, David",When The Wind Blows,"7"" Vinyl",Yes,Virgin,108 613,1986,EU,,No,https://www.discogs.com/release/1706670-David-Bowie-When-The-Wind-Blows, $3.15 ,1706670,,1706670
"Bowie, David",When The Wind Blows,"7"" Vinyl",Yes,Virgin,108 613,1986,EU,,No,https://www.discogs.com/release/1706670-David-Bowie-When-The-Wind-Blows, $3.15 ,1706670,,1706670
"Bowie, David",When The Wind Blows,"12"" Vinyl",Yes,Virgin,VS 906 12,1986,France,Stock Copy,No,https://www.discogs.com/release/661790-David-Bowie-When-The-Wind-Blows, $6.32 ,661790,,661790
"Bowie, David",When The Wind Blows,"7"" Vinyl",Yes,Virgin,VS 696,1986,UK,Tattered Cover,No,https://www.discogs.com/release/8041450-David-Bowie-When-The-Wind-Blows, $20.00 ,8041450,,8041450
"Bowie, David",When The Wind Blows,"7"" Vinyl",N/A,Virgin,VSS  906,1986,USA,Shaped Picture Disc,No,https://www.discogs.com/release/1822862-David-Bowie-When-The-Wind-Blows, $35.11 ,1822862,,1822862
"Bowie, David",White Light / White Heat,"7"" Vinyl",Yes,RCA,RCA 372,1983,EU,Stock Copy,No,https://www.discogs.com/release/896856-David-Bowie-White-LightWhite-Heat, $5.26 ,896856,,896856
"Bowie, David",White Light / White Heat,"7"" Vinyl",Yes,RCA,JK-13660,1983,Italy,Promo,No,https://www.discogs.com/release/5813605-David-Bowie-White-LightWhite-Heat, $10.00 ,5813605,,5813605
"Bowie, David",White Light / White Heat,"7"" Vinyl",Yes,RCA,JK-13660,1983,Italy,Promo,No,https://www.discogs.com/release/5813605-David-Bowie-White-LightWhite-Heat, $10.00 ,5813605,,5813605
"Bowie, David",White Light / White Heat,"7"" Vinyl",Yes,RCA,RPS-126,1983,UK,,No,https://www.discogs.com/release/6815036-David-Bowie-ホワイトライト-ホワイトヒート-White-LightWhite-Heat, $25.30 ,6815036,,6815036
"Bowie, David",Who Can I Be Now?,"7"" Vinyl",Yes,Mainman,75,1979,UK,Unofficial Release,No,https://www.discogs.com/release/8146481-David-Bowie-Who-Can-I-Be-Now, $25.00 ,8146481,,8146481
"Bowie, David",Who Can I Be Now?,"7"" Vinyl",Yes,ACR Victor,PB-10320,2017,UK,Unofficial Release - Picture Disc 58/300,No,https://www.discogs.com/release/10121718-David-Bowie-Who-Can-I-Be-Now, $25.00 ,10121718,,10121718
"Bowie, David",Who Can I Be Now? (1974 - 1976),CD,Yes,Parlophone,DBX 2,2016,USA,Box Set,No,https://www.discogs.com/release/9092378-David-Bowie-Who-Can-I-Be-Now-1974-1976, $125.00 ,9092378,,9092378
"Bowie, David",Who Can I Be Now? (1974 - 1976),"12"" Vinyl",Yes,Parlophone,DBXL 2,2016,USA,Box Set,No,https://www.discogs.com/release/9088273-David-Bowie-Who-Can-I-Be-Now-19741976-, $208.94 ,9088273,,9088273
"Bowie, David",Wild Is The Wind,"7"" Vinyl",Yes,RCA,BOW 10,1981,EU,Stock Copy - push out center intact,No,https://www.discogs.com/release/423017-David-Bowie-Wild-Is-The-Wind, $5.82 ,423017,,423017
"Bowie, David",Wild Is The Wind,"7"" Vinyl",Yes,RCA Victor,PB 9815,1982,Japan,,No,https://www.discogs.com/release/3401528-David-Bowie-Wild-Is-The-Wind-The-Golden-Years, $10.53 ,3401528,,3401528
"Bowie, David",Wild Is The Wind,"12"" Vinyl",Yes,RCA,BOW T 10,1981,Mexico,,No,https://www.discogs.com/release/589142-David-Bowie-Wild-Is-The-Wind, $11.32 ,589142,,589142
"Bowie, David",Wild Is The Wind,"7"" Vinyl",Yes,RCA Victor,PB-9815,1981,UK,Stock Copy,No,https://www.discogs.com/release/3463834-David-Bowie-Wild-Is-The-Wind-Golden-Years, $16.58 ,3463834,,3463834
"Bowie, David",Wild Is The Wind,"7"" Vinyl",Yes,RCA Victor,PB-9815,1981,UK,Promo,No,https://www.discogs.com/release/6374750-David-Bowie-Wild-Is-The-Wind, $18.95 ,6374750,,6374750
"Bowie, David",Without You,"7"" Vinyl",Yes,EMI America,B-8190,1983,USA,Stock Copy,No,https://www.discogs.com/release/1566807-David-Bowie-Without-You, $73.00 ,1566807,,1566807
"Bowie, David",Without You,"7"" Vinyl",Yes,EMI America,B-8190,1983,USA,Stock Copy,No,https://www.discogs.com/release/1566807-David-Bowie-Without-You, $73.00 ,1566807,,1566807
"Bowie, David",Yassassin,"7"" Vinyl",Yes,RCA Victor,PB-9417,1979,UK,,No,https://www.discogs.com/release/425070-David-Bowie-Yassassin, $25.26 ,425070,,425070
"Bowie, David",Yassassin,"7"" Vinyl",Yes,RCA Victor,79.014,1979,USA,,No,https://www.discogs.com/release/3844648-David-Bowie-Yassassin-Yaşasın, $97.37 ,3844648,,3844648
"Bowie, David",Young Americans,"7"" Vinyl",N/A,RCA Victor,PB-10152,1975,EU,Stock Copy - Tan Label,No,https://www.discogs.com/release/2268024-David-Bowie-Young-Americans, $3.99 ,2268024,,2268024
"Bowie, David",Young Americans,"7"" Vinyl",N/A,RCA Victor,PB-10152,1975,EU,Stock Copy - Tan Label,No,https://www.discogs.com/release/2268024-David-Bowie-Young-Americans, $3.99 ,2268024,,2268024
"Bowie, David",Young Americans,"7"" Vinyl",N/A,RCA Victor,RCA 2523,1975,EU,Solid Centre,No,https://www.discogs.com/release/422761-David-Bowie-Young-Americans, $5.03 ,422761,,422761
"Bowie, David",Young Americans,8-Track Cartridge,N/A,RCA Victor,APS1-0998,1975,France,,No,https://www.discogs.com/release/3258184-David-Bowie-Young-Americans, $6.12 ,3258184,,3258184
"Bowie, David",Young Americans,8-Track Cartridge,N/A,RCA Victor,APS1-0998,1975,France,,No,https://www.discogs.com/release/3258184-David-Bowie-Young-Americans, $6.12 ,3258184,,3258184
"Bowie, David",Young Americans,CD,Yes,EMI,7243 5 21905 0 8,1999,France,The David Bowie Series,No,https://www.discogs.com/release/378656-David-Bowie-Young-Americans, $7.25 ,378656,,378656
"Bowie, David",Young Americans,"7"" Vinyl",Yes,RCA Victor,XB-01003,1975,Germany,,No,https://www.discogs.com/release/384755-David-Bowie-Young-Americans-, $9.47 ,384755,,384755
"Bowie, David",Young Americans,"7"" Vinyl",N/A,RCA Victor,GB-10469,1976,Germany,Golden Greats,No,https://www.discogs.com/release/6179058-David-Bowie-Young-Americans-Knock-On-Wood, $8.00 ,6179058,,6179058
"Bowie, David",Young Americans,"7"" Vinyl",N/A,RCA Victor,GB-10469,1976,Germany,Gold Standard Series - Red Label,No,https://www.discogs.com/release/7321586-David-Bowie-Young-Americans, $8.84 ,7321586,,7321586
"Bowie, David",Young Americans,"7"" Vinyl",N/A,RCA Victor,102584,1975,Greece,Reissue,No,https://www.discogs.com/release/2218817-David-Bowie-The-Young-Americans, $9.55 ,2218817,,2218817
"Bowie, David",Young Americans,CD,Yes,Rykodisc,RCD 10140,1991,Italy,Sound + Vision,No,https://www.discogs.com/release/1119282-David-Bowie-Young-Americans, $9.97 ,1119282,,1119282
"Bowie, David",Young Americans,CD,Yes,Rykodisc,RCD 10140,1991,Italy,Sound + Vision,No,https://www.discogs.com/release/1119282-David-Bowie-Young-Americans, $9.97 ,1119282,,1119282
"Bowie, David",Young Americans,CD,Yes,Rykodisc,RCD 10140,1991,Italy,Sound + Vision,No,https://www.discogs.com/release/1119282-David-Bowie-Young-Americans, $9.97 ,1119282,,1119282
"Bowie, David",Young Americans,CD,Yes,Rykodisc,RCD 10140,1991,Italy,Sound + Vision,No,https://www.discogs.com/release/1119282-David-Bowie-Young-Americans, $9.97 ,1119282,,1119282
"Bowie, David",Young Americans,CD,Yes,Rykodisc,RCD 10140,1991,Italy,Sound + Vision,No,https://www.discogs.com/release/1119282-David-Bowie-Young-Americans, $9.97 ,1119282,,1119282
"Bowie, David",Young Americans,"7"" Vinyl",Yes,RCA Victor,XB 01003,1975,Japan,Stock Copy,No,https://www.discogs.com/release/2412621-David-Bowie-Young-Americans, $10.53 ,2412621,,2412621
"Bowie, David",Young Americans,"7"" Vinyl",Yes,RCA Victor,XB 01003,1975,Japan,,No,https://www.discogs.com/release/2412621-David-Bowie-Young-Americans, $10.53 ,2412621,,2412621
"Bowie, David",Young Americans,"7"" Vinyl",N/A,RCA Victor,PB-10152,1975,Japan,Stock Copy - Tan Label,No,https://www.discogs.com/release/10321986-David-Bowie-Young-Americans, $10.56 ,10321986,,10321986
"Bowie, David",Young Americans,"7"" Vinyl",Yes,RCA,BOW 506,1983,Japan,Lifetimes The Singles: Push Out Center Intact,No,https://www.discogs.com/release/3160026-David-Bowie-Young-Americans, $10.76 ,3160026,,3160026
"Bowie, David",Young Americans,"7"" Vinyl",No,RCA Victor,101.4076,1975,Netherlands,Stock Copy,No,https://www.discogs.com/release/8433300-David-Bowie-Young-Americans, $11.55 ,8433300,,8433300
"Bowie, David",Young Americans,"7"" Vinyl",N/A,RCA,JB-10152,1975,Netherlands,Promo,No,https://www.discogs.com/release/2939305-David-Bowie-Young-Americans, $12.00 ,2939305,,2939305
"Bowie, David",Young Americans,CD,Yes,EMI,07777 96436 2 2,1998,Netherlands,,No,https://www.discogs.com/release/4360524-David-Bowie-Young-Americans, $11.50 ,4360524,,4360524
"Bowie, David",Young Americans,Cassette,Yes,Ryko Analogue,RACS 0140-2,1991,Spain,,No,https://www.discogs.com/release/5654612-David-Bowie-Young-Americans, $14.50 ,5654612,,5654612
"Bowie, David",Young Americans,"7"" Vinyl",N/A,RCA Victor,XB 01003,1974,UK,,No,https://www.discogs.com/release/3945032-David-Bowie-Young-Americans, $18.99 ,3945032,,3945032
"Bowie, David",Young Americans,"7"" Vinyl",Yes,RCA Victor,XB 01003,1975,UK,Stock Copy,No,https://www.discogs.com/release/2639842-David-Bowie-Young-Americans, $15.63 ,2639842,,2639842
"Bowie, David",Young Americans,"7"" Vinyl",Yes,RCA Victor,XB 01003,1975,UK,Stock Copy,No,https://www.discogs.com/release/2639842-David-Bowie-Young-Americans, $15.63 ,2639842,,2639842
"Bowie, David",Young Americans,"7"" Vinyl",N/A,RCA Victor,JB-10152,1975,UK,Promo,No,https://www.discogs.com/release/5677754-David-Bowie-Young-Americans, $16.00 ,5677754,,5677754
"Bowie, David",Young Americans,"12"" Vinyl",Yes,RCA Victor,APL1-0998,1975,UK,Original Pressing,No,https://www.discogs.com/release/5182650-David-Bowie-Young-Americans, $19.74 ,5182650,,5182650
"Bowie, David",Young Americans,"12"" Vinyl",Yes,RCA Victor,APL1-0998,1975,UK,Original Pressing,No,https://www.discogs.com/release/5182650-David-Bowie-Young-Americans, $19.74 ,5182650,,5182650
"Bowie, David",Young Americans,"12"" Vinyl",Yes,RCA Victor,APL1-0998,1975,UK,Original Pressing,No,https://www.discogs.com/release/5182650-David-Bowie-Young-Americans, $19.74 ,5182650,,5182650
"Bowie, David",Young Americans,"12"" Vinyl",Yes,RCA Victor,APL1-0998,1975,UK,Original Pressing,No,https://www.discogs.com/release/5182650-David-Bowie-Young-Americans, $19.74 ,5182650,,5182650
"Bowie, David",Young Americans,"12"" Vinyl",Yes,RCA Victor,APL1-0998,1975,UK,Original Pressing,No,https://www.discogs.com/release/5182650-David-Bowie-Young-Americans, $19.74 ,5182650,,5182650
"Bowie, David",Young Americans,"7"" Vinyl",N/A,RCA Victor,PB-10152,1975,UK,Stock Copy - Orange Label,No,https://www.discogs.com/release/8913209-David-Bowie-Young-Americans, $20.00 ,8913209,,8913209
"Bowie, David",Young Americans,"12"" Vinyl",Yes,RCA Victor,RCLP 20002,1975,UK,,No,https://www.discogs.com/release/7819465-David-Bowie-Young-Americans, $20.00 ,7819465,,7819465
"Bowie, David",Young Americans,"7"" Vinyl",N/A,RCA Victor,42-592,1975,UK,,No,https://www.discogs.com/release/20797915-David-Bowie-Young-Americans, $21.05 ,20797915,,20797915
"Bowie, David",Young Americans,"7"" Vinyl",Yes,RCA,SS-2447,1975,UK,Textured Cover,No,https://www.discogs.com/release/1782101-デビッドボウイー-ヤングアメリカン-Young-Americans, $31.61 ,1782101,,1782101
"Bowie, David",Young Americans,"12"" Vinyl",Yes,RCA Victor,AFL1-0998,1976,UK,Reissue - Black Label,No,https://www.discogs.com/release/3481960-David-Bowie-Young-Americans, $15.27 ,3481960,,3481960
"Bowie, David",Young Americans,"12"" Vinyl",Yes,RCA Victor,AQL1-0998,1979,UK,Reissue,No,https://www.discogs.com/release/712716-David-Bowie-Young-Americans, $15.72 ,712716,,712716
"Bowie, David",Young Americans,CD,Yes,RCA Victor,PCD1-0998,1984,UK,Red Spine,No,https://www.discogs.com/release/9131312-David-Bowie-Young-Americans, $19.50 ,9131312,,9131312
"Bowie, David",Young Americans,CD,Yes,RCA Victor,PCD1-0998,1984,UK,Red Spine,No,https://www.discogs.com/release/9131312-David-Bowie-Young-Americans, $19.50 ,9131312,,9131312
"Bowie, David",Young Americans,CD,Yes,EMI,TOCP-70148,2007,UK,With OBI - made in Japan,No,https://www.discogs.com/release/7045339-David-Bowie-Young-Americans, $18.99 ,7045339,,7045339
"Bowie, David",Young Americans,CD / DVD,Yes,EMI,0946 3 51258 2 5,2007,UK,PAL,No,https://www.discogs.com/release/1045272-David-Bowie-Young-Americans, $30.60 ,1045272,,1045272
"Bowie, David",Young Americans,"7"" Vinyl",N/A,Parlophone,DBYA40,2015,UK,Picture Disc,Yes,https://www.discogs.com/release/6677032-David-Bowie-Young-Americans, $15.58 ,6677032,,6677032
"Bowie, David",Young Americans,"7"" Vinyl",N/A,Parlophone,DBYA40,2015,UK,Picture Disc,No,https://www.discogs.com/release/6677032-David-Bowie-Young-Americans, $15.58 ,6677032,,6677032
"Bowie, David",Young Americans,"12"" Vinyl",Yes,Parlophone,DBYA 50,2025,UK,Half-Speed Master,Yes,https://www.discogs.com/release/33338066-David-Bowie-Young-Americans, $24.98 ,33338066,,33338066
"Bowie, David",Young Americans,"7"" Vinyl",N/A,RCA Victor,31A-2561,1975,USA,Stock Copy,No,https://www.discogs.com/release/12368339-David-Bowie-Jóvenes-Americanos-Young-Americans-Toco-Madera-Knock-On-Wood, $40.00 ,12368339,,12368339
"Bowie, David",Young Americans,"7"" Vinyl",N/A,RCA Victor,RCS 4002,1975,USA,Blue Label - push out center intact,No,https://www.discogs.com/release/5516203-David-Bowie-Young-Americans, $52.62 ,5516203,,5516203
"Bowie, David",Young Americans,"7"" Vinyl",Yes,RCA Victor,SP-4244,1975,USA,,No,https://www.discogs.com/release/5983496-David-Bowie-Young-Americans-Knock-On-Wood, $52.63 ,5983496,,5983496
"Bowie, David",Young Americans,"7"" Vinyl",Yes,RCA Victor,SRCA-88823,1975,USA,Stock Copy,No,https://www.discogs.com/release/2850995-David-Bowie-Young-Americans, $58.94 ,2850995,,2850995
"Bowie, David",Young Americans,"7"" Vinyl",N/A,RCA Victor,31A-2561,1975,USA,Promo,No,https://www.discogs.com/release/9468167-David-Bowie-Jóvenes-Americanos-Young-Americans-Toco-Madera-Knock-On-Wood, $69.99 ,9468167,,9468167
"Bowie, David",Young Americans,"7"" Vinyl",N/A,RCA,45.625,1975,USA,Stock Copy,No,https://www.discogs.com/release/4666869-David-Bowie-Jovenes-Americanos-Young-Americans, $107.10 ,4666869,,4666869
"Bowie, David",Young Americans,"7"" Vinyl",N/A,RCA,45.625,1975,USA,Stock Copy,No,https://www.discogs.com/release/4666869-David-Bowie-Jovenes-Americanos-Young-Americans, $107.10 ,4666869,,4666869
"Bowie, David",Young Americans,"7"" Vinyl",N/A,RCA Victor,PB-10152,1975,USA,Stamped promo,No,https://www.discogs.com/release/25191427-David-Bowie-Young-Americans, $223.60 ,25191427,,25191427
"Bowie, David",Young Americans,"7"" Vinyl",N/A,RCA Victor,PB-10152,1975,USA,Label is heavily written on and vinyl has many scratches,No,https://www.discogs.com/release/31170959-David-Bowie-Young-Americans, $300.00 ,31170959,,31170959
"Bowie, David",Young Americans,"12"" Vinyl",Yes,RCA,RPL-3049,1986,USA,With OBI,No,https://www.discogs.com/release/4487687-David-Bowie-Young-Americans, $41.49 ,4487687,,4487687
"Bowie, David",Young Americans,"12"" Vinyl",Yes,EMI,EMD 1021,1991,USA,,No,https://www.discogs.com/release/984071-David-Bowie-Young-Americans, $50.00 ,984071,,984071
"Bowie, David",Young Americans,CD / DVD,Yes,Virgin,0946 3 51260 2 0,2007,USA,NTSC,No,https://www.discogs.com/release/1558468-David-Bowie-Young-Americans, $39.98 ,1558468,,1558468
"Bowie, David",Young Americans,"12"" Vinyl",Yes,Parlophone,DB 74765,2020,USA,45th Anniversary - Gold Vinyl,No,https://www.discogs.com/release/15929527-David-Bowie-Young-Americans, $31.63 ,15929527,,15929527
"Bowie, David",Young Americans,"12"" Vinyl",Yes,Parlophone,DB 74765,2020,USA,45th Anniversary - Gold Vinyl,Yes,https://www.discogs.com/release/15929527-David-Bowie-Young-Americans, $31.63 ,15929527,,15929527
"Bowie, David",Young Americans,"12"" Vinyl",Yes,Parlophone,DBYAPD 1975,2025,USA,Picture Disc,Yes,https://www.discogs.com/release/33360077-David-Bowie-Young-Americans, $40.92 ,33360077,,33360077
"Bowie, David",Zeit! 77-79,CD,Yes,Parlophone,DBZEIT7779,2013,UK,Box Set,No,https://www.discogs.com/release/9030728-David-Bowie-Zeit-77-79, $17.86 ,9030728,,9030728
"Bowie, David",Zeroes,"7"" Vinyl",N/A,Parlophone,DB7 8388,2018,Germany,Picture Disc,Yes,https://www.discogs.com/release/12477638-David-Bowie-Zeroes-2018, $9.16 ,12477638,,12477638
"Bowie, David",Zeroes,"7"" Vinyl",N/A,Parlophone,DB7 8388,2018,Germany,Picture Disc,No,https://www.discogs.com/release/12477638-David-Bowie-Zeroes-2018, $9.16 ,12477638,,12477638
"Bowie, David",Ziggy 2,"12"" Vinyl",Yes,Tune In,2,1978,USA,Unofficial Release,No,https://www.discogs.com/release/9143607-David-Bowie-Ziggy-2, $75.00 ,9143607,,9143607
"Bowie, David",Ziggy 2,"12"" Vinyl",Yes,Tune In,002,1978,USA,Unofficial Release - Green Front Insert,No,https://www.discogs.com/release/8563914-David-Bowie-Ziggy-2, $75.00 ,8563914,,8563914
"Bowie, David",Ziggy In Concert.,"12"" Vinyl",Yes,None,None,1980,USA,Unofficial Release,No,https://www.discogs.com/release/8533700-David-Bowie-Ziggy-In-Concert, $75.00 ,8533700,,8533700
"Bowie, David",Ziggy On Channel Two,"12"" Vinyl",Yes,None,None,2015,USA,Unofficial Release,No,https://www.discogs.com/release/7337369-David-Bowie-Ziggy-On-Channel-Two-The-Rise-And-Fall-Of-Ziggy-Stardust-And-The-Spiders-From-Mars-Recor, $50.00 ,7337369,,7337369
"Bowie, David",Ziggy Stardist - The Motion Picture,"12"" Vinyl",Yes,RCA Victor,CPL2-4862,1983,UK,Standard Black Vinyl Edition,No,https://www.discogs.com/release/1665727-David-Bowie-Ziggy-Stardust-The-Motion-Picture, $19.99 ,1665727,,1665727
"Bowie, David",Ziggy Stardist - The Motion Picture,"12"" Vinyl",Yes,RCA,CPL2-4862,1983,UK,Stock Copy,No,https://www.discogs.com/release/1376055-David-Bowie-Ziggy-Stardust-The-Motion-Picture, $20.00 ,1376055,,1376055
"Bowie, David",Ziggy Stardist - The Motion Picture,"12"" Vinyl",Yes,RCA,RPL-3039~40,1983,USA,Stock Copy - black and red OBI,No,https://www.discogs.com/release/3633610-David-Bowie-Ziggy-Stardust-The-Motion-Picture, $35.00 ,3633610,,3633610
"Bowie, David",Ziggy Stardist - The Motion Picture,"12"" Vinyl",Yes,RCA,CPL2-4862,1983,USA,"Limited edition of 1,000 copies - clear vinyl",No,https://www.discogs.com/release/5642277-David-Bowie-Ziggy-Stardust-The-Motion-Picture, $99.99 ,5642277,,5642277
"Bowie, David",Ziggy Stardist - The Motion Picture,"12"" Vinyl",Yes,EMI,ZIGGYRIP 3773,2003,USA,Numbered edition: #1632 Red Vinyl,No,https://www.discogs.com/release/1447488-David-Bowie-Ziggy-Stardust-And-The-Spiders-From-Mars-The-Motion-Picture-Soundtrack, $61.52 ,1447488,,1447488
"Bowie, David",Ziggy Stardist And The Spiders From Mars (The Motion Picture Soundtrack),CD,Yes,Virgin / EMI,72435 41979 2 5,2003,UK,Limited Edition ,No,https://www.discogs.com/release/2113127-David-Bowie-Ziggy-Stardust-And-The-Spiders-From-Mars-The-Motion-Picture-Soundtrack, $15.00 ,2113127,,2113127
"Bowie, David",Ziggy Stardist And The Spiders From Mars:  The Motion Picture Soundtrack,CD / Blu-Ray,Yes,Parlophone,DBX 377350,2023,UK,50th Anniversary Edition,No,https://www.discogs.com/release/27933984-David-Bowie-Ziggy-Stardust-And-The-Spiders-From-Mars-The-Motion-Picture, $28.65 ,27933984,,27933984
"Bowie, David",Ziggy Stardist And The Spiders From Mars:  The Motion Picture Soundtrack,"12"" Vinyl",Yes,Parlophone,DBLP 377350,2023,UK,Gold 50th Anniversary Edition,Yes,https://www.discogs.com/release/27942195-David-Bowie-Ziggy-Stardust-And-The-Spiders-From-Mars-The-Motion-Picture-Soundtrack, $31.31 ,27942195,,27942195
"Bowie, David",Ziggy Stardist And The Spiders From Mars:  The Motion Picture Soundtrack,"12"" Vinyl",Yes,Parlophone,DBLP 377350,2023,UK,Gold 50th Anniversary Edition,Yes,https://www.discogs.com/release/27942195-David-Bowie-Ziggy-Stardust-And-The-Spiders-From-Mars-The-Motion-Picture-Soundtrack, $31.31 ,27942195,,27942195
"Bowie, David",Ziggy Stardust,CD,Yes,Griffin Music,GCD-382-2,1995,Japan,Single,No,https://www.discogs.com/release/2183866-David-Bowie-Ziggy-Stardust, $10.76 ,2183866,,2183866
"Bowie, David",Ziggy Stardust,CD,Yes,Golden Years,GYCDS002,1994,UK,Promo,No,https://www.discogs.com/release/3335165-David-Bowie-Ziggy-Stardust, $20.00 ,3335165,,3335165
"Bowie, David",Ziggy Stardust - The Motion Picture,Cassette,Yes,RCA,CPK2 4862,1983,Germany,,No,https://www.discogs.com/release/3175848-David-Bowie-Ziggy-Stardust-The-Motion-Picture, $8.12 ,3175848,,3175848
"Bowie, David",Ziggy Stardust - The Motion Picture,CD,Yes,Rykodisc,RCD 40148,1992,Japan,Sound + Vision,No,https://www.discogs.com/release/995437-David-Bowie-Ziggy-Stardust-The-Motion-Picture, $10.77 ,995437,,995437
"Bowie, David",Ziggy Stardust - The Motion Picture,CD,Yes,Rykodisc,RCD 40148,1992,Japan,Sound + Vision,No,https://www.discogs.com/release/995437-David-Bowie-Ziggy-Stardust-The-Motion-Picture, $10.77 ,995437,,995437
"Bowie, David",Ziggy Stardust - The Motion Picture,Cassette,Yes,Ryko Analogue,RACS 0148,1992,UK,,Yes,https://www.discogs.com/release/1888299-David-Bowie-Ziggy-Stardust-The-Motion-Picture, $15.94 ,1888299,,1888299
"Bowie, David",Ziggy's Birthday,"12"" Vinyl",Yes,Hegehog Records,None,2017,USA,Unofficial Release - Pink Vinyl,No,https://www.discogs.com/release/10223835-David-Bowie-Ziggys-Birthday-, $50.00 ,10223835,,10223835
"Bowie, David",Ziggy's Last Floor Show (The Legendary Broadcast),"12"" Vinyl",Yes,Coda Publishing LTD,CPLVNY254,2017,UK,Unofficial Release - Clear coloured vinyl,Yes,https://www.discogs.com/release/10281650-Bowie-And-His-Guests-Ziggys-Last-Floor-Show-The-Legendary-Broadcast, $25.00 ,10281650,,10281650
"Bowie, David & Belew, Adrian",Pretty Pink Rose,CD,Yes,Atlantic,7 86200-2,1990,USA,Maxi-Single,No,https://www.discogs.com/release/2267373-Adrian-Belew-Duet-With-David-Bowie-Pretty-Pink-Rose, $3.21 ,2267373,,2267373
"Bowie, David & Crosby, Bing",Peace On Earth / Little Drummer Boy,"7"" Vinyl",Yes,RCA,BOW 12,1982,USA,Stock Copy - push out center intact,No,https://www.discogs.com/release/432020-David-Bowie-Bing-Crosby-Peace-On-Earth-Little-Drummer-Boy, $3.77 ,432020,,432020
"Bowie, David & Crosby, Bing",Peace On Earth / Little Drummer Boy,CD,Yes,Oglio Records,OGL 85001-2,1995,USA,Red Label,No,https://www.discogs.com/release/2046289-David-Bowie-Bing-Crosby-Peace-On-Earth-Little-Drummer-Boy, $12.99 ,2046289,,2046289
"Bowie, David & Crosby, Bing",Peace On Earth / Little Drummer Boy,"12"" Vinyl",Yes,None,PWM8545,2022,USA,Record Store Day Candy Cane Vinyl,Yes,https://www.discogs.com/release/25274890-David-Bowie-Bing-Crosby-Peace-On-Earth-Little-Drummer-Boy, $16.83 ,25274890,,25274890
"Bowie, David & Crosby, Bing",Peace On Earth / Little Drummer Boy,"12"" Vinyl",Yes,None,PWM8545,2022,USA,Record Store Day Candy Cane Vinyl,Yes,https://www.discogs.com/release/25274890-David-Bowie-Bing-Crosby-Peace-On-Earth-Little-Drummer-Boy, $16.83 ,25274890,,25274890
"Bowie, David & Crosby, Bing",Peace On Earth / Little Drummer Boy,"12"" Vinyl",Yes,RCA,BOWT 12,1982,USA,Large Oversize Labels,No,https://www.discogs.com/release/1624358-David-Bowie-Bing-Crosby-Peace-On-Earth-Little-Drummer-Boy, $17.86 ,1624358,,1624358
"Bowie, David & Crosby, Bing",Peace On Earth / Little Drummer Boy,"12"" Vinyl",Yes,RCA,BOWT 12,1982,USA,Large Oversize Labels,No,https://www.discogs.com/release/1624358-David-Bowie-Bing-Crosby-Peace-On-Earth-Little-Drummer-Boy, $17.86 ,1624358,,1624358
"Bowie, David & Jagger, Mick",Dancing In The Street,"7"" Vinyl",Yes,EMI America,EA 204,1985,USA,Black Paper Labels,No,https://www.discogs.com/release/398746-David-Bowie-And-Mick-Jagger-Dancing-In-The-Street, $1.89 ,398746,,398746
"Bowie, David & Jagger, Mick",Dancing In The Street,"7"" Vinyl",Yes,EMI America,EA 204,1985,USA,Silver Injection Labels,No,https://www.discogs.com/release/2434217-David-Bowie-Mick-Jagger-Dancing-In-The-Street, $1.90 ,2434217,,2434217
"Bowie, David & Jagger, Mick",Dancing In The Street,"7"" Vinyl",Yes,EMI America,EA 204,1985,USA,Silver Injection Labels,No,https://www.discogs.com/release/2434217-David-Bowie-Mick-Jagger-Dancing-In-The-Street, $1.90 ,2434217,,2434217
"Bowie, David & Jagger, Mick",Dancing In The Street,"7"" Vinyl",Yes,EMI America,B 8288,1984,USA,Stock Copy,No,https://www.discogs.com/release/3221764-David-Bowie-Mick-Jagger-Dancing-In-The-Street, $2.00 ,3221764,,3221764
"Bowie, David & Jagger, Mick",Dancing In The Street,"7"" Vinyl",Yes,EMI America,B-8288,1985,USA,Jacksonville Pressing,No,https://www.discogs.com/release/574574-David-Bowie-And-Mick-Jagger-Dancing-In-The-Street, $2.00 ,574574,,574574
"Bowie, David & Jagger, Mick",Dancing In The Street,"7"" Vinyl",Yes,EMI America,B-8288,1985,USA,Jacksonville Pressing,No,https://www.discogs.com/release/574574-David-Bowie-And-Mick-Jagger-Dancing-In-The-Street, $2.00 ,574574,,574574
"Bowie, David & Jagger, Mick",Dancing In The Street,"7"" Vinyl",Yes,EMI America,B-8288,1985,USA,Jacksonville Pressing,No,https://www.discogs.com/release/574574-David-Bowie-And-Mick-Jagger-Dancing-In-The-Street, $2.00 ,574574,,574574
"Bowie, David & Jagger, Mick",Dancing In The Street,"7"" Vinyl",Yes,EMI America,1A 006-20 0787 7,1985,USA,,No,https://www.discogs.com/release/626898-David-Bowie-And-Mick-Jagger-Dancing-In-The-Street, $2.11 ,626898,,626898
"Bowie, David & Jagger, Mick",Dancing In The Street,"12"" Vinyl",Yes,EMI America,V-19200,1985,USA,Stock Copy,No,https://www.discogs.com/release/560346-David-Bowie-and-Mick-Jagger-Dancing-In-The-Street, $4.25 ,560346,,560346
"Bowie, David & Jagger, Mick",Dancing In The Street,"12"" Vinyl",Yes,EMI America,V-19200,1985,USA,Stock Copy,No,https://www.discogs.com/release/560346-David-Bowie-and-Mick-Jagger-Dancing-In-The-Street, $4.25 ,560346,,560346
"Bowie, David & Jagger, Mick",Dancing In The Street,"7"" Vinyl",Yes,EMI America,006-2007877,1985,USA,,No,https://www.discogs.com/release/3998540-David-Bowie-And-Mick-Jagger-Dancing-In-The-Street, $4.74 ,3998540,,3998540
"Bowie, David & Jagger, Mick",Dancing In The Street,"7"" Vinyl",Yes,EMI America,31C 006 200787,1985,USA,Stock Copy,No,https://www.discogs.com/release/4419267-David-Bowie-And-Mick-Jagger-Dancing-In-The-Street, $7.93 ,4419267,,4419267
"Bowie, David & Jagger, Mick",Dancing In The Street,"7"" Vinyl",Yes,EMI America,EYS-17576,1985,USA,,No,https://www.discogs.com/release/1384174-David-Bowie-And-Mick-Jagger-Dancing-In-The-Street, $8.00 ,1384174,,1384174
"Bowie, David & Jagger, Mick",Dancing In The Street,"7"" Vinyl",Yes,EMI America,AMIJ 555,1985,USA,,No,https://www.discogs.com/release/5880243-David-Bowie-Mick-Jagger-Dancing-In-The-Street, $9.34 ,5880243,,5880243
"Bowie, David & Jagger, Mick",Dancing In The Street,"7"" Vinyl",N/A,EMI America,01.36.2500,1985,USA,,No,https://www.discogs.com/release/3923848-David-Bowie-Mick-Jagger-Dancing-In-The-Street-Bailando-Por-La-Calle, $11.57 ,3923848,,3923848
"Bowie, David & Morrissey",Cosmic Dancer,"7"" Vinyl",Yes,Parlophone,0190295142254,2021,USA,,No,https://www.discogs.com/release/17349874-David-Bowie-Morrissey-Cosmic-Dancer-Live-Thats-Entertainment-, $8.97 ,17349874,,17349874
"Bowie, David & Morrissey",Cosmic Dancer,"7"" Vinyl",Yes,Parlophone,0190295142254,2021,USA,,Yes,https://www.discogs.com/release/17349874-David-Bowie-Morrissey-Cosmic-Dancer-Live-Thats-Entertainment-, $8.97 ,17349874,,17349874
"Bowie, David & Nine Inch Nails",We Prick You,CD,Yes,Laser Media,LM 621,2016,USA,Unofficial Release,Yes,https://www.discogs.com/release/8110835-NIN-Feat-David-Bowie-We-Prick-You, $25.00 ,8110835,,8110835
"Bowie, David & Placebo",Without You I'm Nothing,CD,Yes,Elevator Music / Hut Recordings / Virgin,FLOORCD10,1999,USA,Limited Edition,No,https://www.discogs.com/release/1532215-Placebo-Featuring-David-Bowie-Without-You-Im-Nothing, $6.03 ,1532215,,1532215
"Bowie, David & Placebo",Without You I'm Nothing,"12"" Vinyl",Yes,Elevator Music / Universal Music Group International,0600753757772,2017,USA,"Record Store Day - Limited Edition 5,000 Copies",No,https://www.discogs.com/release/10166816-Placebo-Featuring-David-Bowie-Without-You-Im-Nothing, $42.11 ,10166816,,10166816
"Bowie, David & Pop, Iggy",Iggy & Ziggy Cleveland '77,"12"" Vinyl",Yes,Cleopatra,CLP 3738,2009,USA,Unofficial Release - colored vinyl,Yes,https://www.discogs.com/release/7652030-Iggy-Pop-Iggy-Ziggy-Cleveland-77, $14.98 ,7652030,,7652030
"Bowie, David & Zappa, Frank",What's It All About?,"7"" Vinyl",N/A,TRAV,MA-2903,1984,USA,Interview Disc,No,https://www.discogs.com/release/7773201-Frank-Zappa-David-Bowie-Whats-It-All-About, $45.29 ,7773201,,7773201
"Bowie, David, Glass, Philip & Eno, Brian","""Heroes"" Symphony",CD,Yes,Point Music,454 388-2,1997,USA,,No,https://www.discogs.com/release/784624-Philip-Glass-From-The-Music-Of-David-Bowie-Brian-Eno-Heroes-Symphony, $5.13 ,784624,,784624
"Braxton, Anthony",B-XO NO-47A,"12"" Vinyl",Yes,BYG Records,529.315,2010,USA,Actuel - 15,No,https://www.discogs.com/release/2516772-Anthony-Braxton-B-X0-NO-47A, $16.00 ,2516772,,2516772
"Brel, Jacques",Brel,"12"" Vinyl",Yes,Barclay,96 010,1977,USA,,No,https://www.discogs.com/release/2049593-Brel-Brel, $6.26 ,2049593,,2049593
"Brooks, Garth",No Fences,"12"" Vinyl",Yes,Pearl Records,817-08,2020,USA,Reissue,Yes,https://www.discogs.com/release/18862387-Garth-Brooks-No-Fences, $17.99 ,18862387,,18862387
"Brown, James",Live At The Apollo,"12"" Vinyl",Yes,King Records,826,1963,USA,Mono,No,https://www.discogs.com/release/2585867-James-Brown-Live-At-The-Apollo, $43.62 ,2585867,,2585867
"Buckley, Jeff",Grace,"12"" Vinyl",Yes,Columbia / Legacy / Sony Music,19075978301,2019,USA,"Record Store Day - limited edition of 3,750 copies",No,https://www.discogs.com/release/14464843-Jeff-Buckley-Live-At-KCRW-Morning-Becomes-Eclectic, $19.89 ,14464843,,14464843
"Buckley, Jeff",Live at KCRW: Morning Becomes Electric,"12"" Vinyl",Yes,Columbia / Legacy / Sony Music,88697779831,2019,USA,"Vinyl Me Please limited edition of 1,000 copies.  372/1000",No,https://www.discogs.com/release/14382513-Jeff-Buckley-Grace, $75.49 ,14382513,,14382513
"Buckley, Tim",Blue Afternoon,"12"" Vinyl",Yes,Discreet,MS 2157,1973,USA,,No,https://www.discogs.com/release/12828596-Tim-Buckley-Sefronia, $3.32 ,12828596,,12828596
"Buckley, Tim",Blue Afternoon,CD,Yes,Manifesto / Discreet,PT3 40701,1995,USA,Reissue,No,https://www.discogs.com/release/2589304-Tim-Buckley-Sefronia, $3.87 ,2589304,,2589304
"Buckley, Tim",Blue Afternoon,CD,Yes,Warner Bros. Records,7599-27261-2,1997,USA,Reissue,No,https://www.discogs.com/release/617863-Tim-Buckley-Greetings-From-LA, $4.00 ,617863,,617863
"Buckley, Tim",Goodbye And Hello,CD,Yes,Elektra,74045-2,1989,USA,Reissue,No,https://www.discogs.com/release/1408588-Tim-Buckley-Happy-Sad, $4.00 ,1408588,,1408588
"Buckley, Tim",Goodbye And Hello,CD,Yes,Elektra,74045-2,1989,USA,Reissue,No,https://www.discogs.com/release/1408588-Tim-Buckley-Happy-Sad, $4.00 ,1408588,,1408588
"Buckley, Tim",Greetings From L.A.,CD,Yes,Elektra / Warner Strategic Marketing,8122 73569-2,2001,USA,Two Album Package,No,https://www.discogs.com/release/694803-Tim-Buckley-Tim-Buckley-Goodbye-And-Hello, $4.21 ,694803,,694803
"Buckley, Tim",Greetings From L.A.,CD,Yes,Elektra,9 61338-2,1989,USA,Reissue,No,https://www.discogs.com/release/2173967-Tim-Buckley-Tim-Buckley, $4.79 ,2173967,,2173967
"Buckley, Tim",Happy Sad,CD,Yes,Elektra,7 4028-2,1989,USA,Reissue,No,https://www.discogs.com/release/10299394-Tim-Buckley-Goodbye-And-Hello, $4.99 ,10299394,,10299394
"Buckley, Tim",Happy Sad,CD,Yes,Manifesto / Discreet,PT3 40702,1995,USA,Reissue,No,https://www.discogs.com/release/1690843-Tim-Buckley-Look-At-The-Fool, $5.03 ,1690843,,1690843
"Buckley, Tim","Lady, Give My Your Key",CD,Yes,Elektra,9 61339-2,1992,USA,Reissue,No,https://www.discogs.com/release/2591026-Tim-Buckley-Lorca, $5.13 ,2591026,,2591026
"Buckley, Tim",Live at the Troubadour 1969,CD,Yes,Elektra / Rhino Records,R2 76722,2001,USA,Compilation,No,https://www.discogs.com/release/4293550-Tim-Buckley-Morning-Glory-The-Tim-Buckley-Anthology, $6.43 ,4293550,,4293550
"Buckley, Tim",Look At The Fool,CD,Yes,Manifesto / Bizzarre/Straight,PT3 40703,1995,USA,Reissue,No,https://www.discogs.com/release/2591141-Tim-Buckley-Dream-Letter-Live-In-London-1968, $6.97 ,2591141,,2591141
"Buckley, Tim",Look At The Fool,"12"" Vinyl",Yes,Elektra,EKS-7318,1967,USA,Monarch Presing,No,https://www.discogs.com/release/6970218-Tim-Buckley-Goodbye-And-Hello, $8.00 ,6970218,,6970218
"Buckley, Tim",Look At The Fool,"12"" Vinyl",Yes,Discreet,DS 2201,1974,USA,Stock Copy,No,https://www.discogs.com/release/1819832-Tim-Buckley-Look-At-The-Fool, $8.42 ,1819832,,1819832
"Buckley, Tim",Lorca,"12"" Vinyl",Yes,Discreet,MS 2157,1973,USA,,No,https://www.discogs.com/release/9735837-Tim-Buckley-Sefronia, $9.47 ,9735837,,9735837
"Buckley, Tim",Lorca,"12"" Vinyl",Yes,Discreet,MS 2157,1973,USA,,No,https://www.discogs.com/release/9735837-Tim-Buckley-Sefronia, $9.47 ,9735837,,9735837
"Buckley, Tim",Manifesto,"12"" Vinyl",Yes,Discreet,DS 2201,1974,USA,Promo,No,https://www.discogs.com/release/4329740-Tim-Buckley-Look-At-The-Fool, $10.00 ,4329740,,4329740
"Buckley, Tim",Morning Glory: The Tim Buckley Anthology,CD,Yes,Future Days Recordings,FDR 631,2016,USA,,No,https://www.discogs.com/release/9230034-Tim-Buckley-Lady-Give-Me-Your-Key, $13.33 ,9230034,,9230034
"Buckley, Tim",Sefronia,"12"" Vinyl",Yes,Elektra,EKS-74074,1970,USA,,No,https://www.discogs.com/release/1138756-Tim-Buckley-Lorca, $14.50 ,1138756,,1138756
"Buckley, Tim",Sefronia,"12"" Vinyl",Yes,Real Gone Music,RGM-0667,2018,USA,"Record Store Day - Clear Vinyl 1,000 copies",No,https://www.discogs.com/release/11902138-Tim-Buckley-Live-at-the-Troubadour-1969, $16.99 ,11902138,,11902138
"Buckley, Tim",Sefronia,"12"" Vinyl",Yes,Straight Records,STS 1060,1969,USA,Gatefold Original Pressing,No,https://www.discogs.com/release/539590-Tim-Buckley-Blue-Afternoon, $17.78 ,539590,,539590
"Buckley, Tim",Sefronia,"12"" Vinyl",Yes,Straight,STS 1060,2001,USA,Carbon Copy Reissue - Distinguished by runout etchings-Rainbow,No,https://www.discogs.com/release/1408614-Tim-Buckley-Blue-Afternoon, $18.42 ,1408614,,1408614
"Buckley, Tim",Starsailor,"12"" Vinyl",Yes,Warner Bros. Records,K46176,1974,USA,Unipak Gatefold,No,https://www.discogs.com/release/546850-Tim-Buckley-Greetings-From-LA, $18.97 ,546850,,546850
"Buckley, Tim",Starsailor,CD,Yes,Bizarre/Straight / Rhino Records,R2 70356,1991,USA,Reissue,No,https://www.discogs.com/release/2590939-Tim-Buckley-Blue-Afternoon, $18.98 ,2590939,,2590939
"Buckley, Tim",Tim Buckley,"12"" Vinyl",Yes,Elektra,EKS 74004,1966,USA,Tan Label,No,https://www.discogs.com/release/1138759-Tim-Buckley-Tim-Buckley, $23.49 ,1138759,,1138759
"Buckley, Tim",Tim Buckley,"12"" Vinyl",Yes,Straight / Warner Bros. Records,WS 1881,1970,USA,Promo - White Label,No,https://www.discogs.com/release/2521008-Tim-Buckley-Starsailor, $27.66 ,2521008,,2521008
"Buckley, Tim",Tim Buckley & Goodbye And Hello,CD,Yes,Bizarre/Straight / Rhino Records,R2 70360,1991,USA,Reissue,No,https://www.discogs.com/release/1418688-Tim-Buckley-Starsailor, $31.58 ,1418688,,1418688
"Budd, Harold",The Pavilion Of Dreams,"12"" Vinyl",Yes,Editions EG,EGS 301,1981,USA,,No,https://www.discogs.com/release/351204-Harold-Budd-The-Pavilion-Of-Dreams, $41.56 ,351204,,351204
"Budd, Harold & Eno, Brian",Ambient 2 (The Plateaux Of Mirror),"12"" Vinyl",Yes,Editions EG,EGS 202,1980,USA,,No,https://www.discogs.com/release/111870-Harold-Budd-Brian-Eno-Ambient-2-The-Plateaux-Of-Mirror, $50.00 ,111870,,111870
Buffalo Springfield,Retrospective - The Best Of Buffalo Springfield,"12"" Vinyl",Yes,Atco Records,SD 33-283,1969,USA,,No,https://www.discogs.com/release/6422750-Buffalo-Springfield-Retrospective-The-Best-Of-Buffalo-Springfield, $5.00 ,6422750,,6422750
"Burrell, Dave",Echo,"12"" Vinyl",Yes,BYG Records,529.32,1969,USA,Actuel - 20,No,https://www.discogs.com/release/17479909-Dave-Burrell-Echo, $29.21 ,17479909,,17479909
"Burrell, Dave",Echo,"12"" Vinyl",Yes,BYG Records,529.32,1969,USA,Actuel - 20,No,https://www.discogs.com/release/17479909-Dave-Burrell-Echo, $29.21 ,17479909,,17479909
"Burrell, Dave",La Vie De Boheme,"12"" Vinyl",Yes,BYG Records,529.33,1970,USA,Actuel - 30,No,https://www.discogs.com/release/523383-Dave-Burrell-La-Vie-De-Bohême, $37.95 ,523383,,523383
"Bush, Kate",Aerial,"10"" Vinyl",N/A,Fish People,FP7RSD,2024,USA,"Picture Disc - 1 sided 10,000 Copies Worldwide",Yes,https://www.discogs.com/release/30446870-Kate-Bush-Eat-The-Music, $8.00 ,30446870,,30446870
"Bush, Kate",Cloudbusting,"12"" Vinyl",Yes,EMI America,SPRO-9464/9465,1985,USA,Promo,No,https://www.discogs.com/release/2233576-Kate-Bush-Running-Up-That-Hill-Extended-Version, $20.00 ,2233576,,2233576
"Bush, Kate",Eat The Music,"12"" Vinyl",Yes,EMI,0946 3 43960 1 1,2005,USA,,No,https://www.discogs.com/release/588079-Kate-Bush-Aerial, $111.69 ,588079,,588079
"Bush, Kate",Experiment IV,"7"" Vinyl",Yes,EMI,IEMI 9001,1983,USA,Paper Sleeve,No,https://www.discogs.com/release/14513435-Kate-Bush-Night-Of-The-Swallow, $443.04 ,14513435,,14513435
"Bush, Kate",Hounds Of Love,"12"" Vinyl",Yes,EMI United Kingdom,EMD 1047,1993,USA,Original Pressing,No,"Kate Bush – The Red Shoes – Vinyl (LP, Album), 1993 [r1315758] | Discogs", $93.33 ,1315758.00,,1315758
"Bush, Kate",Hounds Of Love,"12"" Vinyl",Yes,EMI,12KB 5,1986,USA,Single,No,"Kate Bush – Experiment IV – Vinyl (12"", 45 RPM, Single), 1986 [r539595] | Discogs", $11.61 ,539595.00,,539595
"Bush, Kate",Kate Bush,"12"" Vinyl",Yes,EMI America,ST-17242,1986,USA,Compilation,No,"Kate Bush – The Whole Story – Vinyl (LP, Compilation), 1986 [r596904] | Discogs", $16.52 ,596904.00,,596904
"Bush, Kate",Lionheart,"12"" Vinyl",Yes,Columbia,OC 44164,1989,USA,Original Pressing,No,"Kate Bush – The Sensual World – Vinyl (LP, Album), 1989 [r4987435] | Discogs", $26.25 ,4987435.00,,4987435
"Bush, Kate",Lionheart,"12"" Vinyl",Yes,EMI,12EM 102,1989,USA,Single,No,"Kate Bush – The Sensual World – Vinyl (Double Grooved, 12"", 45 RPM + 2 more), 1989 [r483472] | Discogs", $12.33 ,483472.00,,483472
"Bush, Kate",Lionheart,"12"" Vinyl",Yes,EMI,12EM P 119,1989,USA,Single,No,"Kate Bush – This Woman's Work – Vinyl (Poster Sleeve, 12"", 45 RPM + 2 more), 1989 [r637823] | Discogs", $19.99 ,637823.00,,637823
"Bush, Kate",Never For Ever,"12"" Vinyl",Yes,EMI,12KB 4,1986,USA,Single,No,"Kate Bush – The Big Sky (Meteorological Mix) – Vinyl (12"", 45 RPM, Single), 1986 [r539598] | Discogs", $9.00 ,539598.00,,539598
"Bush, Kate",Never For Ever,"12"" Vinyl",Yes,EMI America,ST-17171,1985,USA,Grey/Pink Marbled Vinyl,No,"Kate Bush – Hounds Of Love – Vinyl (Grey/Pink Marbled, LP, Album, Limited Edition), 1985 [r2252488] | Discogs", $50.00 ,2252488.00,,2252488
"Bush, Kate",Night Of The Swallow,"12"" Vinyl",Yes,EMI America,V-7865,1985,USA,Single,No,"Kate Bush – Running Up That Hill – Vinyl (12"", 33 ⅓ RPM + 2 more), 1985 [r330190] | Discogs", $19.99 ,330190.00,,330190
"Bush, Kate",Running Up That Hill,"12"" Vinyl",Yes,EMI,12KB2,1985,USA,Single,No,"Kate Bush – Cloudbusting – Vinyl (Purple Labels, 12"", 45 RPM, Single), 1985 [r330191] | Discogs", $9.67 ,330191.00,,330191
"Bush, Kate",Running Up That Hill (Extended Version),"12""  Vinyl",Yes,EMI America,MLP-19004,1983,USA,Mini-Album,No,"Kate Bush – Kate Bush – Vinyl (LP, Mini-Album + 2 more), 1983 [r483467] | Discogs", $15.50 ,483467.00,,483467
"Bush, Kate",The Big Sky (Meteorological Mix),"12"" Vinyl",Yes,EMI America,ST-17084,1982,USA,,No,"Kate Bush – The Dreaming – Vinyl (Jacksonville Pressing, LP, Album, Stereo), 1982 [r7546939] | Discogs", $23.25 ,7546939.00,,7546939
"Bush, Kate",The Dreaming,"12"" Vinyl",Yes,EMI,12 KB3,1986,USA,Single,No,"Kate Bush – Hounds Of Love – Vinyl (12"", Single, 45 RPM), 1986 [r539592] | Discogs", $11.18 ,539592.00,,539592
"Bush, Kate",The Kick Inside,"12"" Vinyl",Yes,EMI America,ST-17115,1984,USA,,No,"Kate Bush – Never For Ever – Vinyl (Jacksonville Pressing, LP, Album, Stereo), 1984 [r838422] | Discogs", $20.00 ,838422.00,,838422
"Bush, Kate",The Kick Inside,"12"" Vinyl",Yes,Harvest,STAO 6476,1980,USA,Original Pressing,No,"Kate Bush – Never For Ever – Vinyl (Gatefold, LP, Album), 1980 [r10652176] | Discogs", $14.30 ,10652176.00,,10652176
"Bush, Kate",The Red Shoes,"12"" Vinyl",Yes,EMI America,SMAS-17008,1984,USA,Reissue,No,"Kate Bush – Lionheart – Vinyl (Gatefold, Winchester Pressing, LP, Album + 2 more), 1984 [r1800599] | Discogs", $12.75 ,1800599.00,,1800599
"Bush, Kate",The Sensual World,"12"" Vinyl",Yes,Harvest,STAO-6456,1978,USA,Original Pressing,No,"Kate Bush – Lionheart – Vinyl (Gatefold, Embossed, LP, Album), 1978 [r478766] | Discogs", $10.70 ,478766.00,,478766
"Bush, Kate",The Sensual World,"12"" Vinyl",Yes,Harvest,STAO-6456,1978,USA,Original Pressing,No,"Kate Bush – Lionheart – Vinyl (Gatefold, Embossed, LP, Album), 1978 [r7553126] | Discogs", $8.14 ,7553126.00,,7553126
"Bush, Kate",The Whole Story,"12"" Vinyl",Yes,EMI America,SW-17003,1978,USA,,Yes,"Kate Bush – The Kick Inside – Vinyl (LP, Album, Reissue), 1978 [r11726668] | Discogs", $40.00 ,11726668.00,,11726668
"Bush, Kate",This Woman's Work,"12"" Vinyl",Yes,EMI America,SW-17003,1978,USA,,Yes,"Kate Bush – The Kick Inside – Vinyl (LP, Album, Reissue), 1978 [r11726668] | Discogs", $19.99 ,11726668.00,,11726668
"Byrne, David",Music For The Knee Plays,"12"" Vinyl",Yes,Sire,SRK 3645,1981,USA,Promotional sticker on cover,No,https://www.discogs.com/release/27776496-David-Byrne-Songs-From-The-Broadway-Production-Of-The-Catherine-Wheel, $5.99 ,27776496,,27776496
"Byrne, David","Songs From The Broadway Production of ""The Catherine Wheel""","12"" Vinyl",Yes,ECM Records,1-25022,1985,USA,Wakefield Pressing,No,https://www.discogs.com/release/750057-David-Byrne-Music-For-The-Knee-Plays, $6.38 ,750057,,750057
"Byrne, David","Songs From The Broadway Production of ""The Catherine Wheel""","12"" Vinyl",Yes,Rhino Records / Sire,R1 706346,2023,USA,Record Store Day Release,No,https://www.discogs.com/release/26836160-David-Byrne-The-Complete-Score-From-The-Broadway-Production-Of-The-Catherine-Wheel?srsltid=AfmBOooOR7r_r1HIv9G79XvpHaCsI3pUKQ2QYUqO2Jlb9w1bMKcUZ6eP, $20.00 ,26836160,,26836160
"Byron, David",Take No Prisioners,"12"" Vinyl",Yes,Mercury / Bronze,SRM-1-1074,1975,USA,,No,https://www.discogs.com/release/5352614-David-Byron-Take-No-Prisoners, $7.00 ,5352614,,5352614
"Cale, John",Animal Justice,DVD,Yes,Kultur,D4140,2006,USA,NTSC,No,, $5.00 ,,,
"Cale, John",Antartida (Original Soundtrack),"12"" Vinyl",Yes,Beggars Banquet,BEG 153T,1985,USA,Dance Remix,No,https://www.discogs.com/release/2309735-John-Cale-Satellite-Walk-Dance-Re-Mix, $5.16 ,2309735,,2309735
"Cale, John",Artificial Intelligence,"12"" Vinyl",Yes,ZE Records / Island Records,601 267,1984,USA,Maxi-Single,No,https://www.discogs.com/release/1026903-John-Cale-Villa-Albani, $5.26 ,1026903,,1026903
"Cale, John",Artificial Intelligence,"12"" Vinyl",Yes,Beggars Banquet,BEG 145 T,1985,USA,,No,https://www.discogs.com/release/2152271-John-Cale-Dying-On-The-Vine, $6.45 ,2152271,,2152271
"Cale, John",Artificial Intelligence,"12"" Vinyl",Yes,Beggars Banquet,58033,1987,USA,Reissue,No,https://www.discogs.com/release/11579712-John-Cale-Artificial-Intelligence, $7.89 ,11579712,,11579712
"Cale, John",Caribbean Sunset,"12"" Vinyl",Yes,Illegal Records,IL 003,1977,USA,,No,https://www.discogs.com/release/469435-John-Cale-Animal-Justice, $8.27 ,469435,,469435
"Cale, John",Caribbean Sunset,CD,Yes,A&M Records,394 849-2,1991,USA,,No,https://www.discogs.com/release/542646-John-Cale-Honi-Soit, $9.73 ,542646,,542646
"Cale, John",Comes Alive,CD,Yes,Beggars Banquet,BBL 68CD,1996,USA,Reissue,No,https://www.discogs.com/release/7162480-John-Cale-Artificial-Intelligence, $9.76 ,7162480,,7162480
"Cale, John",Dying On The Vine,"12"" Vinyl",Yes,Beggars Banquet,BEGA 68,1985,USA,,No,https://www.discogs.com/release/3777828-John-Cale-Artificial-Intelligence, $9.90 ,3777828,,3777828
"Cale, John",Even Cowgirls Get The Blues,"12"" Vinyl",Yes,Island Records,ILPS 9459,1977,USA,Terre Haute Pressing,No,https://www.discogs.com/release/8640389-John-Cale-Guts, $10.00 ,8640389,,8640389
"Cale, John",Fear,"12"" Vinyl",Yes,A&M Records,SP-4849,1981,USA,,No,https://www.discogs.com/release/1415673-John-Cale-Honi-Soit, $10.00 ,1415673,,1415673
"Cale, John",Fear,CD,Yes,Les Disques Du Crepuscule,TWI 1008,1995,USA,Soundtrack,No,https://www.discogs.com/release/1519088-John-Cale-Antártida-Original-Soundtrack, $10.21 ,1519088,,1519088
"Cale, John",Guts,"12"" Vinyl",Yes,ZE Records,IT-8402,1984,USA,,Yes,https://www.discogs.com/release/2398222-John-Cale-John-Cale-Comes-Alive, $10.57 ,2398222,,2398222
"Cale, John",Helen Of Troy,"12"" Vinyl",Yes,ZE Records / Passport Records,PB 6019,1982,USA,,No,https://www.discogs.com/release/1225010-John-Cale-Music-For-A-New-Society, $12.32 ,1225010,,1225010
"Cale, John",Helen Of Troy,CD,Yes,Rhino Records,R2 71743,1993,USA,Reissue,No,https://www.discogs.com/release/1679116-John-Cale-Music-For-A-New-Society, $12.50 ,1679116,,1679116
"Cale, John",Helen Of Troy,"12"" Vinyl",Yes,ZE Records / Island Records,ILPS 7024,1984,USA,,No,https://www.discogs.com/release/1833601-John-Cale-Caribbean-Sunset, $12.59 ,1833601,,1833601
"Cale, John",Honi Soit,"12"" Vinyl",Yes,Spy Records Ltd. / I.R.S. Records,SP 004,1979,USA,,No,https://www.discogs.com/release/798082-John-Cale-SabotageLive, $13.04 ,798082,,798082
"Cale, John",Honi Soit,"12"" Vinyl",Yes,Opal Records / Warner Bros. Records,1-26024,1989,USA,Promo Stamp On Cover,No,https://www.discogs.com/release/1138682-John-Cale-Words-For-The-Dying, $13.60 ,1138682,,1138682
"Cale, John",John Cale,"12"" Vinyl",Yes,ZE Records,IT 8401,1984,USA,Stock Copy,No,https://www.discogs.com/release/3705542-John-Cale-Caribbean-Sunset, $13.79 ,3705542,,3705542
"Cale, John",Mercenaries (Ready For War),"7"" Vinyl",Yes,Spy Records L.T.D / I.R.S. Records,IR-9008,1980,USA,From the Nick Knox Collection,No,https://www.discogs.com/release/1833653-John-Cale-Mercenaries, $14.22 ,1833653,,1833653
"Cale, John",Music For A New Society,"12"" Vinyl",Yes,Island Records,ILPS 9317,1975,USA,Terre Haute Pressing,No,https://www.discogs.com/release/14379864-John-Cale-Slow-Dazzle, $15.00 ,14379864,,14379864
"Cale, John",Music For A New Society,"12"" Vinyl",Yes,Island Records,ILPS 9317,1975,USA,Terre Haute Pressing,No,https://www.discogs.com/release/14379864-John-Cale-Slow-Dazzle, $15.00 ,14379864,,14379864
"Cale, John",Paris 1919,CD,Yes,Danceteria,DANCD113,1992,USA,,No,https://www.discogs.com/release/1182581-John-Cale-Even-Cowgirls-Get-The-Blues, $17.11 ,1182581,,1182581
"Cale, John",Paris 1919,CD,Yes,Reprise Records / Rhino Records,8122 74060 2,2006,USA,Reissue,Yes,https://www.discogs.com/release/1187362-John-Cale-Paris-1919, $20.65 ,1187362,,1187362
"Cale, John",Paris S'Eveille - Suivi D'autres Compositions,"12"" Vinyl",Yes,Island Records,ILPS 9350,1975,USA,"""Mispressing"" with Coral Moon on B3",No,https://www.discogs.com/release/5967820-John-Cale-Helen-Of-Troy, $23.93 ,5967820,,5967820
"Cale, John",Sabotage/Live,"12"" Vinyl",Yes,Island Records,ILPS 9350,1975,USA,"""Mispressing"" with Coral Moon on B3",No,https://www.discogs.com/release/5967820-John-Cale-Helen-Of-Troy, $23.93 ,5967820,,5967820
"Cale, John",Satellite Walk,"12"" Vinyl",Yes,Gasa / Les Disques Du Crepuscule,4G-0461,1992,USA,,No,https://www.discogs.com/release/1831487-John-Cale-Paris-SEveille-Suivi-Dautres-Compositions, $24.55 ,1831487,,1831487
"Cale, John",Slow Dazzle,"12"" Vinyl",Yes,Columbia,CS 1037,1970,USA,Terre Haute Pressing - Reissue,No,https://www.discogs.com/release/2347620-John-Cale-Vintage-Violence, $24.99 ,2347620,,2347620
"Cale, John",Slow Dazzle,"12"" Vinyl",Yes,Island Records,ILPS 9350,1975,USA,"With ""Leaving It Up To You""",No,https://www.discogs.com/release/1374683-John-Cale-Helen-Of-Troy, $31.05 ,1374683,,1374683
"Cale, John",The Academy In Peril,"12"" Vinyl",Yes,Island Records,ILPS 9301,1981,USA,Reissue,No,https://www.discogs.com/release/2821694-John-Cale-Fear, $36.32 ,2821694,,2821694
"Cale, John",The Academy In Peril,"12"" Vinyl",Yes,Columbia,CS 1037,1970,USA,Original Pressing,No,https://www.discogs.com/release/641056-John-Cale-Vintage-Violence, $45.00 ,641056,,641056
"Cale, John",Villa Albani,"12"" Vinyl",Yes,Island Records,ILPS 9301,1974,USA,,No,https://www.discogs.com/release/812542-John-Cale-Fear, $49.99 ,812542,,812542
"Cale, John",Vintage Violence,"12"" Vinyl",Yes,Reprise Records,K 44239,1973,USA,Original Pressing,No,https://www.discogs.com/release/8726836-John-Cale-Paris-1919, $51.63 ,8726836,,8726836
"Cale, John",Vintage Violence,"12"" Vinyl",Yes,Reprise Records,MS 2079,1972,USA,Promo - White Label,No,https://www.discogs.com/release/1487179-John-Cale-The-Academy-In-Peril, $65.00 ,1487179,,1487179
"Cale, John",Words For The Dying,"12"" Vinyl",Yes,Reprise Records,MS 2079,1972,USA,Promo - White Label,No,https://www.discogs.com/release/1487179-John-Cale-The-Academy-In-Peril, $65.00 ,1487179,,1487179
"Cale, John & Riley, Terry",Church Of Anthrax,"12"" Vinyl",Yes,Columbia,C 30131,1971,USA,,No,https://www.discogs.com/release/1363130-John-Cale-Terry-Riley-Church-Of-Anthrax, $24.99 ,1363130,,1363130
Captain Beyond,Captain Beyond,CD,Yes,Polydor,POCP-1826,1990,USA,No OBI,No,https://www.discogs.com/release/1134539-Captain-Beyond-Captain-Beyond, $12.25 ,1134539,,1134539
Cat,Cat,"12"" Vinyl",Yes,RCA Victor,LSP-4267,1970,USA,,No,https://www.discogs.com/release/1952314-Cat-Cat, $7.18 ,1952314,,1952314
"Cherry, Don","""Mu"" First Part","12"" Vinyl",Yes,BYG Records,529.331,1970,USA,Actuel - 31,No,https://www.discogs.com/release/12592709-Don-Cherry-Mu-Second-Part, $44.79 ,12592709,,12592709
"Cherry, Don","""Mu"" Second Part","12"" Vinyl",Yes,BYG Records,529.301,1969,USA,Actuel - 1,No,https://www.discogs.com/release/369033-Don-Cherry-Mu-First-Part, $54.82 ,369033,,369033
"Cipriani, Stelvio",Cani Arrabbiati,"12"" Vinyl",Yes,Spikerot Records,SPK007,2018,USA,Limited Edition of 400 copies,No,https://www.discogs.com/release/12764492-Stelvio-Cipriani-Cani-Arrabbiati, $30.00 ,12764492,,12764492
Claudio Simonetti's Goblin,George A. Romero's Dawn Of The Dead,"12"" Vinyl",Yes,Svart Records,SVART268LP,2021,USA,Black Vinyl Edition,Yes,https://www.discogs.com/release/21638848-Claudio-Simonettis-Goblin-Dario-Argentos-Profondo-Rosso-Live-Soundtrack-Experience, $19.43 ,21638848,,21638848
Claudio Simonetti's Goblin,Profondo Rosso,"12"" Vinyl",Yes,Rustblade,RBL064LP,2018,USA,Grey Marbled Vinyl,No,https://www.discogs.com/release/12254730-Claudio-Simonettis-Goblin-Daemonia-George-A-Romeros-Dawn-Of-The-Dead-, $19.95 ,12254730,,12254730
Claudio Simonetti's Goblin,Profondo Rosso (Live Soundtrack Experience),"12"" Vinyl",Yes,Rustblade,LP DR 006,2020,USA,45th Anniversary Edition,No,https://www.discogs.com/release/15733286-Claudio-Simonettis-Goblin-Profondo-Rosso-45th-Anniversary-1975-2020, $20.42 ,15733286,,15733286
Cluster,Curiosum,"12"" Vinyl",Yes,Sky Records,SKY 063,1981,USA,,No,https://www.discogs.com/release/325908-Cluster-Curiosum, $46.00 ,325908,,325908
Cluster,Grosses Wasser,"12"" Vinyl",Yes,Sky Records,SKY 027,1979,USA,,No,https://www.discogs.com/release/326287-Cluster-Grosses-Wasser, $48.16 ,326287,,326287
"Cobert, Robert",Original Music From Dark Shadows Volume 2,"12"" Vinyl",Yes,Philips,PHS-600-314,1969,USA,With Poster,No,https://www.discogs.com/release/2675105-The-Robert-Cobert-Orchestra-Featuring-Jonathan-Barnabas-Frid-And-David-Quentin-Selby-The-Original-Mu, $6.36 ,2675105,,2675105
"Cobert, Robert",Original Music From Dark Shadows Volume 3,"12"" Vinyl",Yes,Philips,PHS-600-314,1969,USA,With Poster,No,https://www.discogs.com/release/2675105-The-Robert-Cobert-Orchestra-Featuring-Jonathan-Barnabas-Frid-And-David-Quentin-Selby-The-Original-Mu, $6.36 ,2675105,,2675105
"Cobert, Robert","The Original Music From ABC-TV's ""Dark Shadows""","12"" Vinyl",Yes,Philips,PHS-600-314,1969,USA,With Poster,No,https://www.discogs.com/release/2675105-The-Robert-Cobert-Orchestra-Featuring-Jonathan-Barnabas-Frid-And-David-Quentin-Selby-The-Original-Mu, $6.36 ,2675105,,2675105
"Cobert, Robert","The Original Music From ABC-TV's ""Dark Shadows""","12"" Vinyl",Yes,Mediasound,MS-00001,1986,USA,Autographed by Jonathan Frid,No,https://www.discogs.com/release/5508633-Robert-Cobert-Original-Music-From-Dark-Shadows-Volume-2-Original-Television-Soundtrack, $12.84 ,5508633,,5508633
"Cobert, Robert","The Original Music From ABC-TV's ""Dark Shadows""","12"" Vinyl",Yes,Mediasound,MS-00002,1988,USA,,No,https://www.discogs.com/release/6077460-Robert-Cobert-Original-Music-From-Dark-Shadows-Volume-3, $22.50 ,6077460,,6077460
"Cohen, Leonard",Live Songs,"12"" Vinyl",Yes,Live Songs,KC 31724,1973,USA,Pitman Pressing,No,https://www.discogs.com/release/1142494-Leonard-Cohen-Live-Songs, $13.39 ,1142494,,1142494
"Cohen, Leonard",Songs Of Love And Hate,"12"" Vinyl",Yes,Columbia,C 30103,1971,USA,,No,https://www.discogs.com/release/483725-Leonard-Cohen-Songs-Of-Love-And-Hate, $18.49 ,483725,,483725
Col. Frank Erhardt & Cast,Adventures In Sound And Space,"12"" Vinyl",Yes,RCA Victor,LBY-1013,1958,USA,Mono,No,https://www.discogs.com/release/3074482-Col-Frank-Erhardt-Cast-Adventures-In-Sound-And-Space, $7.77 ,3074482,,3074482
Cold Blood,Cold Blood,"12"" Vinyl",Yes,San Francisco Records,SD 200,1969,USA,Presswell Pressing,No,https://www.discogs.com/release/798837-Cold-Blood-Cold-Blood, $6.06 ,798837,,798837
"Coltrane, Alice",A Monastic Trio,"12"" Vinyl",Yes,Impulse! / Ume,602435939766,2021,USA,,No,https://www.discogs.com/release/19513138-Alice-Coltrane-Kirtan-Turiya-Sings, $20.00 ,19513138,,19513138
"Coltrane, Alice",Eternity,"12"" Vinyl",Yes,Impulse!/ABC Records,AS-9224,1972,USA,Promo - White Label,No,https://www.discogs.com/release/3902080-Alice-Coltrane-Lord-Of-Lords, $35.00 ,3902080,,3902080
"Coltrane, Alice",Eternity,"12"" Vinyl",Yes,Warner Bros. Records,BS 2986,1977,USA,,No,https://www.discogs.com/release/12558275-Alice-Coltrane-Radha-Krsna-Nama-Sankirtana, $40.00 ,12558275,,12558275
"Coltrane, Alice",Huntington Ashram Monastery,"12"" Vinyl",Yes,Warner Bros. Records,2WB 3218,1978,USA,,No,https://www.discogs.com/release/23494436-Alice-Coltrane-Transfiguration, $40.01 ,23494436,,23494436
"Coltrane, Alice",Kirtan: Turiya Sings,"12"" Vinyl",Yes,Warner Bros. Records,BS 2916,1976,USA,,No,https://www.discogs.com/release/385070-Alice-Coltrane-Eternity, $42.05 ,385070,,385070
"Coltrane, Alice",Lord Of Lords,"12"" Vinyl",Yes,Warner Bros. Records,BS 2916,1976,USA,,No,https://www.discogs.com/release/385070-Alice-Coltrane-Eternity, $42.05 ,385070,,385070
"Coltrane, Alice",Radha-Krsna Nama Sankirtana,"12"" Vinyl",Yes,Warner Bros. Records,BS 3077,1977,USA,,No,https://www.discogs.com/release/16596363-Alice-Coltrane-Transcendence, $42.11 ,16596363,,16596363
"Coltrane, Alice",Transcendence,"12"" Vinyl",Yes,Impulse!/ABC Records,AS-9218,1972,USA,,No,https://www.discogs.com/release/8254895-Alice-Coltrane-With-Strings-World-Galaxy, $51.31 ,8254895,,8254895
"Coltrane, Alice",Transfiguration,"12"" Vinyl",Yes,Impulse!/ABC Records,AS-9185,1969,USA,,No,https://www.discogs.com/release/1034602-Alice-Coltrane-Huntington-Ashram-Monastery, $145.50 ,1034602,,1034602
"Coltrane, Alice",World Galaxy,"12"" Vinyl",Yes,Impulse!/ABC Records,AS-9156,1968,USA,1st Pressing,No,https://www.discogs.com/release/1885283-Alice-Coltrane-A-Monastic-Trio, $162.12 ,1885283,,1885283
"Coltrane, Alice & Sanders, Pharoah",Journey In Satchidananda,"12"" Vinyl",Yes,Impulse!/ABC Records,AS-9203,1971,USA,1st Pressing,No,https://www.discogs.com/release/549847-Alice-Coltrane-Featuring-Pharoah-Sanders-Journey-In-Satchidananda, $117.44 ,549847,,549847
"Coltrane, Alice, Sanders, Pharoah & Henderson, Joe","Ptah, The El Daoud","12"" Vinyl",Yes,Impulse!/ABC Records,AS-9196,1970,USA,,No,https://www.discogs.com/release/8403398-Alice-Coltrane-Featuring-Pharoah-Sanders-And-Joe-Henderson-PtahEl-Daoud, $157.59 ,8403398,,8403398
Compost,Life Is Round,"12"" Vinyl",Yes,Columbia,KC 32031,1973,USA,,No,https://www.discogs.com/release/1141213-Compost-Life-Is-Round, $41.41 ,1141213,,1141213
"Cooke, Sam",The Legend Lives On!,"12"" Vinyl",Yes,RCA Victor,JW-14315,1986,USA,Promo,No,https://www.discogs.com/release/2135722-Sam-Cooke-The-Legend-Lives-On, $5.00 ,2135722,,2135722
"Costa, Gal",India,"12"" Vinyl",Yes,Philips,6349.077,2017,USA,Reissue,No,https://www.discogs.com/release/10592124-Gal-Costa-Índia, $23.06 ,10592124,,10592124
"Croce, Jim",Photographs & Memories: His Greatest Hits,"12"" Vinyl",Yes,Lifesong,JZ 35010,1978,USA,,No,https://www.discogs.com/release/708688-Jim-Croce-Photographs-Memories-His-Greatest-Hits, $7.18 ,708688,,708688
"Crosby, Bing",Merry Christmas,"12"" Vinyl",Yes,Geffen Records,B0021403-01,2014,USA,Reissue,No,https://www.discogs.com/release/6226880-Bing-Crosby-Merry-Christmas, $25.22 ,6226880,,6226880
"Curry, Tim",Baby Love,"12"" Vinyl",Yes,A&M Records,SP-4773,1979,USA,Promo,No,https://www.discogs.com/release/1107963-Tim-Curry-Fearless, $4.50 ,1107963,,1107963
"Curry, Tim",Fearless,"7"" Vinyl",N/A,Ode Records,ODE-66117-S,1976,USA,Stock Copy,No,https://www.discogs.com/release/5081384-Tim-Curry-Baby-Love-Just-Fourteen, $4.97 ,5081384,,5081384
"Curry, Tim",Read My Lips,"12"" Vinyl",Yes,A&M Records,SP-4717,1978,USA,Promo ,No,https://www.discogs.com/release/8550376-Tim-Curry-Read-My-Lips, $6.00 ,8550376,,8550376
Curved Air,Air Conditioning,"12"" Vinyl",Yes,Warner Bros. Records,K 36015,1976,USA,,No,https://www.discogs.com/release/2032758-Curved-Air-The-Best-Of-Curved-Air, $6.10 ,2032758,,2032758
Curved Air,Air Cut,"12"" Vinyl",Yes,Warner Bros. Records,K 36015,1976,USA,,No,https://www.discogs.com/release/2032758-Curved-Air-The-Best-Of-Curved-Air, $6.10 ,2032758,,2032758
Curved Air,Air Cut,"12"" Vinyl",Yes,BTM Records,BTM 5001,1975,USA,,Yes,https://www.discogs.com/release/3569154-Curved-Air-Curved-Air-Live, $6.32 ,3569154,,3569154
Curved Air,Air Cut,"12"" Vinyl",Yes,BTM Records,BTM 5001,1975,USA,,No,https://www.discogs.com/release/3569154-Curved-Air-Curved-Air-Live, $6.32 ,3569154,,3569154
Curved Air,Air Cut,"12"" Vinyl",Yes,BTM Records,BTM 5001,1975,USA,,No,https://www.discogs.com/release/3569154-Curved-Air-Curved-Air-Live, $6.32 ,3569154,,3569154
Curved Air,Air Cut,"12"" Vinyl",Yes,Warner Bros. Records,WS 1903,1970,USA,Terre Haute Pressing,No,https://www.discogs.com/release/1984912-Curved-Air-Airconditioning, $7.64 ,1984912,,1984912
Curved Air,Airborne,"12"" Vinyl",Yes,BTM Records,BTM 1008,1976,USA,,No,https://www.discogs.com/release/2219493-Curved-Air-Airborne, $8.80 ,2219493,,2219493
Curved Air,Airborne,"12"" Vinyl",Yes,BTM Records,BTM 1008,1976,USA,,No,https://www.discogs.com/release/2219493-Curved-Air-Airborne, $8.80 ,2219493,,2219493
Curved Air,Airconditioning,"12"" Vinyl",Yes,Warner Bros. Records,BS 2628,1976,USA,Reissue,No,https://www.discogs.com/release/2929525-Curved-Air-Phantasmagoria, $8.84 ,2929525,,2929525
Curved Air,Curved Air Live,"12"" Vinyl",Yes,Warner Bros. Records,BS 2628,1976,USA,Reissue,No,https://www.discogs.com/release/2929525-Curved-Air-Phantasmagoria, $8.84 ,2929525,,2929525
Curved Air,Curved Air Live,"12"" Vinyl",Yes,RCA Victor,BTM 1005,1975,USA,,No,https://www.discogs.com/release/2221812-Curved-Air-Midnight-Wire, $9.25 ,2221812,,2221812
Curved Air,Curved Air Live,"12"" Vinyl",Yes,RCA Victor,BTM 1005,1975,USA,,No,https://www.discogs.com/release/2221812-Curved-Air-Midnight-Wire, $9.25 ,2221812,,2221812
Curved Air,Midnight Wire,"12"" Vinyl",Yes,Warner Bros. Records,WS 1951,1971,USA,Reissue,No,https://www.discogs.com/release/9534229-Curved-Air-Second-Album, $10.50 ,9534229,,9534229
Curved Air,Midnight Wire,"12"" Vinyl",Yes,Warner Bros. Records,K 46224,1973,USA,Reissue,No,https://www.discogs.com/release/14936056-Curved-Air-Air-Cut, $15.79 ,14936056,,14936056
Curved Air,Phantasmagoria,"12"" Vinyl",Yes,Warner Bros. Records,K 46224,1973,USA,Reissue,No,https://www.discogs.com/release/14936056-Curved-Air-Air-Cut, $15.79 ,14936056,,14936056
Curved Air,Phantasmagoria,"12"" Vinyl",Yes,Warner Bros. Records,K 46224,1973,USA,Reissue,No,https://www.discogs.com/release/14936056-Curved-Air-Air-Cut, $15.79 ,14936056,,14936056
Curved Air,Second Album,"12"" Vinyl",Yes,Warner Bros. Records,K 46224,1973,USA,Reissue,No,https://www.discogs.com/release/14936056-Curved-Air-Air-Cut, $15.79 ,14936056,,14936056
Curved Air,The Best Of Curved Air,"12"" Vinyl",Yes,Warner Bros. Records,K 46224,1973,USA,Reissue,No,https://www.discogs.com/release/14936056-Curved-Air-Air-Cut, $15.79 ,14936056,,14936056
Curved Air,The Best Of Curved Air,"12"" Vinyl",N/A,Esoteric Recordings,PECLECLP 2616,2018,USA,Record Store Day: Limited Edition of 700 copies,No,https://www.discogs.com/release/11898396-Curved-Air-Airconditioning, $16.72 ,11898396,,11898396
"Dalli, Pit",... Hier Spricht Radio Bumsdorf,"12"" Vinyl",Yes,Metronome,MLP 15.24,1972,USA,,No,https://www.discogs.com/release/3743271-Pit-Dalli--Hier-Spricht-Radio-Bumsdorf, $9.58 ,3743271,,3743271
"Daltrey, Roger",As Long As I Have You,CD,Yes,Republic Records,B0028314-02,2018,USA,,No,https://www.discogs.com/release/12071751-Roger-Daltrey-As-Long-As-I-Have-You, $6.96 ,12071751,,12071751
"Davis, Betty",Betty Davis,"12"" Vinyl",Yes,Just Sunshine Records,JSS-5,1973,USA,,No,https://www.discogs.com/release/6562406-Betty-Davis-Betty-Davis, $42.00 ,6562406,,6562406
"Davis, Betty",Nasty Gal,"12"" Vinyl",Yes,Just Sunshine Records,JSS-3500,1974,USA,,No,https://www.discogs.com/release/12363386-Betty-Davis-They-Say-Im-Different, $111.56 ,12363386,,12363386
"Davis, Betty",They Say I'm Different,"12"" Vinyl",Yes,Island Records,ILPS-9329,1975,USA,Original Pressing,No,"Betty Davis – Nasty Gal – Vinyl (Monarch Pressing, LP, Album, Stereo), 1975 [r12947460] | Discogs", $69.43 ,12947460.00,,12947460
"Davis, Miles",Bitches Brew,"12"" Vinyl",Yes,Columbia,G 30954,1971,USA,Terre Haute Pressing,No,https://www.discogs.com/release/15699908-Miles-Davis-Live-Evil, $24.73 ,15699908,,15699908
"Davis, Miles",Live-Evil,"12"" Vinyl",Yes,Columbia,GQ 30997,1971,USA,Quadrophic Pressing: Gold labels with red lettering,No,https://www.discogs.com/release/1157814-Miles-Davis-Bitches-Brew, $46.50 ,1157814,,1157814
Dead Or Alive,Nude,"12"" Vinyl",Yes,Epic,E 45224,1989,USA,Stock Copy - Promo Stamp On Back Cover,No,https://www.discogs.com/release/444883-Dead-Or-Alive-Nude, $12.00 ,444883,,444883
Deep Purple,"When We Rock, We Rock And When We Roll, We Roll","12"" Vinyl",Yes,Warner Bros. Records / Purple Records,PRK 3223,1978,USA,LA Pressing,No,https://www.discogs.com/release/15430850-Deep-Purple-When-We-Rock-We-Rock-And-When-We-Roll-We-Roll, $7.00 ,15430850,,15430850
"Delcloo, Claude & Jones, Arthur",Africanasia,"12"" Vinyl",Yes,BYG Records,529.306,1969,USA,Actuel - 6,No,https://www.discogs.com/release/1244294-Claude-Delcloo-Arthur-Jones-Africanasia, $41.58 ,1244294,,1244294
Demon Fuzz,Afreaka!,"12"" Vinyl",Yes,Janus Records,JLS 3028,1970,USA,Stock Copy - promo stamp on cover,No,https://www.discogs.com/release/410122-Demon-Fuzz-Afreaka, $200.00 ,410122,,410122
"Denny, Sandy",Gold Dust - Live At The Royalty,"12"" Vinyl",Yes,UMC / Island Records,4503112,2022,USA,"Record Store Day - 4,500 copies",No,"Sandy Denny – Gold Dust - Live At The Royalty – Vinyl (Remixed, LP, Album + 4 more), 2022 [r22959770] | Discogs", $11.41 ,22959770.00,,22959770
"Denny, Sandy",Like An Old Fashioned Waltz,"12"" Vinyl",Yes,Island Records,SW-9340,1974,USA,Original Pressing,No,"Sandy Denny – Like An Old Fashioned Waltz – Vinyl (Winchester Pressing, LP, Album), 1974 [r2150032] | Discogs", $10.00 ,22959770.00,,22959770
"Denny, Sandy",Sandy,"12"" Vinyl",Yes,A&M Records,SP 4371,1972,USA,Original Pressing,No,"Sandy Denny – Sandy – Vinyl (Terre Haute, LP, Album), 1972 [r2150005] | Discogs", $20.00 ,2150032.00,,2150032
Deodato,Prelude,"12"" Vinyl",Yes,CTI Records,CTI 6021,1973,USA,Gatefold Original Pressing,No,https://www.discogs.com/release/5675518-Deodato-Prelude, $6.92 ,5675518,,5675518
Dion,Yo Frankie,"12"" Vinyl",Yes,Arista,AL-8549,1989,USA,,No,https://www.discogs.com/release/9074224-Dion-Yo-Frankie, $4.69 ,9074224,,9074224
Divinyls,Desperate,"12"" Vinyl",Yes,Chrysalis,VAS 2258,1985,USA,Promo Single,No,https://www.discogs.com/release/2193269-Divinyls-Sleeping-Beauty, $1.63 ,2193269,,2193269
Divinyls,In My Life,"12"" Vinyl",Yes,Chrysalis,VAS 2258,1985,USA,Promo Single,No,https://www.discogs.com/release/2193269-Divinyls-Sleeping-Beauty, $1.63 ,2193269,,2193269
Divinyls,Pleasure And Pain,"12"" Vinyl",Yes,Chrysalis,VAS 2258,1985,USA,Promo Single,No,https://www.discogs.com/release/2193269-Divinyls-Sleeping-Beauty, $1.63 ,2193269,,2193269
Divinyls,Pleasure And Pain,"12"" Vinyl",Yes,Chrysalis,VAS 2247,1985,USA,Promo Single,No,https://www.discogs.com/release/2193272-Divinyls-In-My-Life, $1.79 ,2193272,,2193272
Divinyls,Pleasure And Pain / In My Life / Sleeping Beauty,"12"" Vinyl",Yes,Chrysalis,VAS 2156,1985,USA,Promo Single,No,https://www.discogs.com/release/2193271-Divinyls-Pleasure-And-Pain, $2.99 ,2193271,,2193271
Divinyls,Sleeping Beauty,"12"" Vinyl",Yes,Chrysalis,VAS 2156,1985,USA,Promo Single,No,https://www.discogs.com/release/2193271-Divinyls-Pleasure-And-Pain, $2.99 ,2193271,,2193271
Divinyls,Sleeping Beauty,"12"" Vinyl",Yes,Chrysalis,VAS 2283,1986,USA,Promo EP Live Tracks,No,https://www.discogs.com/release/2193273-Divinyls-Pleasure-And-Pain-In-My-Life-Sleeping-Beauty, $3.00 ,2193273,,2193273
Divinyls,Sleeping Beauty,"12"" Vinyl",Yes,Chrysalis,FV 41511,1985,USA,Club Edition,No,https://www.discogs.com/release/10844613-Divinyls-What-A-Life, $3.00 ,10844613,,10844613
Divinyls,Temperamental,"12"" Vinyl",Yes,Chrysalis,BFV 41404,1983,USA,Stock Copy,No,https://www.discogs.com/release/1543085-Divinyls-Desperate, $6.00 ,1543085,,1543085
Divinyls,What A Life!,"12"" Vinyl",Yes,Chrysalis,BFV 41627,1988,USA,Stock Copy,No,https://www.discogs.com/release/1554808-Divinyls-Temperamental, $8.75 ,1554808,,1554808
"Dorough, Bob",Multipication Rock - Original Soundtrack,"12"" Vinyl",Yes,Jackpot Records / Capitol Records / Universal Music Special Markets,JPR-053,2019,USA,"Record Store Day - Limited Edition 1,500 copies Blue/Red Swirl",No,https://www.discogs.com/release/13408425-Bob-Dorough-Multiplication-Rock-Original-Soundtrack, $21.99 ,13408425,,13408425
"Drake, Nick",Pink Moon,"12"" Vinyl",Yes,Island Records,SMAS-9318,1972,USA,Winchester Pressing,No,https://www.discogs.com/release/15814562-Nick-Drake-Pink-Moon, $200.00 ,15814562,,15814562
Dust,Hard Attack,"12"" Vinyl",Yes,Karma Sutra,KSBS-2059,1972,USA,Original Pressing,No,https://www.discogs.com/release/2982514-Dust-Hard-Attack, $49.99 ,2982514,,2982514
"Dylan, Bob",Planet Waves,"12"" Vinyl",Yes,Island Records,ILPS 9261,1974,USA,Original Pressing,No,https://www.discogs.com/release/726642-Bob-Dylan-Planet-Waves, $9.17 ,726642,,726642
Elf,Carolina County Ball,"12"" Vinyl",Yes,Purple Records,TPS 3506,1974,USA,Purple Label,No,https://www.discogs.com/release/4841186-Elf-Carolina-County-Ball, $50.00 ,4841186,,4841186
Enigma,The Screen Behind The Mirror,CD,Yes,Virgin,7243 8 48616 2 9,2000,USA,,No,https://www.discogs.com/release/135838-Enigma-The-Screen-Behind-The-Mirror, $2.00 ,135838,,135838
"Eno, Brian",Ambient 4 (On Land),"12"" Vinyl",Yes,EG,EGLP 65,1986,USA,,Yes,https://www.discogs.com/release/2114935-Eno-More-Blank-Than-Frank, $11.73 ,2114935,,2114935
"Eno, Brian",Another Green World,"7"" Vinyl",Yes,Was Trash,WT 101,1979,USA,Bootleg,No,https://www.discogs.com/release/1297556-ENO-Lion-Sleeps-Tonite-Wimoweh-Seven-Deadly-Fins, $12.05 ,1297556,,1297556
"Eno, Brian",Apollo - Atmospheres & Soundtracks,"12"" Vinyl",Yes,Antilles,AN-7070,1978,USA,1st Edition,No,https://www.discogs.com/release/558535-Brian-Eno-Music-For-Films, $14.99 ,558535,,558535
"Eno, Brian",Before And After Science,"12"" Vinyl",Yes,Editions EG,EGS 105,1982,USA,2nd Edition,No,https://www.discogs.com/release/17590-Brian-Eno-Music-For-Films, $18.98 ,17590,,17590
"Eno, Brian",Discreet Music,"12"" Vinyl",Yes,Virgin EMI Records,ENOLP9,2018,USA,180 Gram Vinyl Issue,No,https://www.discogs.com/release/12804254-Brian-Eno-Music-For-Films, $19.09 ,12804254,,12804254
"Eno, Brian",Discreet Music,"12"" Vinyl",Yes,Editions EG,EGS 303,1983,USA,Reissue,No,https://www.discogs.com/release/4001733-Brian-Eno-Discreet-Music, $19.50 ,4001733,,4001733
"Eno, Brian",Here Come The Warm Jets,"12"" Vinyl",Yes,Editions EG,ENO 4,1981,USA,Reissue,No,https://www.discogs.com/release/16146459-Brian-Eno-Before-And-After-Science, $21.29 ,16146459,,16146459
"Eno, Brian",Here Come The Warm Jets,"12"" Vinyl",Yes,Antilles,AN-7030,1975,USA,California Address,No,https://www.discogs.com/release/6808724-Brian-Eno-Discreet-Music, $24.99 ,6808724,,6808724
"Eno, Brian",Lion Sleeps Tonite (Wimoweh)/Seven Deadly Fins,"12"" Vinyl",Yes,Island Records,ILPS 9309,1978,USA,Reissue - Winchester Pressing,No,https://www.discogs.com/release/9281220-Eno-Taking-Tiger-Mountain-By-Strategy, $24.99 ,9281220,,9281220
"Eno, Brian",More Blank Than Frank,"12"" Vinyl",Yes,Editions EG,EGED 20,1982,USA,,No,https://www.discogs.com/release/61712-Brian-Eno-Ambient-4-On-Land, $25.00 ,61712,,61712
"Eno, Brian",Music For Films,"12"" Vinyl",Yes,Editions EG,ENO 3,1982,USA,Reissue,No,https://www.discogs.com/release/986708-Eno-Another-Green-World, $27.00 ,986708,,986708
"Eno, Brian",Music For Films,"12"" Vinyl",Yes,Island Records,ILPS 9268,1974,USA,Black Island Label - Pitman Pressing,No,https://www.discogs.com/release/15164374-Eno-Here-Come-The-Warm-Jets, $34.99 ,15164374,,15164374
"Eno, Brian",Music For Films,"12"" Vinyl",Yes,Island Records,ILPS 9268,1974,USA,Yellow Plam Tree Label - Pitman Pressing,No,https://www.discogs.com/release/18123388-Eno-Here-Come-The-Warm-Jets, $35.00 ,18123388,,18123388
"Eno, Brian",Music For Palaces,"12"" Vinyl",Yes,Editions EG,ENO 5,1983,USA,,No,https://www.discogs.com/release/1242929-Brian-Eno-With-Daniel-Lanois-Roger-Eno-Apollo-Atmospheres-Soundtracks, $38.50 ,1242929,,1242929
"Eno, Brian",Taking Tiger Mountain (By Strategy),"12"" Vinyl",Yes,Centrifugal Records,12CENT-15,1979,USA,Unofficial Release,No,https://www.discogs.com/release/24313511-Brian-Eno-Music-For-Palaces, $50.00 ,24313511,,24313511
"Eno, Brian & Bryne, David",My Life In The Bush Of Ghosts,"12"" Vinyl",Yes,EG / Polydor,EGLP48,1981,USA,1st Edition,No,https://www.discogs.com/release/2408445-Brian-Eno-David-Byrne-My-Life-In-The-Bush-Of-Ghosts, $32.91 ,2408445,,2408445
Fanny,Charity Ball,"12"" Vinyl",Yes,Reprise Records,RS-6456,1971,USA,,No,https://www.discogs.com/release/2490638-Fanny-Charity-Ball, $18.49 ,2490638,,2490638
"Ferry, Bryan","Another Time, Another Place","7"" Vinyl",N/A,Polydor,2001 704,1977,USA,,No,https://www.discogs.com/release/1681119-Bryan-Ferry-This-Is-Tomorrow, $1.27 ,1681119,,1681119
"Ferry, Bryan",Boys And Girls,"7"" Vinyl",Yes,Island Records,IEP 1,1976,USA,,No,https://www.discogs.com/release/738702-Bryan-Ferry-Extended-Play, $1.58 ,738702,,738702
"Ferry, Bryan",Dylanesque Live,"7"" Vinyl",N/A,Island Records,WIP.6234,1975,USA,Punch out center intact,No,https://www.discogs.com/release/2156746-Bryan-Ferry-You-Go-To-My-Head, $1.86 ,2156746,,2156746
"Ferry, Bryan",Extended Play,"7"" Vinyl",N/A,Atlantic Records,45-3351,1976,USA,Promo ,No,https://www.discogs.com/release/13616442-Bryan-Ferry-Lets-Stick-Together-Lets-Work-Together, $1.99 ,13616442,,13616442
"Ferry, Bryan",He'll Have To Go,"7"" Vinyl",N/A,Atlantic Records,3539,1978,USA,Promo ,No,https://www.discogs.com/release/4963056-Bryan-Ferry-Sign-Of-The-Times, $1.99 ,4963056,,4963056
"Ferry, Bryan",Heart On My Sleeve,"7"" Vinyl",No,Island Records,WIP.6196-A,1974,USA,,No,https://www.discogs.com/release/1554950-Bryan-Ferry-The-In-Crowd, $2.02 ,1554950,,1554950
"Ferry, Bryan",Heart On My Sleeve,"7"" Vinyl",Yes,EG,FERRY 1,1985,USA,,No,https://www.discogs.com/release/1830563-Bryan-Ferry-Slave-To-Love, $2.50 ,1830563,,1830563
"Ferry, Bryan",Help Me,"7"" Vinyl",N/A,Polydor,2001 775,1978,USA,,No,https://www.discogs.com/release/848765-Bryan-Ferry-What-Goes-On-, $2.53 ,848765,,848765
"Ferry, Bryan",In Your Mind,"7"" Vinyl",Yes,MCA Records,MCA-52788,1986,USA,,No,https://www.discogs.com/release/3578996-Bryan-Ferry-Is-Your-Love-Strong-Enough, $2.99 ,3578996,,3578996
"Ferry, Bryan",Is Your Love Strong Enough,"7"" Vinyl",N/A,Warner Bros. Records,7-28582,1986,USA,Promo ,No,https://www.discogs.com/release/6037828-Bryan-Ferry-Help-Me, $3.00 ,6037828,,6037828
"Ferry, Bryan",Is Your Love Strong Enough,"7"" Vinyl",Yes,Island Records,13 386 AT,1974,USA,,No,https://www.discogs.com/release/967110-Bryan-Ferry-The-In-Crowd, $3.10 ,967110,,967110
"Ferry, Bryan",Kiss And Tell,"7"" Vinyl",Yes,Island Records,13 386 A,1974,USA,,No,https://www.discogs.com/release/6786792-Bryan-Ferry-The-In-Crowd, $3.15 ,6786792,,6786792
"Ferry, Bryan",Let's Stick Together,"12"" Vinyl",Yes,MCA Records,MCA-23620,1986,USA,,Yes,https://www.discogs.com/release/884207-Bryan-Ferry-Is-Your-Love-Strong-Enough-Extended-Version, $3.75 ,884207,,884207
"Ferry, Bryan",Let's Stick Together,"7"" Vinyl",N/A,Atlantic Records,45-3364,1976,USA,Stock Copy,No,https://www.discogs.com/release/4609463-Bryan-Ferry-Heart-On-My-Sleeve, $3.80 ,4609463,,4609463
"Ferry, Bryan",Limbo,"12"" Vinyl",Yes,EG,EGOX 48,1989,USA,,No,https://www.discogs.com/release/1374893-Bryan-Ferry-Hell-Have-To-Go, $3.98 ,1374893,,1374893
"Ferry, Bryan",Sign Of The Times,"12"" Vinyl",Yes,Reprise Records,0-20799,1987,USA,,Yes,https://www.discogs.com/release/664494-Bryan-Ferry-The-Right-Stuff, $4.00 ,664494,,664494
"Ferry, Bryan",Slave To Love,"12"" Vinyl",Yes,Reprise Records,0-20846,1988,USA,,Yes,https://www.discogs.com/release/529453-Bryan-Ferry-Limbo, $4.21 ,529453,,529453
"Ferry, Bryan",ßete Noire,"7"" Vinyl",N/A,Atlantic Records,3399,1977,USA,Promo  - Mono side is red over white and stereo side is all blue,No,https://www.discogs.com/release/5880535-Bryan-Ferry-Tokyo-Joe, $4.33 ,5880535,,5880535
"Ferry, Bryan",Taxi,"12"" Vinyl",Yes,Atlantic,SD 19205,1978,USA,Richmond Pressing,No,https://www.discogs.com/release/12511414-Bryan-Ferry-The-Bride-Stripped-Bare, $4.35 ,12511414,,12511414
"Ferry, Bryan","The ""In"" Crowd","7"" Vinyl",N/A,Atlantic Records,45-3364,1976,USA,Promo ,No,https://www.discogs.com/release/10643460-Bryan-Ferry-Heart-On-My-Sleeve, $4.50 ,10643460,,10643460
"Ferry, Bryan","The ""In"" Crowd","12"" Vinyl",Yes,Atlantic,SD 18187,1976,USA,Presswell Pressing,No,https://www.discogs.com/release/1621762-Bryan-Ferry-Lets-Stick-Together, $4.59 ,1621762,,1621762
"Ferry, Bryan","The ""In"" Crowd","12"" Vinyl",Yes,EG,EGOX 46,1989,USA,,No,https://www.discogs.com/release/1413433-Bryan-Ferry-The-Price-Of-Love, $4.99 ,1413433,,1413433
"Ferry, Bryan",The Bride Stripped Bare,"12"" Vinyl",Yes,Atlantic,SD 18216,1977,USA,Presswell Pressing,No,https://www.discogs.com/release/1604222-Bryan-Ferry-In-Your-Mind, $5.00 ,1604222,,1604222
"Ferry, Bryan",The Price Of Love,"12"" Vinyl",Yes,Atlantic,SD 7304,1973,USA,Presswell Pressing,No,https://www.discogs.com/release/1370391-Bryan-Ferry-These-Foolish-Things, $5.05 ,1370391,,1370391
"Ferry, Bryan",The Right Stuff,CD,Yes,Virgin,FERRYCDX1,1999,USA,Special edition packaged in a mini LP-styled heavy cardboard sleeve,No,https://www.discogs.com/release/1657347-Bryan-Ferry-These-Foolish-Things, $6.65 ,1657347,,1657347
"Ferry, Bryan",These Foolish Things,CD,Yes,Virgin,FERRYCD2,1999,USA,Special edition packaged in a mini LP-styled heavy cardboard sleeve,No,https://www.discogs.com/release/381734-Bryan-Ferry-Another-Time-Another-Place, $7.63 ,381734,,381734
"Ferry, Bryan",These Foolish Things,"12"" Vinyl",Yes,Reprise Records / EG,9 25598-1,1987,USA,,No,https://www.discogs.com/release/7860974-Bryan-Ferry-Bête-Noire, $7.63 ,7860974,,7860974
"Ferry, Bryan",This Is Tomorrow,"12"" Vinyl",Yes,Reprise Records,0-20841,1988,USA,,Yes,https://www.discogs.com/release/425692-Bryan-Ferry-Kiss-And-Tell, $8.00 ,425692,,425692
"Ferry, Bryan",Tokyo Joe,"12"" Vinyl",Yes,Warner Bros. Records / EG,9 25082-1,1985,USA,Speciality Pressing - Flipped Cover Version,No,https://www.discogs.com/release/7294298-Bryan-Ferry-Boys-And-Girls, $8.50 ,7294298,,7294298
"Ferry, Bryan",What Goes On,"12"" Vinyl",Yes,BMG,BMGCAT57LP,2022,USA,Record Store Day - Yellow Vinyl,Yes,https://www.discogs.com/release/25273270-Bryan-Ferry-Taxi, $18.95 ,25273270,,25273270
"Ferry, Bryan",You Go To My Head,DVD,Yes,Eagle Vision,EV 30216-9,2007,USA,,Yes,, $20.00 ,,,
Fever Tree,"Another Time, Another Place","12"" Vinyl",Yes,Back-Trac Records & Tapes,MSP-30003,1985,USA,,No,https://www.discogs.com/release/3399761-Fever-Tree-The-Best-Of-Fever-Tree, $10.00 ,3399761,,3399761
Fever Tree,"Another Time, Another Place","12"" Vinyl",Yes,UNI Records,73067,1969,USA,,No,https://www.discogs.com/release/1991488-Fever-Tree-Creation, $12.99 ,1991488,,1991488
Fever Tree,Creation,"12"" Vinyl",Yes,UNI Records,73067,1969,USA,,No,https://www.discogs.com/release/1991488-Fever-Tree-Creation, $12.99 ,1991488,,1991488
Fever Tree,Creation,"12"" Vinyl",Yes,UNI Records,73024,1968,USA,Gloversville Press,No,https://www.discogs.com/release/5168593-Fever-Tree-Fever-Tree, $19.98 ,5168593,,5168593
Fever Tree,Fever Tree,"12"" Vinyl",Yes,UNI Records,73024,1968,USA,Gloversville Press,No,https://www.discogs.com/release/5168593-Fever-Tree-Fever-Tree, $19.98 ,5168593,,5168593
Fever Tree,Fever Tree,"12"" Vinyl",Yes,Ampex Records,A-10113,1970,USA,Promo ,No,https://www.discogs.com/release/1152208-Fever-Tree-For-Sale, $21.00 ,1152208,,1152208
Fever Tree,For Sale,"12"" Vinyl",Yes,Ampex Records,A-10113,1970,USA,,Yes,https://www.discogs.com/release/1152208-Fever-Tree-For-Sale, $21.00 ,1152208,,1152208
Fever Tree,For Sale,"12"" Vinyl",Yes,Sundazed Music,LP 5378,2011,USA,,No,https://www.discogs.com/release/3481335-Fever-Tree-Live-1969, $23.15 ,3481335,,3481335
Fever Tree,Live 1969,"12"" Vinyl",Yes,UNI Records,73040,1968,USA,,No,https://www.discogs.com/release/11618089-Fever-Tree-Another-Time-Another-Place, $25.00 ,11618089,,11618089
Fever Tree,The Best Of Fever Tree,"12"" Vinyl",Yes,UNI Records,73040,1968,USA,,No,https://www.discogs.com/release/11618089-Fever-Tree-Another-Time-Another-Place, $25.00 ,11618089,,11618089
"Fiathfull, Marianne",Blazing Away,CD,Yes,Island Records,842 794-2,1990,USA,,No,https://www.discogs.com/release/1897450-Marianne-Faithfull-Blazing-Away, $2.98 ,1897450,,1897450
"Fidenco, Nico",Make Love On The Wing / Sweet Disco Funky,"7"" Vinyl",Yes,Four Flies Records,FLIES 45-22,2020,USA,Limited Edition,No,https://www.discogs.com/release/16062189-Nico-Fidenco-Make-Love-On-The-Wing-Sweet-Disco-Funky, $16.30 ,16062189,,16062189
"Fire And Ice, Ltd.",The Happening,"12"" Vinyl",Yes,Capitol Records,ST 2577,1966,USA,,No,https://www.discogs.com/release/4347460-Fire-And-Ice-Ltd-The-Happening, $18.99 ,4347460,,4347460
Fludd,Fludd,"12"" Vinyl",Yes,Warner Bros. Records,BS 2578,1971,USA,Promo ,No,https://www.discogs.com/release/7319472-Fludd-Fludd, $8.00 ,7319472,,7319472
Fortheringay,Fortheringay,"12"" Vinyl",Yes,A&M Records,SP4269,1970,USA,Terre Haute Pressing,No,"Fotheringay – Fotheringay – Vinyl (Terre Haute, LP, Album), 1970 [r29010805] | Discogs", $10.00 ,29010805.00,,29010805
"Fox, Samantha",Just One Night,"12"" Vinyl",Yes,Jive,1357-1-J,1991,USA,,No,https://www.discogs.com/release/2591093-Samantha-Fox-Just-One-Night, $12.65 ,2591093,,2591093
Freedom,Freedom At Last,"12"" Vinyl",Yes,BYG Records,529.325,1970,USA,Actuel - 25,No,https://www.discogs.com/release/21591580-Freedom-Freedom-At-Last, $49.68 ,21591580,,21591580
"Fripp, Robert & Eno, Brian",Evening Star,"12"" Vinyl",Yes,Editions EG,EGS 102,1980,USA,Reissue,No,https://www.discogs.com/release/1139749-Fripp-Eno-No-Pussyfooting, $19.49 ,1139749,,1139749
"Fripp, Robert & Eno, Brian",No Pussyfooting,"12"" Vinyl",Yes,Editions EG,EGS 102,1980,USA,Reissue,No,https://www.discogs.com/release/1139749-Fripp-Eno-No-Pussyfooting, $19.49 ,1139749,,1139749
"Fripp, Robert & Eno, Brian",No Pussyfooting,"12"" Vinyl",Yes,Island Records,HELP 16,1973,USA,Gatefold Original Pressing,No,https://www.discogs.com/release/1277998-Fripp-Eno-No-Pussyfooting, $26.16 ,1277998,,1277998
"Fripp, Robert & Eno, Brian",No Pussyfooting,"12"" Vinyl",Yes,Antilles,AN-7018,1976,USA,,No,https://www.discogs.com/release/112762-Fripp-Eno-Evening-Star, $26.30 ,112762,,112762
"Fripp, Robert & Eno, Brian",No Pussyfooting,"12"" Vinyl",Yes,Polydor,MPF 1218,1979,USA,With OBI,No,https://www.discogs.com/release/1258835-Fripp-Eno-No-Pussyfooting, $39.55 ,1258835,,1258835
Fuchsia,Fuchsia,"12"" Vinyl",Yes,Fumble Music,PS-103,1980,USA,Unofficial Release,No,https://www.discogs.com/release/1994986-Fuchsia-Fuchsia, $26.32 ,1994986,,1994986
Funkadelic,Maggot Brain,"12"" Vinyl",Yes,Westbound Records,WB 2007,1989,USA,Reissue,No,https://www.discogs.com/release/3011783-Funkadelic-Maggot-Brain, $63.16 ,3011783,,3011783
Funkadelic,Standing On The Verge Of Getting It On,"12"" Vinyl",Yes,Westbound Records,WB 1001,1974,USA,Pittman Pressing - Variation George Clements cut both sides,No,https://www.discogs.com/release/27904236-Funkadelic-Standing-On-The-Verge-Of-Getting-It-On, $78.95 ,27904236,,27904236
"Gabriel, Peter",2 (Scratch),"12"" Vinyl",Yes,Atlantic,SD 19181,1978,USA,Presswell Pressing,No,https://www.discogs.com/release/947346-Peter-Gabriel-Peter-Gabriel, $8.00 ,947346,,947346
"Gabriel, Peter",Ein Deutsches Album (A German Album),"12"" Vinyl",Yes,Charisma,MIP-1-9465,1980,USA,,No,https://www.discogs.com/release/932702-Garbage-Garbage, $12.74 ,932702,,932702
"Gabriel, Peter",Peter Gabriel,SACD,Yes,Geffen Records,069 493 621-2,2003,USA,Stereo only,No,https://www.discogs.com/release/3976207-Peter-Gabriel-2, $82.28 ,3976207,,3976207
"Gabriel, Peter",Up,"12"" Vinyl",Yes,Real World Records / Caroline International,PGLPR11,2016,USA,Reissue,No,"Peter Gabriel – Up – 2 x Vinyl (180 Gram, LP, Album + 2 more), 2016 [r9473463] | Discogs", $27.10 ,9473463.00,,9473463
Garbage,Garbage,"12"" Vinyl",Yes,Almo Sounds,AM52-80004,1995,USA,Original Pressing,No,https://www.discogs.com/release/932702-Garbage-Garbage, $99.49 ,932702,,932702
Genesis,Duke,VHS,Yes,PolyGram Music Video,082 769-3,1991,USA,NTSC,No,https://www.discogs.com/release/5156706-Genesis-Genesis-A-History, $3.00 ,5156706,,5156706
Genesis,Genesis A History,"12"" Vinyl",Yes,Atlantic,SD 16014,1980,USA,Gatefold,No,https://www.discogs.com/release/5813028-Genesis-Duke, $5.25 ,5813028,,5813028
Genesis,Illegal Alien,VHS,Yes,Atlantic Video,50111-3 B,1985,USA,NTSC,No,https://www.discogs.com/release/9334892-Genesis-Live-The-Mama-Tour, $6.75 ,9334892,,9334892
Genesis,Live - The Mama Tour,VHS,Yes,Atlantic Video,50129-3,1988,USA,NTSC,No,https://www.discogs.com/release/4065499-Genesis-Genesis-VideosVolume-1, $7.00 ,4065499,,4065499
Genesis,Live - The Way We Walk In Concert,VHS,Yes,PolyGram Music Video,440 086 497-3,1993,USA,NTSC,No,https://www.discogs.com/release/9332475-Genesis-Live-The-Way-We-Walk-In-Concert, $10.00 ,9332475,,9332475
Genesis,Videos - Volume 1,"7"" Vinyl",N/A,Virgin / Charisma,ALS1,1984,USA,Picture Disc - Shaped,No,https://www.discogs.com/release/2366475-Genesis-Illegal-Alien, $10.11 ,2366475,,2366475
"Gillespie, Dana",Ain't Gonna Play No Second Fiddle,"12"" Vinyl",Yes,RCA Victor,CPL1-0682,1974,USA,Gatefold,No,https://www.discogs.com/release/2087551-Dana-Gillespie-Aint-Gonna-Play-No-Second-Fiddle, $4.76 ,2087551,,2087551
"Gillespie, Dana",Weren't Born A Man,"12"" Vinyl",Yes,RCA Victor,APL1-0354,1974,USA,,No,https://www.discogs.com/release/2087527-Dana-Gillespie-Werent-Born-A-Man, $13.81 ,2087527,,2087527
"Gillespie, Dizzy",Havin' A Good Time In Paris Vol.1,"12"" Vinyl",Yes,Inner City Records,IC 7010,1979,USA,,No,https://www.discogs.com/release/4777975-Dizzy-Gillespie-Havin-A-Good-Time-In-Paris-Vol1, $5.00 ,4777975,,4777975
Goblin,Dawn Of The Dead,CD,Yes,Rustblade,RBL064,2018,USA,,No,https://www.discogs.com/release/12138460-Claudio-Simonettis-Goblin-Daemonia-George-A-Romeros-Dawn-Of-The-Dead-, $14.68 ,12138460,,12138460
Goblin,Fearless (37513 Zombie Ave.),CD, Yes,Cinevox Record,CD OST 716/s,2012,USA,,No,https://www.discogs.com/release/4486117-Goblin-Zombi-Colonna-Sonora-Originale-Del-Film, $14.87 ,4486117,,4486117
Goblin,George A. Romero's Dawn Of The Dead,"12"" Vinyl",Yes,AMS Records / Cinevox Record,AMSLP31-W,2022,USA,White Vinyl,Yes,https://www.discogs.com/release/22300717-Goblin-Zombi-Colonna-Sonora-Originale-Del-Film, $19.97 ,22300717,,22300717
Goblin,La Via Della Droga (Original Motion Picture Soundtrack),"12"" Vinyl",Yes,AMS Records,AMS LP 103,2016,USA,Record Store Day White Vinyl,No,https://www.discogs.com/release/8366341-Goblin-La-Via-Della-Droga-Original-Motion-Picture-Soundtrack, $21.53 ,8366341,,8366341
Goblin,Profondo Rosso,"12"" Vinyl",Yes,Death Waltz Recording Company,DW129,2018,USA,Yellow and Purple Vinyl,Yes,https://www.discogs.com/release/27627282-Goblin-Profondo-Rosso, $24.99 ,27627282,,27627282
Goblin,Profondo Rosso (Colonna Sonora Originale Del Film),"12"" Vinyl",Yes,Death Waltz Recording Company,DW044,2016,USA,180 Gram Vinyl Issue,No,https://www.discogs.com/release/8274186-Stelvio-Cipriani-Goblin-The-Bloodstained-Shadow-Original-Soundtrack-Music-From-The-Film-Solamente-Ne, $27.25 ,8274186,,8274186
Goblin,Roller,"12"" Vinyl",Yes,BackToTheFudda,BTTF-010,2018,USA,Black Vinyl,No,https://www.discogs.com/release/14095127-Goblin-Fearless-37513-Zombie-Ave, $31.47 ,14095127,,14095127
Goblin,Suspiria (Musiche Dalla Colonna Sonora Originale Del Film),"12"" Vinyl",Yes,AMS Records / Cinevox Record,AMS LP 11,2022,USA,White Vinyl,No,https://www.discogs.com/release/22300657-Goblin-Suspiria-Musiche-Dalla-Colonna-Sonora-Originale-Del-Film, $31.98 ,22300657,,22300657
Goblin,Suspiria (Musiche Dalla Colonna Sonora Originale Del Film),"12"" Vinyl",Yes,Dagored,Red 9117,2004,USA,Red Vinyl,No,https://www.discogs.com/release/746570-Goblin-Dawn-Of-The-Dead, $35.00 ,746570,,746570
Goblin,The Bloodstained Shadow (Original Soundtrack Music From The Film Solamente Nero),"12"" Vinyl",Yes,Cinevox Record,MDF. 33/85,1975,USA,Original Pressing,No,https://www.discogs.com/release/248003-Goblin-Profondo-Rosso-Colonna-Sonora-Originale-Del-Film, $37.39 ,248003,,248003
Goblin,The Other Hell (Original Motion Picture Soundtrack),"12"" Vinyl",Yes,Seven Seas,GXF 2056,1979,USA,,No,https://www.discogs.com/release/5224488-Goblin-Roller, $45.00 ,5224488,,5224488
Goblin,Zombi,"12"" Vinyl",Yes,Odeon,EOS-80845,1977,USA,,No,https://www.discogs.com/release/2678857-Goblin-ゴブリン-Suspiria-Musiche-Dalla-Colonna-Sonora-Originale-Del-Film-サスペリア, $50.03 ,2678857,,2678857
Goblin,Zombi (Colonna Sonora Originale Del Film),"12"" Vinyl",Yes,Cinevox Record,LP OST 067,2025,USA,"Record Store Day  - Clear Vinyl 1,200 Copies Pressed",Yes,https://www.discogs.com/release/33654123-Goblin-The-Other-Hell-Original-Motion-Picture-Soundtrack, $26.32 ,33654123,,33654123
Golden Chords Trio,Touched By Jesus,"12"" Vinyl",Yes,Sweetsong Recording Studio,SRS-1978,1978,USA,,No,, $10.00 ,,,
Gong,About Time,"12"" Vinyl",Yes,Charly Records,CRM 2000,1978,USA,,No,https://www.discogs.com/release/706658-Planet-Gong-Live-Floating-Anarchy-1977, $17.04 ,706658,,706658
Gong,Angel's Egg (Radio Gnome Invisible Part 2),"12"" Vinyl",Yes,Charly Records,CRM 2003,1979,USA,Reissue,No,https://www.discogs.com/release/506567-Gong-Camembert-Electrique, $18.49 ,506567,,506567
Gong,Camembert Electrique,"12"" Vinyl",Yes,Charly Records,CRL 5021,1980,USA,"""New York Gong""",No,https://www.discogs.com/release/731577-New-York-Gong-About-Time, $24.34 ,731577,,731577
Gong,Camembert Electrique,"12"" Vinyl",Yes,Affinity,AFF 4,1977,USA,Reissue,No,https://www.discogs.com/release/568044-Gong-Magick-Brother, $26.32 ,568044,,568044
Gong,Continental Circus,"12"" Vinyl",Yes,Lmlr,783 564,2023,USA,"Record Store Day - Blue, Green & Purple Vinyl",No,https://www.discogs.com/release/26833676-Gong-Live-In-Lyon-December-14th-1972, $28.70 ,26833676,,26833676
Gong,Flying Teapot (Radio Gnome Invisible Part 1),"12"" Vinyl",Yes,Culture Factory USA,CFL1LP,2022,USA,Record Store Day - Pink/Purple Swirl & Blue/Yellow Swirl Vinyl,No,https://www.discogs.com/release/22979591-Gong-Gong-In-The-70s, $30.00 ,22979591,,22979591
Gong,Gong Est Mort,"12"" Vinyl",Yes,Culture Factory USA / Mantra,782 945,2019,USA,Record Store Day - Pink and Green Vinyl,Yes,https://www.discogs.com/release/13407500-Gong-Live-Au-Bataclan-1973, $30.00 ,13407500,,13407500
Gong,Gong In The 70's,"12"" Vinyl",Yes,Philips,6332 033,1972,USA,Repress,No,https://www.discogs.com/release/844526-Gong-Avec-Daevid-Allen-Continental-Circus, $30.79 ,844526,,844526
Gong,I See You,"12"" Vinyl",Yes,Tapioca,TP 10002,1977,USA,With Booklet,No,https://www.discogs.com/release/568040-Gong-Gong-Est-Mort, $31.58 ,568040,,568040
Gong,Live Au Bataclan 1973,"12"" Vinyl",Yes,Culture Factory USA / Mantra,783177,2020,USA,Record Store Day - Red and Green Vinyl,No,https://www.discogs.com/release/15844249-Gong-Live-At-Sheffield-1974, $31.58 ,15844249,,15844249
Gong,Live Floating Anarchy 1977,"12"" Vinyl",Yes,Madfish,SMALP 1024,2014,USA,,Yes,https://www.discogs.com/release/6334340-Gong-I-See-You, $32.32 ,6334340,,6334340
Gong,"Live In Lyon December 14th, 1972","12"" Vinyl",Yes,Virgin,VR 13-113,1974,USA,,No,https://www.discogs.com/release/5260692-Gong-You, $35.00 ,5260692,,5260692
Gong,Live! At Sheffield,"12"" Vinyl",Yes,Virgin,V 2007,1974,USA,Repress - with booklet,No,https://www.discogs.com/release/566443-Gong-Angels-Egg-Radio-Gnome-Invisible-Part-2, $45.00 ,566443,,566443
Gong,Magick Brother,"12"" Vinyl",Yes,Virgin,V 2002,1973,USA,1st Pressing,No,https://www.discogs.com/release/4390066-Gong-Flying-Teapot-Radio-Gnome-Invisible-Part-1, $88.80 ,4390066,,4390066
Gong,Magick Brother,"12"" Vinyl",Yes,BYG Records,529.305,1969,USA,Actuel - 5,No,https://www.discogs.com/release/7538379-Gong-Magick-Brother, $122.50 ,7538379,,7538379
Gong,You,"12"" Vinyl",Yes,BYG Records,BYG 529.353,1971,USA,Actuel - 53,No,https://www.discogs.com/release/1235821-Gong-Camembert-Electrique, $127.50 ,1235821,,1235821
Grateful Dead,American Beauty,"12"" Vinyl",Yes,Warner Bros. Records,WS 1893,1970,USA,Terre Haute Pressing,No,https://www.discogs.com/release/7338795-Grateful-Dead-American-Beauty, $26.81 ,7338795,,7338795
Great White,… Twice Shy,"12"" Vinyl",Yes,Capitol Records,C1-90640,1989,USA,Original Pressing,No,https://www.discogs.com/release/1830496-Great-White--Twice-Shy, $46.11 ,1830496,,1830496
"Green, Bernie",Musically MAD,"12"" Vinyl",Yes,RCA Victor,LPM-1929,1959,USA,Mono,No,https://www.discogs.com/release/4276703-Bernie-Green-With-The-Stereo-Mad-Men-Musically-MAD, $6.13 ,4276703,,4276703
Guns N' Roses,Appetite For Destruction,"12"" Vinyl",Yes,Geffen Records,GEF 60T,1989,USA,,No,https://www.discogs.com/release/565793-Guns-N-Roses-Nightrain, $13.04 ,565793,,565793
Guns N' Roses,Appetite For Destruction,"12"" Vinyl",Yes,Geffen Records,GHS 24148,1987,USA,"Club Edition, BMG",No,https://www.discogs.com/release/2411987-Guns-N-Roses-Appetite-For-Destruction, $52.50 ,2411987,,2411987
Guns N' Roses,Live Era '87-'93,"12"" Vinyl",Yes,Geffen Records,GEF 24415,1991,USA,Original Pressing,No,https://www.discogs.com/release/2206780-Guns-N-Roses-Use-Your-Illusion-I-, $161.95 ,2206780,,2206780
Guns N' Roses,Nightrain,"12"" Vinyl",Yes,Geffen Records,GEF 24420,1991,USA,Original Pressing,No,https://www.discogs.com/release/2048352-Guns-N-Roses-Use-Your-Illusion-II, $165.83 ,2048352,,2048352
Guns N' Roses,Use Your Illusion I,"12"" Vinyl",Yes,Geffen Records,GHS 24148,1987,USA,Original Pressing - Uncensored Cover,No,https://www.discogs.com/release/383777-Guns-N-Roses-Appetite-For-Destruction, $250.00 ,383777,,383777
Guns N' Roses,Use Your Illusion II,"12"" Vinyl",Yes,Geffen Records,0694905141,1999,USA,,No,https://www.discogs.com/release/9740630-Steve-Hackett-Voyage-Of-The-Acolyte, $450.00 ,9740630,,9740630
"Hackett, Steve",Voyage Of The Acolyte,"12"" Vinyl",Yes,Chrysalis,CHR 1112,1978,USA,Reissue,No,https://www.discogs.com/release/9740630-Steve-Hackett-Voyage-Of-The-Acolyte, $9.99 ,9740630,,9740630
"Harrison, George",Electronic Sound,"12"" Vinyl",Yes,Zapple,ST-3358,1969,USA,Scranton Pressing,No,https://www.discogs.com/release/2332430-George-Harrison-Electronic-Sound, $15.50 ,2332430,,2332430
"Harrison, John",George A. Romero's Day Of The Dead,Cassette,Yes,Saturn Records,SR-CAS-1701,1985,USA,Soundtrack,No,https://www.discogs.com/release/6805946-John-Harrison-George-A-Romeros-Day-Of-The-Dead-Original-Motion-Picture-Soundtrack, $22.79 ,6805946,,6805946
"Harrison, John",George A. Romero's Day Of The Dead,CD,Yes,La-La Land Records / Taurus Entertainment Company,LLLCD 1277,2013,USA,Soundtrack,No,https://www.discogs.com/release/5057977-John-Harrison-George-A-Romeros-Day-Of-The-Dead-Expanded-Original-Motion-Picture-Soundtrack, $31.80 ,5057977,,5057977
"Harrison, John",George A. Romero's Day Of The Dead,"12"" Vinyl",Yes,Saturn Records,SR LP 1701,1985,USA,Soundtrack,No,https://www.discogs.com/release/1570536-John-Harrison-George-A-Romeros-Day-Of-The-Dead-Original-Motion-Picture-Soundtrack, $36.99 ,1570536,,1570536
"Harrison, John",George A. Romero's Day Of The Dead,"12"" Vinyl",Yes,Saturn Records,SR LP 1701,1985,USA,Soundtrack,Yes,https://www.discogs.com/release/1570536-John-Harrison-George-A-Romeros-Day-Of-The-Dead-Original-Motion-Picture-Soundtrack, $36.99 ,1570536,,1570536
"Harrison, John",George A. Romero's Day Of The Dead,"12"" Vinyl",Yes,Waxwork Records,WW003,2014,USA,Grey Marbled / Red Translucent Vinyl,No,https://www.discogs.com/release/6337171-John-Harrison-George-A-Romeros-Day-Of-The-Dead, $50.00 ,6337171,,6337171
"Hartley, Richard",Sheena (Original Motion Picture Soundtrack),"12"" Vinyl",Yes,Varese Sarabande,STV 81225,1984,USA,,No,https://www.discogs.com/release/2963637-Richard-Hartley-Sheena-Original-Motion-Picture-Soundtrack, $9.97 ,2963637,,2963637
"Hayes, Isaac",Black Moses,"12"" Vinyl",Yes,Enterprise,ENS-5003,1971,Yugoslavia,Original Pressing - Foldout Cover,No,https://www.discogs.com/release/493139-Isaac-Hayes-Black-Moses, $29.60 ,493139,,493139
Helmet,Betty,"10"" Vinyl",Yes,Amphetamine Reptile Records,AMREP 097,1994,USA,Original Pressing,No,https://www.discogs.com/release/656807-Helmet-Betty, $128.41 ,656807,,656807
"Henderson, Joe & Coltraine, Alice",The Elements,"12"" Vinyl",Yes,Milestone,M-9053,1974,USA,Stock Copy,No,https://www.discogs.com/release/533862-Joe-Henderson-Featuring-Alice-Coltrane-The-Elements, $180.00 ,533862,,533862
"Holden, Randy",Population II,"12"" Vinyl",Yes,Hobbit Records,HB 5002,2005,USA,Reissue - autographed and 1235/2000,No,https://www.discogs.com/release/1653698-Randy-Holden-Population-II, $53.82 ,1653698,,1653698
Holy Holy,The Man Who Sold The World Live In London,CD,Yes,Maniac Squat Records,MSL2015CD0008,2015,USA,Live Album,No,https://www.discogs.com/release/7191836-Tony-Visconti-And-Woody-Woodmanseys-Holy-Holy-With-Glenn-Gregory-And-Steve-Norman-The-Man-Who-Sold-T, $12.65 ,7191836,,7191836
"Horner, James",The Land Before Time (Original Motion Picture Soundtrack),"12"" Vinyl",Yes,MCA Records,MCA-6266,1988,USA,,No,https://www.discogs.com/release/2887456-James-Horner-The-Land-Before-Time-Original-Motion-Picture-Soundtrack, $58.95 ,2887456,,2887456
"Houston, Whitney",Whitney Houston,"12"" Vinyl",Yes,Arista,AL 8-8212,1985,USA,,No,https://www.discogs.com/release/5856861-Whitney-Houston-Whitney-Houston, $9.43 ,5856861,,5856861
How To Destroy Angels,How To Destroy Angels,"10"" Vinyl",Yes,The Null Corporation,SIGIL 2V,2010,USA,With hype sticker in shrink wrap,No,https://www.discogs.com/release/2484566-How-To-Destroy-Angels-How-To-Destroy-Angels, $130.40 ,2484566,,2484566
Human League,Greatest Hits,"12"" Vinyl",Yes,A&M Records,SP-5227,1988,USA,EMW Pressing,No,https://www.discogs.com/release/140777-Human-League-Greatest-Hits, $26.09 ,140777,,140777
"Hunter, Ian",Ian Hunter,"12"" Vinyl",Yes,Columbia,PC 33480,1975,USA,Terra Haute Pressing,No,https://www.discogs.com/release/1388237-Ian-Hunter-Ian-Hunter, $6.00 ,1388237,,1388237
"Hyman, Dick",The Age Of Electronicus,"12"" Vinyl",Yes,Command / ABC Records,COM 946-S,1969,USA,Original Pressing,No,"Dick Hyman – The Age Of Electronicus – Vinyl (Gatefold, LP, Album, Stereo), 1969 [r61401] | Discogs", $15.00 ,61401.00,,61401
I Don't Care,Ask Anyone,"12"" Vinyl",Yes,Kama Sutra,KSBS 2617,1976,USA,,No,https://www.discogs.com/release/21347971-I-Dont-Care-Ask-Anyone, $7.47 ,21347971,,21347971
Iggy And The Stooges,Ready To Die,CD,Yes,Fat Possum Records,FP1296-2,2013,USA,Digipack,No,https://www.discogs.com/release/4515154-Iggy-And-The-Stooges-Ready-To-Die, $5.21 ,4515154,,4515154
"III Moncur, Grachan",Aco Dei De Madrugada (One Morning I Waked Up Very Early),"12"" Vinyl",Yes,BYG Records,S-26.059,1970,USA,Actuel - 9,No,https://www.discogs.com/release/4161171-Grachan-Moncur-III-Aco-Dei-De-Madrugada-One-Morning-I-Waked-Up-Very-Early, $17.41 ,4161171,,4161171
"III Moncur, Grachan",New Africa,"12"" Vinyl",Yes,BYG Records,529.321,1969,USA,Actuel - 21,No,https://www.discogs.com/release/523365-Grachan-Moncur-III-New-Africa, $49.05 ,523365,,523365
Indian Summer,Indian Summer,"12"" Vinyl",Yes,RCA Neon,NE 3,1971,USA,Indianapolis Pressing,No,https://www.discogs.com/release/4174951-Indian-Summer-Indian-Summer, $80.00 ,4174951,,4174951
It's A Beautiful Day,…Today,"12"" Vinyl",Yes,Columbia,KC 30734,1971,USA,Terre Haute Pressing,No,https://www.discogs.com/release/1755832-Its-A-Beautiful-Day-Choice-Quality-Stuff-Anytime, $5.00 ,1755832,,1755832
It's A Beautiful Day,Choice Quality Stuff / Anytime,"12"" Vinyl",Yes,Columbia,KC 32181,1973,USA,Gatefold,No,https://www.discogs.com/release/2923446-Its-A-Beautiful-Day-Today, $5.00 ,2923446,,2923446
It's A Beautiful Day,It's A Beautiful Day,"12"" Vinyl",Yes,Columbia,CS 1058,1970,USA,Pitman Pressing,No,https://www.discogs.com/release/3573053-Its-A-Beautiful-Day-Marrying-Maiden, $5.80 ,3573053,,3573053
It's A Beautiful Day,It's A Beautiful Day,"12"" Vinyl",Yes,Columbia,CS 9768,1972,USA,Reissue,No,https://www.discogs.com/release/13353014-Its-A-Beautiful-Day-Its-A-Beautiful-Day, $5.92 ,13353014,,13353014
It's A Beautiful Day,It's A Beautiful Day,"12"" Vinyl",Yes,Embassy,EMB 31931,1981,USA,Reissue,No,https://www.discogs.com/release/3316940-Its-A-Beautiful-Day-Marrying-Maiden, $5.95 ,3316940,,3316940
It's A Beautiful Day,Marrying Maiden,"12"" Vinyl",Yes,Columbia,C7S 9768,1969,USA,Original Pressing,No,https://www.discogs.com/release/8784644-Its-A-Beautiful-Day-Its-A-Beautiful-Day, $10.07 ,8784644,,8784644
It's A Beautiful Day,Marrying Maiden,"12"" Vinyl",Yes,San Francisco Sound,SFS 11790,1985,USA,Half Speed Mastered Number 14216,No,https://www.discogs.com/release/11214654-Its-A-Beautiful-Day-Its-A-Beautiful-Day, $22.95 ,11214654,,11214654
Ivy,Apartment Life Demos,"12"" Vinyl",Yes,Bar/None Records,BRN-LP-297,2023,USA,Record Store Day - Coke Bottle Clear,Yes,https://www.discogs.com/release/26848223-Ivy-Apartment-Life-Demos, $18.48 ,26848223,,26848223
"Jackson, Janet",Number Ones,"12"" Vinyl",Yes,A&M Records/UMe/JDJ Entertainment,B0033136-01,2021,USA,Red Vinyl,Yes,https://www.discogs.com/release/17040747-Janet-Number-Ones, $24.97 ,17040747,,17040747
"Jackson, Janet",Number Ones,"12"" Vinyl",Yes,A&M Records/UMe/JDJ Entertainment,B0033136-01,2021,USA,Red Vinyl,No,https://www.discogs.com/release/17040747-Janet-Number-Ones, $24.97 ,17040747,,17040747
Jacques Coursil Unit,Way Head,"12"" Vinyl",Yes,BYG Records,529.319,1969,USA,Actuel - 19,No,https://www.discogs.com/release/520449-Jacques-Coursil-Unit-Way-Head, $42.11 ,520449,,520449
"Jarre, Maurice",Dreamscape,"12"" Vinyl",Yes,Sonic Atmospheres,SA102,19984,USA,,No,https://www.discogs.com/release/622925-Maurice-Jarre-Dreamscape, $12.19 ,622925,,622925
Jethro Tull,Thick As A Brick,"12"" Vinyl",Yes,Reprise Records,MS 2072,1972,USA,Original Pressing,No,"Jethro Tull – Thick As A Brick – Vinyl (Terre Haute Pressing, LP, Album, Stereo), 1972 [r19144468] | Discogs", $8.99 ,19144468.00,,19144468
Jim & Jean,People World,"12"" Vinyl",Yes,Verve Forecast,FTS-3015,1968,USA,,No,https://www.discogs.com/release/3142916-Jim-Jean-People-World, $6.54 ,3142916,,3142916
"Jobim, Antonio Carlos",Stone Flower,"12"" Vinyl",Yes,CTI Records,OW-522,1973,USA,,No,https://www.discogs.com/release/3833671-Antonio-Carlos-Jobim-Stone-Flower, $42.11 ,3833671,,3833671
Jobriath,Jobriath,"12"" Vinyl",Yes,Elektra,P-8446E,1974,USA,Promo - White Label,No,https://www.discogs.com/release/21837844-Jobriath-Jobriath, $25.00 ,21837844,,21837844
"John, Elton",Captain Fantastic And The Brown Dirt Cowboy,"12"" Vinyl",Yes,MCA Records,MCA-2142,1975,USA,Pickneyville Pressing,No,https://www.discogs.com/release/7793128-Elton-John-Captain-Fantastic-And-The-Brown-Dirt-Cowboy, $8.00 ,7793128,,7793128
Jon & The Nightriders,Recorded Live At Hollywood's Famous Whisky A Go-Go,"12"" Vinyl",Yes,Voxx Records,VXS 200.005,1981,USA,,Yes,https://www.discogs.com/release/3738379-Jon-The-Nightriders-Recorded-Live-At-Hollywoods-Famous-Whisky-A-Go-Go, $11.50 ,3738379,,3738379
"Jones, Arthur",Scorpio,"12"" Vinyl",Yes,BYG Records,529.35,1971,USA,Actuel - 50,No,https://www.discogs.com/release/460599-Arthur-Jones-Scorpio, $66.25 ,460599,,460599
Kiss,(Music From) The Elder,CD,Yes,Casablanca,824 147-2m-1,1988,USA,,No,https://www.discogs.com/release/7290183-Kiss-Hotter-Than-Hell, $4.75 ,7290183,,7290183
Kiss,Destroyer,CD,Yes,Casablanca,24 153-2,1987,USA,,No,https://www.discogs.com/release/2144172-Kiss-Music-From-The-Elder, $4.83 ,2144172,,2144172
Kiss,Dressed To Kill,CD,Yes,Casablanca,P2-24148,1987,USA,Club Edition,No,https://www.discogs.com/release/2718913-Kiss-Dressed-To-Kill, $5.00 ,2718913,,2718913
Kiss,Dynasty,CD,Yes,Mercury / Casablanca,314 532 378-2,1997,USA,KISS The Remasters,No,https://www.discogs.com/release/11213383-Kiss-Destroyer, $6.00 ,11213383,,11213383
Kiss,Hotter Than Hell,CD,Yes,Mercury / Casablanca,314 532 374-2,1997,USA,KISS The Remasters,No,https://www.discogs.com/release/1644190-KISS-Kiss, $7.16 ,1644190,,1644190
Kiss,Kiss,CD,Yes,Mercury / Casablanca,314 532 381-2,1997,USA,KISS The Remasters,No,https://www.discogs.com/release/1965711-KISS-Love-Gun, $7.30 ,1965711,,1965711
Kiss,Kiss Killers,CD,Yes,Casablanca,812 770-2 M-1,1987,USA,,No,https://www.discogs.com/release/1659092-Kiss-Dynasty, $7.37 ,1659092,,1659092
Kiss,Love Gun,CD,Yes,Mercury / Phonogram,512 758-2,1997,USA,,No,https://www.discogs.com/release/650370-Kiss-Kiss-Killers, $8.68 ,650370,,650370
Kluster,Zwei-Osterei,"12"" Vinyl",Yes,Schwann AMS Studio,Studio 512,1980,USA,Second Pressing,No,https://www.discogs.com/release/1906636-Kluster-Zwei-Osterei, $46.18 ,1906636,,1906636
"Laws, Hubert",Morning Star,"12"" Vinyl",Yes,CTI Records,CTI 6022,1972,USA,Gatefold Original Pressing,No,https://www.discogs.com/release/510100-Hubert-Laws-Morning-Star, $7.50 ,510100,,510100
Led Zeppelin,Candy Store Rock,"7"" Vinyl",N/A,Swan Song,SS-70110,1976,USA,Stock Copy,No,https://www.discogs.com/release/2306270-Led-Zeppelin-Candy-Store-Rock-Royal-Orleans-, $4.83 ,2306270,,2306270
Led Zeppelin,Coda,DVD,Yes,Atlantic,2 970198,2003,USA,NTSC,No,https://www.discogs.com/release/1175599-Led-Zeppelin-DVD, $8.20 ,1175599,,1175599
Led Zeppelin,DVD,"12"" Vinyl",Yes,Swan Song,90051-1,1982,USA,Allied Pressing,No,https://www.discogs.com/release/2692863-Led-Zeppelin-Coda, $14.16 ,2692863,,2692863
Led Zeppelin,In Through The Out Door,"12"" Vinyl",Yes,Swan Song,SS 16002,1979,USA,"Presswell Pressing - ""C"" Sleeve Variant",No,https://www.discogs.com/release/4783695-Led-Zeppelin-In-Through-The-Out-Door, $15.00 ,4783695,,4783695
"Lopes, Tee",Sonic Mania Original Soundtrack,"12"" Vinyl",Yes,Data Discs,DATA-S,2017,USA,Blue Vinyl,No,https://www.discogs.com/release/10857967-Tee-Lopes-Sonic-Mania-Original-Soundtrack, $48.43 ,10857967,,10857967
Love,Forever Changes,CD,Yes,Elektra / Rhino Records,R2 76717,2001,USA,Reissue,No,https://www.discogs.com/release/1527432-Love-Forever-Changes, $5.00 ,1527432,,1527432
Love,Forever Changes,CD,Yes,Elektra / Rhino Records,R2 73500,1995,USA,Box Set,No,https://www.discogs.com/release/382620-Love-Love-Story-1966-1972, $14.19 ,382620,,382620
Love,Love Story (1966 ~ 1972),"12"" Vinyl",Yes,Elektra / Rhino Records,R2 565276,2018,USA,"Box Set - vinyl, compact disc, DVD",No,https://www.discogs.com/release/11821217-Love-Forever-Changes, $51.95 ,11821217,,11821217
Lulu,The Man Who Sold The World,"7"" Vinyl",Yes,Polydor,PS 311,1974,USA,,No,https://www.discogs.com/release/11086814-Lulu-The-Man-Who-Sold-The-World-Watch-That-Man, $13.00 ,11086814,,11086814
"Lynch, David & Splet R. Alan",Eraserhead (Original Soundtrack),"12"" Vinyl",Yes,I.R.S. Records,SP 70027,1982,USA,With poster,No,https://www.discogs.com/release/261863-David-Lynch-Alan-R-Splet-Eraserhead-Original-Soundtrack, $50.00 ,261863,,261863
"Mackay, Andy",In Search Of Eddie Riff,"12"" Vinyl",Yes,Island Records / Polydor,ILPS 9278,1977,USA,Reissue,No,https://www.discogs.com/release/5775418-Andy-Mackay-In-Search-Of-Eddie-Riff, $5.00 ,5775418,,5775418
Madonna,Erotica,"12"" Vinyl",Yes,Sire,0-21170,1989,USA,Maxi-Single,No,https://www.discogs.com/release/230329-Madonna-Like-A-Prayer, $11.36 ,230329,,230329
Madonna,Like A Prayer,"12"" Vinyl",Yes,Sire,9 25844-1,1989,USA,,No,https://www.discogs.com/release/1087663-Madonna-Like-A-Prayer, $25.84 ,1087663,,1087663
Madonna,Like A Prayer,"12"" Vinyl",Yes,Maverick / Sire / Warner Bros. Records,9362-45031-1,1992,USA,,No,https://www.discogs.com/release/78689-Madonna-Erotica, $47.53 ,78689,,78689
Madonna,Like A Virgin,"12"" Vinyl",Yes,Sire,9 25157-1,1984,USA,Promo - White Vinyl,No,https://www.discogs.com/release/1678860-Madonna-Like-A-Virgin, $52.17 ,1678860,,1678860
Malcolm,Malcolm,"12"" Vinyl",Yes,Counterpart Records,20543,1972,USA,Cinncinnatti Record Label - no other information is known about artist,No,, $250.00 ,,,
Maldoon,Maldoon,"12"" Vinyl",Yes,Warner Bros. Records,BS 2706,1973,USA,Promo,No,https://www.discogs.com/release/2941512-Maldoon-Maldoon, $6.76 ,2941512,,2941512
Man,Man,"12"" Vinyl",Yes,United Artists Records,UA-LA345-G,1974,USA,,No,https://www.discogs.com/release/5379483-Man-Slow-Motion, $7.74 ,5379483,,5379483
Man,Slow Motion,"12"" Vinyl",Yes,Liberty,LBG 83464,1971,USA,Textured Cover,No,https://www.discogs.com/release/2322934-Man-Man, $37.91 ,2322934,,2322934
Marilyn Manson,Mechanical Animals,"12"" Vinyl",Yes,Nothing Records,INT8P-6188,1997,USA,Promo,No,https://www.discogs.com/release/235649-Marilyn-Manson-The-Horrible-People-Tourniquet, $17.99 ,235649,,235649
Marilyn Manson,The Horrible People / Tourniquet,"12"" Vinyl",Yes,Nothing Records,INT2-90273-1,1998,USA,Original Pressing - Blue and White Vinyl,No,https://www.discogs.com/release/239093-Mar1lyn-Man5on-Mechanical-Animals, $300.11 ,239093,,239093
"Mars, Bruno",The Grenade Sessions,"10"" Vinyl",Yes,Elektra,0-530676,2012,USA,"Record Store Day - 2,050 copies made",No,https://www.discogs.com/release/9607433-Bruno-Mars-The-Grenade-Sessions, $11.99 ,9607433,,9607433
Matching Mole,Matching Mole's Little Red Record,"12"" Vinyl",Yes,CBS,S 65260,1972,USA,Original Pressing-cover is slightly sun washed,No,https://www.discogs.com/release/435761-Matching-Mole-Matching-Moles-Little-Red-Record, $37.21 ,435761,,435761
Mazzy Star,Fade Into You,"10"" Vinyl",Yes,Capitol Records,10CL 720,1994,USA,Limited Edition - Number 4737,No,https://www.discogs.com/release/431153-Mazzy-Star-Fade-Into-You, $172.73 ,431153,,431153
"McGraw, Tim",Last Man Standing,"12"" Vinyl",Yes,Big Machine Records / McGraw Music,BMRTM0500A,2023,USA,Clear Vinyl Pressing,Yes,https://www.discogs.com/release/28143628-Tim-McGraw-Standing-Room-Only, $13.50 ,28143628,,28143628
Meatloaf,Bad Attitude,"12"" Vinyl",Yes,Cleveland International Records / Epic,FE 36007,1981,USA,Terre Haute Pressing,No,https://www.discogs.com/release/1624589-Meat-Loaf-Dead-Ringer, $4.96 ,1624589,,1624589
Meatloaf,Blind Before I Stop,"12"" Vinyl",Yes,Prodigal,P7-10029R1,1978,USA,Reissue,No,https://www.discogs.com/release/1755345-Meatloaf-Featuring-Stoney-Meatloaf, $5.05 ,1755345,,1755345
Meatloaf,Dead Ringer,"12"" Vinyl",Yes,Atlantic,81698-1,1986,USA,,No,https://www.discogs.com/release/9079940-Meat-Loaf-Blind-Before-I-Stop, $5.77 ,9079940,,9079940
Meatloaf,Featuring Stoney & Meatloaf,"12"" Vinyl",Yes,Epic / Cleveland International Records,FE 38444,1983,USA,,No,https://www.discogs.com/release/1893723-Meat-Loaf-Midnight-At-The-Lost-And-Found, $7.92 ,1893723,,1893723
Meatloaf,Midnight At The Lost And Found,"12"" Vinyl",Yes,RCA Victor,AFL1-5451,1985,USA,,No,https://www.discogs.com/release/5042351-Meat-Loaf-Bad-Attitude, $9.43 ,5042351,,5042351
Meatloaf,Stoney & Meatloaf,"12"" Vinyl",Yes,Rare Earth,R 528L,1971,USA,Original Pressing,No,https://www.discogs.com/release/1498858-Stoney-Meatloaf-Stoney-Meatloaf, $19.47 ,1498858,,1498858
"Miller, Elva",Mrs. Miller's Greatest Hits,"12"" Vinyl",Yes,Capitol Records,ST 2494,1966,USA,,No,https://www.discogs.com/release/28548940-Mrs-Miller-Mrs-Millers-Greatest-Hits, $3.00 ,28548940,,28548940
"Miller, Elva",Will Success Spoil Mrs. Miller?,"12"" Vinyl",Yes,Capitol Records,ST 2579,1966,USA,,No,https://www.discogs.com/release/4459992-Mrs-Elva-Miller-Will-Success-Spoil-Mrs-Miller, $10.00 ,4459992,,4459992
Missing Persons,Missing Persons,"12"" Vinyl",Yes,Capitol Records,DLP-15001,1982,USA,Mini-Album,No,https://www.discogs.com/release/8532578-Missing-Persons-Missing-Persons, $5.00 ,8532578,,8532578
"Mitchell, Joni",Don Juan's Reckless Daughter,"12"" Vinyl",Yes,Asylum Records,9 24302 1,1977,USA,Original Pressing,No,https://www.discogs.com/release/3703699-Joni-Mitchell-Don-Juans-Reckless-Daughter, $8.52 ,3703699,,3703699
"Mitchell, Joni",Night Ride Home,"12"" Vinyl",Yes,Geffen Records,9362-4590-1,1991,USA,Original Pressing,No,https://www.discogs.com/release/8010165-Joni-Mitchell-Night-Ride-Home, $46.66 ,8010165,,8010165
Moby,Play,CD,Yes,V2,63881-277049-2RE,2000,USA,,No,https://www.discogs.com/release/3716740-Moby-Play, $2.00 ,3716740,,3716740
"Morissette, Alanis",Jagged Little Pill,"12"" Vinyl",Yes,Maverick / Reprise Records,9362-4590-1,1995,USA,Original Pressing,No,https://www.discogs.com/release/750272-Alanis-Morissette-Jagged-Little-Pill, $191.00 ,750272,,750272
"Morricone, Ennio",Exorcist II: The Heretic,"12"" Vinyl",Yes,Warner Bros. Records,BS 3068,1977,USA,Stock Copy,No,https://www.discogs.com/release/13394061-Ennio-Morricone-Exorcist-II-The-Heretic, $15.76 ,13394061,,13394061
"Morricone, Ennio",Exorcist II: The Heretic,"12"" Vinyl",Yes,Dagored,RED224C,2015,USA,Blue Vinyl,No,https://www.discogs.com/release/7798102-Ennio-Morricone-The-Humanoid-Original-Motion-Picture-Soundtrack, $21.31 ,7798102,,7798102
"Morricone, Ennio",Giallo,"12"" Vinyl",Yes,Rustblade,RBL075LP,2020,USA,Yellow Final - Limited Edition of 499 copies,No,https://www.discogs.com/release/15369663-Ennio-Morricone-Giallo-Criminale, $21.99 ,15369663,,15369663
"Morricone, Ennio",Giallo Criminale,"12"" Vinyl",Yes,Jackbox Records / Warner Records,JPR 069,2021,USA,"Vinyl Me Please limited edition of 1,000 copies.  826/1000",No,https://www.discogs.com/release/18069205-Ennio-Morricone-Exorcist-II-The-Heretic, $27.00 ,18069205,,18069205
"Morricone, Ennio",The Humanoid (Original Motion Picture Soundtrack),"12"" Vinyl",Yes,Music On Vinyl,MOVATM260,2020,USA,Yellow and Black Marbled vinyl - No 2712/3000,No,https://www.discogs.com/release/16132566-Ennio-Morricone-Giallo, $31.82 ,16132566,,16132566
"Morricone, Ennio",The Legend Of 1900 (Original Motion Picture Soundtrack),"12"" Vinyl",Yes,Music On Vinyl,MOVATM110,2021,USA,"Limited edition of 5,000 copies this is number 4,726",No,https://www.discogs.com/release/17850514-Ennio-Morricone-The-Legend-Of-1900, $53.32 ,17850514,,17850514
Mott The Hoople,Mott,"12"" Vinyl",Yes,CBS,S 69038,1973,USA,Original Pressing,No,https://www.discogs.com/release/1441219-Mott-The-Hoople-Mott, $13.33 ,1441219,,1441219
"Murray, Sunny",An Even Break (Never Give A Sucker),"12"" Vinyl",Yes,BYG Records,529.332,1970,USA,Actuel - 32,No,https://www.discogs.com/release/1048184-Sunny-Murray-An-Even-Break-Never-Give-A-Sucker, $19.99 ,1048184,,1048184
"Murray, Sunny",Sunshine,"12"" Vinyl",Yes,BYG Records,529.348,1969,USA,Actuel - 48,No,https://www.discogs.com/release/530720-Sunny-Murray-Sunshine, $30.79 ,530720,,530720
Nazereth,Loud 'N' Proud,"12"" Vinyl",Yes,A&M Records,SP-3609,1973,USA,,No,https://www.discogs.com/release/12297740-Nazareth-Loud-N-Proud, $7.99 ,12297740,,12297740
Nektar,"""Thru The Ears""","12"" Vinyl",Yes,Passport Records,PPSD-98005,1975,USA,,No,https://www.discogs.com/release/7824494-Nektar-Down-To-Earth, $6.28 ,7824494,,7824494
Nektar,Down To Earth,"12"" Vinyl",Yes,Polydor,PD-1-6115,1977,USA,,No,https://www.discogs.com/release/887024-Nektar-Magic-Is-A-Child, $7.56 ,887024,,887024
Nektar,Magic Is A Chid,"12"" Vinyl",Yes,Import Records / Visa Records,IMP 9001,1978,USA,,No,https://www.discogs.com/release/1745650-Nektar-Thru-The-Ears, $7.99 ,1745650,,1745650
Nektar,Recycled,"12"" Vinyl",Yes,Passport Records,PPS-9811,1975,USA,,No,https://www.discogs.com/release/5532264-Nektar-Recycled, $8.99 ,5532264,,5532264
Nektar,Remember The Future,"12"" Vinyl",Yes,Passport Records,PPS 98002,1974,USA,,No,https://www.discogs.com/release/465735-Nektar-Remember-The-Future, $9.00 ,465735,,465735
Nico,All Tomorrow's Parties,CD,Yes,Restless Records,7 72383-2,1990,USA,,No,https://www.discogs.com/release/748727-Nico-Hanging-Gardens, $7.84 ,748727,,748727
Nico,An Underground Experience + Heroine,CD,Yes,Island Records,314-518 892-2,1996,USA,Reissue,No,https://www.discogs.com/release/552131-Nico-The-End, $7.99 ,552131,,552131
Nico,"At The Live Inn, Tokyo '86",VHS,Yes,Fox Lorber Home Video,FLV1337,1995,USA,NTSC,No,https://www.discogs.com/release/9630721-Nico-Nico-Icon, $8.01 ,9630721,,9630721
Nico,BBC Session 1971,CD,Yes,Purple Pyramid,CLP 0034-2,1997,USA,Recorded in 1985,No,https://www.discogs.com/release/4303608-Nico-Chelsea-Girl-Live, $8.50 ,4303608,,4303608
Nico,Behind The Iron Curtain,"12"" Vinyl",Yes,Beggars Banquet,BEG 139T,1985,USA,Second Sight Series,No,https://www.discogs.com/release/985833-Nico-My-Funny-Valentine, $8.70 ,985833,,985833
Nico,Camera Obscura,"12"" Vinyl",Yes,Beggars Banquet,BEG 139T,1985,USA,Second Sight Series,No,https://www.discogs.com/release/985833-Nico-My-Funny-Valentine, $8.70 ,985833,,985833
Nico,Camera Obscura,CD,Yes,Chronicles,314 565 185-2,1998,USA,Compilation,No,https://www.discogs.com/release/1417088-Nico-The-Classic-Years, $10.76 ,1417088,,1417088
Nico,Camera Obscura,CD,Yes,ROIR,RUSCD 8261,2000,USA,Reissue,No,https://www.discogs.com/release/882985-Nico-Do-Or-Die-Diary-1982-Nico-In-Europe, $12.15 ,882985,,882985
Nico,Chelsea Girl,CD,Yes,Cleopatra,CLP 9709-2,1996,USA,,No,https://www.discogs.com/release/460316-Nico-Icon-Rare-Unreleased, $12.29 ,460316,,460316
Nico,Chelsea Girl,CD,Yes,Reprise Records / Warner Archives,6424-2,1994,USA,Reissue,No,https://www.discogs.com/release/551793-Nico-Desertshore, $12.32 ,551793,,551793
Nico,Chelsea Girl / Live,CD,Yes,Elektra,74029-2,1991,USA,Reissue,No,https://www.discogs.com/release/383883-Nico-The-Marble-Index, $12.74 ,383883,,383883
Nico,Desertshore,"12"" Vinyl",Yes,Cherry Red / Culture Factory,783551,2023,USA,"Record Store Day - Limited Edition 2,000 Copies Clear Blue Vinyl",Yes,https://www.discogs.com/release/26848778-Nico-Live-At-The-Library-Theatre-80, $12.99 ,26848778,,26848778
Nico,Desertshore,DVD,Yes,Visionary Communications,VISDVD001,2000,USA,,No,https://www.discogs.com/release/394851-Nico-An-Underground-Experience-Heroine, $13.68 ,394851,,394851
Nico,Do Or Die - Diary 1982 (Nico In Europe),"12"" Vinyl",Yes,Culture Factory / Cherry Red,783 491,2022,USA,"Record Store Day - Limited Edition 2,000 copies on Purple Vinyl",Yes,https://www.discogs.com/release/22928291-Nico-Live-At-The-Hacienda-83, $13.99 ,22928291,,22928291
Nico,Drama Of Exile,"12"" Vinyl",Yes,Culture Factory / Cherry Red,783 496,2022,USA,"Record Store Day - Limited Edition 3,000 copies on Yellow Vinyl",No,https://www.discogs.com/release/25156492-Nico-Live-At-The-Library-Theatre-83, $14.00 ,25156492,,25156492
Nico,Drama Of Exile,CD,Yes,Anagram Records,CDM GOTH 7,2001,USA,Digipak,No,https://www.discogs.com/release/1889737-Nico-Janitor-Of-Lunacy, $14.74 ,1889737,,1889737
Nico,Drama Of Exile - Version Originale,"12"" Vinyl",Yes,Performance Records,PERF 385A,1986,USA,Compilation,Yes,https://www.discogs.com/release/1173610-Nico-Live-Heroes, $14.83 ,1173610,,1173610
Nico,En Personne En Europe,"12"" Vinyl",Yes,Cleopatra,CLP 2055,2007,USA,Black Vinyl,No,https://www.discogs.com/release/4574624-Nico-All-Tomorrows-Parties, $14.99 ,4574624,,4574624
Nico,Fata Morgana,"12"" Vinyl",Yes,Get Back,GET 68,2000,USA,Blue Cover,No,https://www.discogs.com/release/1971449-Nico-Heroine, $15.79 ,1971449,,1971449
Nico,Femme Fatale,"12"" Vinyl",Yes,Beggars Archive,BBL 63 IIPE,2022,USA,"Record Store Day - Limited Edition of 1,500 Copies Blue Vinyl",No,https://www.discogs.com/release/22979684-Nico-3-The-Faction-Camera-Obscura, $15.93 ,22979684,,22979684
Nico,Hanging Gardens,"12"" Vinyl",Yes,Beggars Archive,BBL 63 IIPE,2022,USA,"Record Store Day - Limited Edition of 1,500 Copies Blue Vinyl",Yes,https://www.discogs.com/release/22979684-Nico-3-The-Faction-Camera-Obscura, $15.93 ,22979684,,22979684
Nico,Heroine,"12"" Vinyl",Yes,Culture Factory / Cherry Red,783 748,2024,USA,Record Store Day - Green Vinyl ,Yes,https://www.discogs.com/release/30442904-Nico-At-The-Live-Inn-Tokyo-86, $16.38 ,30442904,,30442904
Nico,Heroine - Manchester Library Theatre 1980,CD,Yes,Cleopatra,CLEO10792,1993,USA,Reissue,No,https://www.discogs.com/release/1330699-Nico-Drama-Of-Exile, $18.97 ,1330699,,1330699
Nico,Icon (Rare & Unreleased),"12"" Vinyl",Yes,Tidal Waves Music,TWM09,2017,USA,"Record Store Day - Limited Edition 2,000 Copies",No,https://www.discogs.com/release/9927946-Nico-3-The-Faction-Fata-Morgana, $19.99 ,9927946,,9927946
Nico,Janitor Of Lunacy,"12"" Vinyl",Yes,Tiger Bay,TB6041C,2019,USA,,Yes,https://www.discogs.com/release/14013931-Nico-Heroine-Manchester-Library-Theatre-1980, $19.99 ,14013931,,14013931
Nico,Live At The Hacienda '83,"12"" Vinyl",Yes,Vinyl Lovers,VL 900960LP,2010,USA,Compilation Reissue,No,https://www.discogs.com/release/2508556-Nico-Femme-Fatale, $23.82 ,2508556,,2508556
Nico,Live At The Library Theatre '80,"12"" Vinyl",Yes,Femme Music,FEDLP 5.00014 M,1986,USA,White Vinyl,No,https://www.discogs.com/release/1592677-Nico-Behind-The-Iron-Curtain, $25.26 ,1592677,,1592677
Nico,Live At The Library Theatre '83,Cassette,Yes,1/2 Records,CASS2,1983,USA,London-Amsterdam-Utrecht 1983,No,https://www.discogs.com/release/2868654-Nico-En-Personne-En-Europe, $26.26 ,2868654,,2868654
Nico,Live Heroes,"12"" Vinyl",Yes,Gearbox Records,GB1533OBI,2021,USA,,No,https://www.discogs.com/release/17731438-Nico-BBC-Session-1971, $28.42 ,17731438,,17731438
Nico,My Funny Valentine,"12"" Vinyl",Yes,PVC Records / Beggars Banquet,PVC 8938,1985,USA,Original Pressing,No,https://www.discogs.com/release/360250-Nico-3-The-Faction-Camera-Obscura, $28.95 ,360250,,360250
Nico,My Funny Valentine,CD,Yes,Buda Records,92647-2,1996,USA,Reissue,No,https://www.discogs.com/release/2578118-Nico-Drama-Of-Exile-Version-Originale, $29.73 ,2578118,,2578118
Nico,Nico Icon,"12"" Vinyl",Yes,Aura,AUL 715,1981,USA,Stock Copy,No,https://www.discogs.com/release/554781-Nico-Drama-Of-Exile, $31.27 ,554781,,554781
Nico,The Classic Years,"12"" Vinyl",Yes,Elektra,42065,1974,USA,Reissue - Blue Vinyl,No,https://www.discogs.com/release/3563686-Nico-The-Marble-Index, $35.48 ,3563686,,3563686
Nico,The End…,"12"" Vinyl",Yes,Elektra,EKS-74029,1974,USA,Reissue,No,https://www.discogs.com/release/3539745-Nico-The-Marble-Index, $38.50 ,3539745,,3539745
Nico,The End…,"12"" Vinyl",Yes,Island Records,ILPS 9311,1974,USA,Original Pressing,No,https://www.discogs.com/release/222339-Nico-The-End, $38.98 ,222339,,222339
Nico,The Marble Index,"12"" Vinyl",Yes,Reprise Records,RS 6424,1970,USA,Promo - White Label,No,https://www.discogs.com/release/3402600-Nico-Desertshore, $70.00 ,3402600,,3402600
Nico,The Marble Index,"12"" Vinyl",Yes,Elektra,EKS-74029,1968,USA,Promo - White Label,No,https://www.discogs.com/release/7001008-Nico-The-Marble-Index, $121.99 ,7001008,,7001008
Nico,The Marble Index,"12"" Vinyl",Yes,Verve Records,V6-5032,1967,USA,Original Pressing - Misprint Version Stereo,No,https://www.discogs.com/release/6049138-Nico-Chelsea-Girl, $127.48 ,6049138,,6049138
Nico,The Marble Index,"12"" Vinyl",Yes,Verve Records,V-5032,1967,USA,Original Pressing - Misprint Version Mono,No,https://www.discogs.com/release/2443457-Nico-Chelsea-Girl, $130.00 ,2443457,,2443457
Nine Inch Nails,Fixed,"12"" Vinyl",Yes,TVT Records,TVT 2610,1989,USA,Original Pressing,No,https://www.discogs.com/release/75544-Nine-Inch-Nails-Pretty-Hate-Machine, $119.32 ,75544,,75544
Nine Inch Nails,Head Like A Hole,"12"" Vinyl",Yes,Nothing Records,0694904731,1999,USA,Original Pressing,No,https://www.discogs.com/release/69893-Nine-Inch-Nails-The-Fragile, $127.50 ,69893,,69893
Nine Inch Nails,Pretty Hate Machine,"12"" Vinyl",Yes,Island Records / TVT Records / Nothing Records,ILPM 8005,1992,USA,Original Pressing,No,https://www.discogs.com/release/100537-Nine-Inch-Nails-Fixed, $148.33 ,100537,,100537
Nine Inch Nails,The Downward Spiral,"12"" Vinyl",Yes,Nothing Records / STPR / Interscope,STPR 5509,1994,USA,Original Pressing,No,https://www.discogs.com/release/512609-Nine-Inch-Nails-The-Downward-Spiral, $232.00 ,512609,,512609
Nine Inch Nails,The Fragile,"12"" Vinyl",Yes,Nothing Records,0694907441,2000,USA,HALO Sixteen,No,https://www.discogs.com/release/66180-Nine-Inch-Nails-Things-Falling-Apart, $71.93 ,66180,,66180
Nine Inch Nails,The Hand That Feeds / Home,"10"" Vinyl",N/A,Self-Released,HALO_18 V2,2005,USA,"Picture Disc - limited edition of 9,000 copies",No,https://www.discogs.com/release/470884-Nine-Inch-Nails-The-Hand-That-Feeds-Home, $20.00 ,470884,,470884
Nine Inch Nails,Things Falling Apart,"10"" Vinyl",Yes,Island Records / TVT Records,10 ISP 484,1991,USA,Poster Bag,No,https://www.discogs.com/release/189586-Nine-Inch-Nails-Head-Like-A-Hole, $20.76 ,189586,,189586
Nine Inch Nails,We're In This Together,"10"" Vinyl",Yes,Self-Released,None,2000,USA,Limited Edition - 150 copies,No,https://www.discogs.com/release/1186081-Nine-Inch-Nails-Were-In-This-Together, $252.27 ,1186081,,1186081
Nirvana,Bleach,"12"" Vinyl",Yes,DGC,DGC-24727,1994,USA,Original Pressing,No,https://www.discogs.com/release/1836201-Nirvana-MTV-Unplugged-In-New-York, $196.59 ,1836201,,1836201
Nirvana,Blew,"12"" Vinyl",Yes,Tupelo Recording Company,TUPE8,1989,USA,Original Pressing,No,https://www.discogs.com/release/537401-Nirvana-Blew, $230.25 ,537401,,537401
Nirvana,In Utero,"12"" Vinyl",Yes,DGC / Sub Pop,DGC-24607,1993,USA,Original Pressing,No,https://www.discogs.com/release/1073329-Nirvana-In-Utero, $335.23 ,1073329,,1073329
Nirvana,MTV Unplugged In New York,"12"" Vinyl",Yes,Sub Pop,SP 34,1989,USA,Original Pressing,No,https://www.discogs.com/release/2499473-Nirvana-Bleach, $359.86 ,2499473,,2499473
Nirvana,Nevermind,"12"" Vinyl",Yes,DGC / Sub Pop,DGC-24425,1991,USA,Original Pressing,No,https://www.discogs.com/release/1813006-Nirvana-Nevermind, $963.32 ,1813006,,1813006
No Artist,LSD,"12"" Vinyl",Yes,Capitol Records,STAO-2574,1966,USA,Scranton Pressing,No,https://www.discogs.com/release/2106311-No-Artist-LSD, $36.20 ,2106311,,2106311
Nova,Wings Of Love,"12"" Vinyl",Yes,Arista,AB 4150,1977,USA,Promo,No,https://www.discogs.com/release/3078142-Nova-Wings-Of-Love, $4.00 ,3078142,,3078142
"Nyman, Michael","The Cook, The Thief, His Wife And Her Lover",CD,Yes,Venture / Caroline Records,CDVE 53,1989,USA,Original Soundtrack,No,https://www.discogs.com/release/1431634-Michael-Nyman-The-Michael-Nyman-Band-The-CookThief-His-Wife-And-Her-Lover, $3.90 ,1431634,,1431634
"Nyman, Michael","The Cook, The Thief, His Wife And Her Lover","12"" Vinyl",Yes,Venture,VE 53,1989,USA,Soundtrack,No,https://www.discogs.com/release/447728-Michael-Nyman-Michael-Nyman-Band-The-CookThief-His-Wife-And-Her-Lover, $18.44 ,447728,,447728
"Page, Gene",Blacula (Music From The Original Soundtrack),"12"" Vinyl",Yes,RCA Victor,LSP-4806,1972,USA,Original Pressing,No,https://www.discogs.com/release/550462-Gene-Page-Blacula-Music-From-The-Original-Soundtrack, $53.65 ,550462,,550462
"Palmer, Robert",Sneakin' Sally Through The Alley ,"12"" Vinyl",Yes,Island Records,ILPS 9294,1978,USA,Reissue,No,https://www.discogs.com/release/4536450-Robert-Palmer-Sneakin-Sally-Through-The-Alley, $9.99 ,4536450,,4536450
"Partch, Harry",Delusion Of The Fury  (A Ritual Of Dream And Delusion),"12"" Vinyl",Yes,Columbia Masterworks,MS 30576,1971,USA,Boxed Set,No,https://www.discogs.com/release/1438859-Harry-Partch-Delusion-Of-The-Fury-A-Ritual-Of-Dream-And-Delusion, $29.95 ,1438859,,1438859
"Parton, Dolly",The Monument Singles Collection 1964-1968,"12"" Vinyl",Yes,Monument / Legacy,19439976481,2023,USA,Record Store Day,Yes,https://www.discogs.com/release/26795432-Dolly-Parton-The-Monument-Singles-Collection-1964-1968, $23.09 ,26795432,,26795432
Pat Metheny Group,The Falcon And The Snowman (Original Motion Picture Soundtrack),"12"" Vinyl",Yes,EMI America,SV-17150,1985,USA,Stock Copy,No,https://www.discogs.com/release/1435977-Pat-Metheny-Group-The-Falcon-And-The-Snowman-Original-Motion-Picture-Soundtrack, $7.63 ,1435977,,1435977
"Paul, Billy",War Of The Gods,"12"" Vinyl",Yes,Philadelphia International Records,KZ 32409,1973,USA,,No,https://www.discogs.com/release/15016680-Billy-Paul-War-Of-The-Gods, $8.00 ,15016680,,15016680
"Peacock, Annette",31:31,"12"" Vinyl",Yes,Tomato,TOM-7025,1979,USA,,No,https://www.discogs.com/release/1912175-Annette-Peacock-X-Dreams, $16.00 ,1912175,,1912175
"Peacock, Annette",I Have No Feelings,"12"" Vinyl",Yes,Sundazed Music,LP 5589,2021,USA,Reissue - Gold Vinyl,No,https://www.discogs.com/release/17870347-Annette-Peacock-X-Dreams, $21.74 ,17870347,,17870347
"Peacock, Annette",I'm The One,"12"" Vinyl",Yes,Sundazed Music,LP 5590,2021,USA,Reissue - Red Vinyl,No,https://www.discogs.com/release/17870221-Annette-Peacock-The-Perfect-Release, $22.44 ,17870221,,17870221
"Peacock, Annette",I'm The One,"12"" Vinyl",Yes,Aura,AUL 702,1978,USA,,No,https://www.discogs.com/release/8574501-Annette-Peacock-X-Dreams, $22.77 ,8574501,,8574501
"Peacock, Annette",The Perfect Release,"12"" Vinyl",Yes,Ironic Records,IRONIC 4,1986,USA,,No,https://www.discogs.com/release/711516-Annette-Peacock-I-Have-No-Feelings, $33.00 ,711516,,711516
"Peacock, Annette",X-Dreams,CD,Yes,Ironic Records,Ironic US2,2010,USA,First edition numbered and signed CD,No,https://www.discogs.com/release/2704734-Annette-Peacock-Im-The-One, $33.32 ,2704734,,2704734
"Peacock, Annette",X-Dreams,CD,Yes,Ironic Records,Ironic US1,2005,USA,"First edition numbered and signed CD limited edition of 1,000 copies",No,https://www.discogs.com/release/1575104-Annette-Peacock-3131, $73.68 ,1575104,,1575104
"Peacock, Annette",X-Dreams,"12"" Vinyl",Yes,RCA Victor,LSP-4578,1972,USA,Indianapolis Pressing,No,https://www.discogs.com/release/1111889-Annette-Peacock-Im-The-One, $78.94 ,1111889,,1111889
"Peake, Don",Wes Craven's The People Under The Stairs (Original Motion Picture Soundtrack),"12"" Vinyl",Yes,Terror Vision,T.V.024,2021,USA,Burgundy/Mint Creen Pinwheel With Blue Splatter Vinyl,No,https://www.discogs.com/release/19517695-Don-Peake-Wes-Cravens-The-People-Under-The-Stairs-Original-Motion-Picture-Soundtrack, $19.89 ,19517695,,19517695
"Phair, Liz",Exile In Guyville,"12"" Vinyl",Yes,Matador,OLE 107-1,1994,USA,White Vinyl Pressing,No,https://www.discogs.com/release/3410676-Liz-Phair-Whip-Smart, $40.00 ,3410676,,3410676
"Phair, Liz",Whip-Smart,"12"" Vinyl",Yes,Matador,OLE 051-1,1993,USA,Original Pressing,No,https://www.discogs.com/release/1008443-Liz-Phair-Exile-In-Guyville, $69.09 ,1008443,,1008443
Pink Fairies,Kings Of Oblivion,CD,Yes,Polydor / Universal,589 550-2,2002,USA,Reissue,No,https://www.discogs.com/release/864526-Pink-Fairies-Neverneverland, $7.33 ,864526,,864526
Pink Fairies,Neverneverland,CD,Yes,Polydor,589 551-2,2002,USA,Reissue,No,https://www.discogs.com/release/2259901-Pink-Fairies-What-A-Bunch-Of-Sweeties, $9.73 ,2259901,,2259901
Pink Fairies,What A Bunch Of Sweeties,CD,Yes,Polydor,589 552-2,2002,USA,Reissue,No,https://www.discogs.com/release/852812-Pink-Fairies-Kings-Of-Oblivion, $9.99 ,852812,,852812
Pink Floyd,A Collection Of Great Dance Songs,VHS,Yes,See For Miles Films Ltd.,PFVN 1,1994,USA,NTSC,No,https://www.discogs.com/release/10202846-Pink-Floyd-London-66-67, $5.08 ,10202846,,10202846
Pink Floyd,A Collection Of Great Dance Songs,VHS,Yes,CMV Enterprises,24V-49019,1989,USA,NTSC,No,https://www.discogs.com/release/3350783-Pink-Floyd-In-Concert-Delicate-Sound-Of-Thunder, $5.24 ,3350783,,3350783
Pink Floyd,A Collection Of Great Dance Songs,VHS,Yes,PolyGram Music Video,080 731-3,1989,USA,NTSC,No,https://www.discogs.com/release/3313614-Pink-Floyd-Live-At-Pompeii-Full-Length-Version, $6.50 ,3313614,,3313614
Pink Floyd,A Momentary Lapse Of Reason,VHS,Yes,SMV Enterprises,19V 49128,1992,USA,NTSC,No,https://www.discogs.com/release/12184016-Pink-Floyd-La-Carrera-Panamericana, $12.57 ,12184016,,12184016
Pink Floyd,A Nice Pair,"12"" Vinyl",Yes,Columbia,FC 37680,1981,USA,Compilation,No,https://www.discogs.com/release/380476-Pink-Floyd-A-Collection-Of-Great-Dance-Songs, $14.00 ,380476,,380476
Pink Floyd,A Saucerful Of Secrets,"12"" Vinyl",Yes,Columbia,FC 37680,1981,USA,Compilation,No,https://www.discogs.com/release/380476-Pink-Floyd-A-Collection-Of-Great-Dance-Songs, $14.00 ,380476,,380476
Pink Floyd,A Saucerful Of Secrets,"12"" Vinyl",Yes,Harvest,1C 064-65 042,1983,USA,,No,https://www.discogs.com/release/1089002-Pink-Floyd-The-Final-Cut, $14.81 ,1089002,,1089002
Pink Floyd,Animals,"12"" Vinyl",Yes,Harvest,SABB-11257,1973,USA,Jacksonville Pressing,No,https://www.discogs.com/release/7977352-Pink-Floyd-A-Nice-Pair, $18.48 ,7977352,,7977352
Pink Floyd,Animals,"12"" Vinyl",Yes,Harvest,SMAS-832,1971,USA,Jacksonville Pressing - Original Pressing,No,https://www.discogs.com/release/6502929-Pink-Floyd-Meddle, $20.00 ,6502929,,6502929
Pink Floyd,Animals,"12"" Vinyl",Yes,Harvest,ST-11078,1972,USA,Jacksonville Pressing,No,https://www.discogs.com/release/8663821-Pink-Floyd-Obscured-By-Clouds, $21.39 ,8663821,,8663821
Pink Floyd,Atom Heart Mother,"12"" Vinyl",Yes,Columbia,OC 40599,1987,USA,Carrolton Pressing,No,https://www.discogs.com/release/588086-Pink-Floyd-A-Momentary-Lapse-Of-Reason, $23.97 ,588086,,588086
Pink Floyd,Caught In The Crossfire,"12"" Vinyl",Yes,Columbia,JC 34474,1984,USA,Reissue,No,https://www.discogs.com/release/6449835-Pink-Floyd-Animals, $24.48 ,6449835,,6449835
Pink Floyd,Delicate Sound Of Thunder,"12"" Vinyl",Yes,Harvest,SW-11198,1973,USA,Reissue,No,https://www.discogs.com/release/13250002-Pink-Floyd-Original-Motion-Picture-Soundtrack-From-The-Film-More, $24.50 ,13250002,,13250002
Pink Floyd,Electric Factory,"12"" Vinyl",No,Pharting Pharoah,13153,1987,USA,Unofficial Release: only 1 disc of a 2 disc set no cover ,No,https://www.discogs.com/release/2385948-Pink-Floyd-Caught-In-The-Crossfire, $25.00 ,2385948,,2385948
Pink Floyd,In Concert - Delicate Sound Of Thunder,"12"" Vinyl",Yes,CBS Records,PC2 4484,1988,USA,,No,https://www.discogs.com/release/11146908-Pink-Floyd-Delicate-Sound-Of-Thunder, $25.00 ,11146908,,11146908
Pink Floyd,La Carrera Panamericana,"12"" Vinyl",Yes,Harvest,SW-759,1971,USA,Jacksonville Pressing,No,https://www.discogs.com/release/9086960-Pink-Floyd-Relics-A-Bizarre-Collection-Of-Antiques-Curios, $26.46 ,9086960,,9086960
Pink Floyd,Live At Pompeii,"12"" Vinyl",Yes,Pink Floyd Records,PFRLP28,2022,USA,2018 Remix,No,https://www.discogs.com/release/24516668-Pink-Floyd-Animals-2018-Remix, $29.50 ,24516668,,24516668
Pink Floyd,London '66 - '67,"12"" Vinyl",Yes,Columbia,SCX 6346,1969,USA,Second Pressing,No,https://www.discogs.com/release/7733406-The-Pink-Floyd-Soundtrack-From-The-Film-More, $30.53 ,7733406,,7733406
Pink Floyd,Meddle,"12"" Vinyl",Yes,Capitol Records,ST 6279,1980,USA,Reissue - purple label,No,https://www.discogs.com/release/9137950-Pink-Floyd-A-Saucerful-Of-Secrets, $34.49 ,9137950,,9137950
Pink Floyd,Obscured By Clouds,"12"" Vinyl",Yes,Capitol Records,ST 6242,1978,USA,Reissue - purple label,No,https://www.discogs.com/release/4949432-Pink-Floyd-The-Piper-At-The-Gates-Of-Dawn, $36.45 ,4949432,,4949432
Pink Floyd,"Original Motion Picture Soundtrack From The Film ""More""","12"" Vinyl",Yes,CBS / Sony,25AP 2410,1983,USA,,No,https://www.discogs.com/release/1240544-Pink-Floyd-The-Final-Cut, $38.41 ,1240544,,1240544
Pink Floyd,"Original Motion Picture Soundtrack From The Film ""More""",CD,Yes,Wildcard,WILD CARD 09/27/70,2001,USA,Unofficial Release,No,https://www.discogs.com/release/1739699-Pink-Floyd-Electric-Factory, $40.00 ,1739699,,1739699
Pink Floyd,Relics (A Bizarre Collection Of Antiques & Curios),"12"" Vinyl",Yes,Columbia,HC 47680,1981,USA,Half-Speed Mastered,No,https://www.discogs.com/release/3952135-Pink-Floyd-A-Collection-Of-Great-Dance-Songs, $55.00 ,3952135,,3952135
Pink Floyd,The Dark Side Of The Moon,"12"" Vinyl",Yes,Tower,ST-5131,1968,USA,First Pressing - Scranton Pressing,No,https://www.discogs.com/release/6511401-Pink-Floyd-A-Saucerful-Of-Secrets, $58.75 ,6511401,,6511401
Pink Floyd,The Division Bell,"12"" Vinyl",Yes,Tower,ST-5093,1967,USA,First Pressing - Scranton Pressing,No,https://www.discogs.com/release/1770476-Pink-Floyd-The-Piper-At-The-Gates-Of-Dawn, $60.00 ,1770476,,1770476
Pink Floyd,The Early Ears 1965-1972,"12"" Vinyl",Yes,Tower,ST-5093,1967,USA,First Pressing - Scranton Pressing,No,https://www.discogs.com/release/1770476-Pink-Floyd-The-Piper-At-The-Gates-Of-Dawn, $60.00 ,1770476,,1770476
Pink Floyd,The Final Cut,"7"" Vinyl",Yes,EMI,5099902703275,2011,USA,Record Store Day - Number Edition / Box Set,No,https://www.discogs.com/release/3249944-Pink-Floyd-The-Wall-Singles-Collection', $73.07 ,3249944,,3249944
Pink Floyd,The Final Cut,"12"" Vinyl",Yes,Harvest,SMAS-11163,1973,USA,Jacksonville Pressing - with poster,No,https://www.discogs.com/release/4408704-Pink-Floyd-The-Dark-Side-Of-The-Moon, $75.00 ,4408704,,4408704
Pink Floyd,The Piper At The Gates Of Dawn,"12"" Vinyl",Yes,Harvest,2C 068-98434Y,1977,USA,Pink Vinyl,No,https://www.discogs.com/release/2111019-Pink-Floyd-Animals, $77.60 ,2111019,,2111019
Pink Floyd,The Piper At The Gates Of Dawn,"12"" Vinyl",Yes,Instant,INLP-02,1968,USA,Mono,No,https://www.discogs.com/release/3814164-Various-Tonite-Lets-All-Make-Love-In-London, $86.75 ,3814164,,3814164
Pink Floyd,The Piper At The Gates Of Dawn,"12"" Vinyl",Yes,HOR ZU / Harvest,SHZE 297 Q,1970,USA,Quadraphonic,No,https://www.discogs.com/release/6385977-Pink-Floyd-Atom-Heart-Mother, $99.89 ,6385977,,6385977
Pink Floyd,The Wall,"12"" Vinyl",Yes,Capitol Records,SPRO-8116,1975,USA,"Compilation, Promo, Sampler",No,https://www.discogs.com/release/4915556-Pink-Floyd-Tour-75, $115.00 ,4915556,,4915556
Pink Floyd,The Wall Singles Collection,"12"" Vinyl",Yes,Columbia,C 64200,1994,USA,Blue Vinyl,No,https://www.discogs.com/release/1217799-Pink-Floyd-The-Division-Bell, $150.00 ,1217799,,1217799
Pink Floyd,Tonite Let's All Make Love In London,"12"" Vinyl",Yes,Columbia,PC2 36183,1979,USA,Promo - with sticker on cover,No,https://www.discogs.com/release/1889571-Pink-Floyd-The-Wall, $204.16 ,1889571,,1889571
Pink Floyd,Tour '75,"CD / DVD / Blu-Ray / 7"" Vinyl",Yes,Pink Floyd Records,PFREYB1,2016,USA,Limited Edition ,No,https://www.discogs.com/release/9218307-Pink-Floyd-The-Early-Years-1965-1972, $367.89 ,9218307,,9218307
"Pisani, Frank",Sky,"12"" Vinyl",Yes,Dellwood Records,DLD 56010,1977,USA,Promo,No,https://www.discogs.com/release/6172020-Frank-Pisani-Sky, $65.00 ,6172020,,6172020
"Poledouris, Basil",Conan The Destroyer - Music From The Original Motion Picture Soundtrack,"12"" Vinyl",Yes,MCA Records,MCA 6135,1984,USA,Promo - stamp on front cover Goversville Plant,No,https://www.discogs.com/release/3283751-Basil-Poledouris-Conan-The-Destroyer-Music-From-The-Original-Motion-Picture-Soundtrack, $50.00 ,3283751,,3283751
"Pop, Iggy",Live In NYC,CD,Yes,King Biscuit Flower Hour Records,KBD 88055,2000,USA,Club Edition,No,https://www.discogs.com/release/10893354-Iggy-Pop-Live-In-NYC, $2.50 ,10893354,,10893354
"Pop, Iggy",Post Pop Depression,CD,Yes,Loma Vista / Rekords Rekords,LVR-39084-02,2016,USA,Paper Sleeves,No,https://www.discogs.com/release/8256178-Iggy-Pop-Post-Pop-Depression, $4.97 ,8256178,,8256178
"Pop, Iggy & Williamson, James",Kill City,"10"" Vinyl",Yes,Bomp!,BLP 4042/10,1995,USA,,No,https://www.discogs.com/release/1531603-Iggy-Pop-James-Williamson-Kill-City, $16.02 ,1531603,,1531603
Post Malone,Waiting For Never / Hateful,"12"" Vinyl",N/A,Mercury / Republic Records,B0036672-11,2023,USA,Record Store Day - Red Transparent Vinyl,Yes,https://www.discogs.com/release/26838059-Post-Malone-Waiting-For-Never-Hateful, $10.62 ,26838059,,26838059
"Presley, Elvis",Burning Love (The RCA Rehearsals),"12"" Vinyl",Yes,RCA / Legacy,19658746261,2023,USA,Record Store Day,Yes,https://www.discogs.com/release/26844797-Elvis-Presley-Burning-Love-The-RCA-Rehearsals, $40.00 ,26844797,,26844797
Prince,Musicology,CD,Yes,NPG Records,None,2004,USA,,Yes,https://www.discogs.com/release/685361-Prince-Musicology, $2.55 ,685361,,685361
"Puig, Michel",Stigmates,"12"" Vinyl",Yes,BYG Records,529.307,1969,USA,Actuel - 7,Yes,https://www.discogs.com/release/511233-Michel-Puig-René-Leïbowitz-Stigmates, $15.39 ,511233,,511233
Pulp,Do You Remember The First Time?,CD,Yes,Island Records,PULPDJ1,2006,USA,Promo,No,https://www.discogs.com/release/1991512-Pulp-Do-You-Remember-The-First-Time, $6.23 ,1991512,,1991512
Queen,Greatest Video Hits 1,DVD,Yes,Pioneer Artists / MobileVision,PA-11554,2007,USA,NTSC,No,https://www.discogs.com/release/1086214-Queen-We-Will-Rock-You, $5.26 ,1086214,,1086214
Queen,Greatest Video Hits 2,DVD,Yes,Hollywood Records,2061-62400-9,2003,USA,NTSC,No,https://www.discogs.com/release/805858-Queen-Live-At-Wembley-Stadium, $6.09 ,805858,,805858
Queen,Live At Wembley Stadium,CD,Yes,Hollywood Records,HR-61232-2,1991,USA,20 Queen Years,No,https://www.discogs.com/release/7463142-Queen-Queen-II, $8.75 ,7463142,,7463142
Queen,Live In Japan 1985,DVD,Yes,None,11621,2007,USA,Unofficial Release,No,https://www.discogs.com/release/18354469-Queen-Live-In-Japan-1985, $10.00 ,18354469,,18354469
Queen,Queen II,DVD,Yes,Eagle Vision,EV 30227-9,2007,USA,NTSC,No,https://www.discogs.com/release/6833321-Queen-Rock-Montreal, $10.00 ,6833321,,6833321
Queen,Queen On Fire (Live At The Bowl),DVD,Yes,Hollywood Records,2061-62490-9,2004,USA,NTSC,No,https://www.discogs.com/release/2403902-Queen-Queen-On-Fire-Live-At-The-Bowl, $11.12 ,2403902,,2403902
Queen,Rock Montreal,DVD,Yes,Hollywood Records,2061-69011-9,2002,USA,NTSC,No,https://www.discogs.com/release/708737-Queen-Greatest-Video-Hits-1, $11.95 ,708737,,708737
Queen,The Crown Jewels: 25th Anniversary Boxed Set,DVD,Yes,Hollywood Records,2061-69017-9,2003,USA,NTSC,No,https://www.discogs.com/release/2167208-Queen-Greatest-Video-Hits-2, $15.79 ,2167208,,2167208
Queen,We Will Rock You,CD,Yes,Hollywood Records,HR622002,1998,USA,Box Set,No,https://www.discogs.com/release/694644-Queen-The-Crown-Jewels-25th-Anniversary-Boxed-Set, $67.00 ,694644,,694644
Queen & David Bowie,Under Pressure,"7"" Vinyl",Yes,Elektra,E-47235,1981,USA,Stock Copy,No,https://www.discogs.com/release/1508081-Queen-David-Bowie-Under-Pressure, $9.50 ,1508081,,1508081
Queen & David Bowie,Under Pressure,"7"" Vinyl",N/A,EMI,EMI 5250,1981,USA,Promo,No,https://www.discogs.com/release/9468915-Queen-David-Bowie-Bajo-Presion-Under-Pressure, $89.61 ,9468915,,9468915
"Ra, Sun",Atlantis,"12"" Vinyl",Yes,Impulse! / ABC Records,AS-9239,1973,USA,Reissue,No,"Sun Ra – Atlantis – Vinyl (LP, Album, Reissue), 1973 [r519911] | Discogs", $51.00 ,519911.00,,519911
Radiohead,Amnesiac,"10"" Vinyl",Yes,Capitol Records,5284821-A/B,2008,USA,140 gram pressing,No,https://www.discogs.com/release/1450555-Radiohead-Kid-A, $39.39 ,1450555,,1450555
Radiohead,Kid A,"10"" Vinyl",Yes,Capitol Records,7243 5 32764 1 6,2008,USA,140 gram pressing,No,https://www.discogs.com/release/1450562-Radiohead-Amnesiac, $34.55 ,1450562,,1450562
"Ravan, Genya",…And I Mean It!,CD,Yes,Hip-O-Select,B0003061-02,2006,USA,"Limited Numbered Edition of 5,000 Copies / #1913",No,https://www.discogs.com/release/10535548-Genya-Ravan-And-I-Mean-It, $15.00 ,10535548,,10535548
"Ravan, Genya",Urban Desire,CD,Yes,Hip-O-Select,B0003062-02,2006,USA,"Limited Numbered Edition of 5,000 Copies / #4491",No,https://www.discogs.com/release/10531022-Genya-Ravan-Urban-Desire, $25.00 ,10531022,,10531022
Reality,Disco Party,"12"" Vinyl",Yes,P-Vine Records,PLP-7771,2021,USA,With OBI,No,https://www.discogs.com/release/21624037-Reality-Disco-Party, $37.23 ,21624037,,21624037
"Redman, Dewey",Tarik,"12"" Vinyl",Yes,BYG Records,529.334,1970,USA,Actuel - 34,No,https://www.discogs.com/release/2928820-Dewey-Redman-Tarik, $51.63 ,2928820,,2928820
"Reed, Lou",American Poet,CD,Yes,Sire / Warner Bros. Records,W2 26662,1992,USA,Club Edition,No,https://www.discogs.com/release/4884632-Lou-Reed-Magic-And-Loss, $1.99 ,4884632,,4884632
"Reed, Lou",American Poet,CD,Yes,Camden,74321 523752,1997,USA,Compilation,No,https://www.discogs.com/release/2968084-Lou-Reed-Perfect-Day, $2.00 ,2968084,,2968084
"Reed, Lou",Animal Serenade,CD,Yes,Reprise Records,9362-47425-2,2000,USA,Promo,No,https://www.discogs.com/release/778974-Lou-Reed-Modern-Dance, $2.07 ,778974,,778974
"Reed, Lou",Berlin,CD,Yes,Global Television,RADCD 21,1995,USA,Compilation,No,https://www.discogs.com/release/15642540-Lou-Reed-The-Velvet-Underground-The-Best-Of-Lou-Reed-The-Velvet-Underground, $2.87 ,15642540,,15642540
"Reed, Lou",Berlin,CD,Yes,Warner Bros. Records,PRO-CD-5454,1992,USA,Promo,No,https://www.discogs.com/release/1309025-Lou-Reed-Power-And-Glory, $2.93 ,1309025,,1309025
"Reed, Lou",Berlin,CD,Yes,RCA,07863 66864-2,1996,USA,BMG Edition,No,https://www.discogs.com/release/7271450-Lou-Reed-Different-Times-Lou-Reed-In-The-70s, $2.94 ,7271450,,7271450
"Reed, Lou",Between Thought And Expression - The Lou Reed Anthology,"12"" Vinyl",Yes,RCA Victor,JW-14388,1986,USA,,No,https://www.discogs.com/release/2099778-Lou-Reed-No-Money-Down, $2.96 ,2099778,,2099778
"Reed, Lou",City Lights (Classic Performances By Lou Reed),CD,Yes,RCA,2356-R,1992,USA,Only CD 2,No,https://www.discogs.com/release/2113043-Lou-Reed-Between-Thought-And-Expression-The-Lou-Reed-Anthology, $3.00 ,2113043,,2113043
"Reed, Lou",Coney Island Babty,CD,Yes,Reprise Records,9 47425-2,2000,USA,,No,https://www.discogs.com/release/1680853-Lou-Reed-Ecstasy, $3.00 ,1680853,,1680853
"Reed, Lou",Coney Island Baby,CD,Yes,Reprise Records,9 47425-2,2000,USA,,No,https://www.discogs.com/release/1680853-Lou-Reed-Ecstasy, $3.00 ,1680853,,1680853
"Reed, Lou",Coney Island Baby,CD,Yes,Reprise Records,9 47425-2,2000,USA,Promotional Stamp On Cover,No,https://www.discogs.com/release/1680853-Lou-Reed-Ecstasy, $3.00 ,1680853,,1680853
"Reed, Lou",Coney Island Baby,CD,Yes,Warner Bros. Records,9 46159-2,1996,USA,,No,https://www.discogs.com/release/2232934-Lou-Reed-Set-The-Twilight-Reeling, $3.00 ,2232934,,2232934
"Reed, Lou",Coney Island Baby Live In Jersey,CD,Yes,Warner Bros. Records,9 46159-2,1996,USA,,No,https://www.discogs.com/release/2232934-Lou-Reed-Set-The-Twilight-Reeling, $3.00 ,2232934,,2232934
"Reed, Lou",Different Times - Lou Reed In The 70s,CD,Yes,RCA Special Products / Pair Records,PDC 2-1024,1987,USA,Compilation,No,https://www.discogs.com/release/2777332-Lou-Reed-Wild-Child, $3.00 ,2777332,,2777332
"Reed, Lou",Disco Mystic,CD,Yes,RCA Special Products / Pair Records,PDC 2-1024,1987,USA,Compilation,No,https://www.discogs.com/release/2777332-Lou-Reed-Wild-Child, $3.00 ,2777332,,2777332
"Reed, Lou",Ecstasy,CD,Yes,RCA Special Products / Pair Records,PDC 2-1024,1987,USA,Compilation,No,https://www.discogs.com/release/2777332-Lou-Reed-Wild-Child, $3.00 ,2777332,,2777332
"Reed, Lou",Ecstasy,CD,Yes,Arista,07822-14610-2,1999,USA,Compilation,No,https://www.discogs.com/release/546602-Lou-Reed-The-Definitive-Collection, $3.42 ,546602,,546602
"Reed, Lou",Ecstasy,CD,Yes,Warner Bros. Records,PRO-CD-8342,1996,USA,Promo,No,https://www.discogs.com/release/3162585-Lou-Reed-Sex-With-Your-Parents, $3.44 ,3162585,,3162585
"Reed, Lou",Ecstasy,CD,Yes,Reprise Records,9 46917-2,2000,USA,,No,https://www.discogs.com/release/4298433-Lou-Reed-Perfect-Night-Live-In-London, $3.46 ,4298433,,4298433
"Reed, Lou",Ecstasy,CD,N/A,Sire / Warner Bros. Records,PRO-CD-4988,1992,USA,Promo,No,https://www.discogs.com/release/2099668-Lou-Reed-Whats-Good, $3.50 ,2099668,,2099668
"Reed, Lou",Growing Up In Public,CD,Yes,Camden / BMG,74321 431572,1996,USA,,No,https://www.discogs.com/release/2748503-Lou-Reed-Live-In-Concert, $3.79 ,2748503,,2748503
"Reed, Lou",Growing Up In Public,CD,Yes,Sire / Warner Bros. Records,9362-40402-2,1992,USA,,No,https://www.discogs.com/release/2380527-Lou-Reed-Whats-Good, $3.80 ,2380527,,2380527
"Reed, Lou",Growing Up In Public,CD,Yes,Sire / Reprise Records,48372-2,2003,USA,Standard Jewel Case,No,https://www.discogs.com/release/549459-Lou-Reed-The-Raven, $3.99 ,549459,,549459
"Reed, Lou",Growing Up In Public,CD,Yes,RCA / BMG Heritage,07863 65132 2,1998,USA,Reissue,No,https://www.discogs.com/release/9895446-Lou-Reed-Transformer, $3.99 ,9895446,,9895446
"Reed, Lou",Hooky Wooky,CD,Yes,RCA,3664-2-R,1988,USA,,No,https://www.discogs.com/release/430072-Lou-Reed-Rock-N-Roll-Animal, $4.00 ,430072,,430072
"Reed, Lou",I'm So Free: The 1971 RCA Demos,CD,Yes,BMG Special Products,44541-2,1997,USA,,No,https://www.discogs.com/release/1680906-Lou-Reed-Transformer, $4.00 ,1680906,,1680906
"Reed, Lou",Legendary,CD,Yes,Warner Bros. Records,9362-43665-2,1996,USA,CD Single,No,https://www.discogs.com/release/2099893-Lou-Reed-Hooky-Wooky, $4.73 ,2099893,,2099893
"Reed, Lou",Legendary Hearts,CD,Yes,RCA,07863 67489-2,1998,USA,Reissue,No,https://www.discogs.com/release/2010393-Lou-Reed-Berlin, $4.95 ,2010393,,2010393
"Reed, Lou",Live In Italy,CD,Yes,RCA / BMG,07863 67948-2,2000,USA,Reissue,No,https://www.discogs.com/release/546111-Lou-Reed-Rock-N-Roll-Animal, $4.96 ,546111,,546111
"Reed, Lou","Live, In Concert","12"" Vinyl",Yes,Arista,SP-84,1980,USA,Promo,No,https://www.discogs.com/release/3676690-Lou-Reed-Lou-Reed-Sampler, $5.00 ,3676690,,3676690
"Reed, Lou",Lou Reed,"12"" Vinyl",Yes,RCA Victor,5711-1-RDAB,1986,USA,Promo,No,https://www.discogs.com/release/2116293-Lou-Reed-The-Original-Wrapper-Video-Violence, $5.00 ,2116293,,2116293
"Reed, Lou",Lou Reed,"12"" Vinyl",Yes,RCA Victor,5711-1-RDAB,1986,USA,Promo,No,https://www.discogs.com/release/2116293-Lou-Reed-The-Original-Wrapper-Video-Violence, $5.00 ,2116293,,2116293
"Reed, Lou",Lou Reed,CD,Yes,RCA / Legacy,82876 78251 2,2006,USA,Expanded Edition,No,https://www.discogs.com/release/3899110-Lou-Reed-Coney-Island-Baby, $5.03 ,3899110,,3899110
"Reed, Lou",Lou Reed,CD,Yes,BMG Special Products,75517469842,1997,USA,Reissue,No,https://www.discogs.com/release/2866435-Lou-Reed-Lou-Reed-Live, $5.08 ,2866435,,2866435
"Reed, Lou",Lou Reed Live,"12"" Vinyl",Yes,RCA Victor,AFL1-7190,1986,USA,,No,https://www.discogs.com/release/1056944-Lou-Reed-Mistrial, $5.47 ,1056944,,1056944
"Reed, Lou",Lou Reed Live,CD,Yes,Great Expectations,PIP DC 023,1991,USA,,No,https://www.discogs.com/release/738257-Lou-Reed-Metal-Machine-Music-The-Amine-β-Ring, $5.84 ,738257,,738257
"Reed, Lou",Lou Reed Live,CD,Yes,RCA,0207-2-R,1989,USA,Reissue,No,https://www.discogs.com/release/1549142-Lou-Reed-Berlin, $5.99 ,1549142,,1549142
"Reed, Lou",Lou Reed Sampler,CD,Yes,RCA Victor,PCD1-4998,1987,USA,,No,https://www.discogs.com/release/13302829-Lou-Reed-New-Sensations, $5.99 ,13302829,,13302829
"Reed, Lou",Magic And Loss,CD,Yes,RCA,0611-2-R,1988,USA,Reissue,No,https://www.discogs.com/release/437305-Lou-Reed-Sally-Cant-Dance, $6.00 ,437305,,437305
"Reed, Lou",Magic And Loss,CD,Yes,RCA,ND 90670,1992,USA,,No,https://www.discogs.com/release/55761-Lou-Reed-Metal-Machine-Music, $6.32 ,55761,,55761
"Reed, Lou",Magic And Loss - Live In Concert,CD,Yes,RCA,ND 90670,1992,USA,Reissue,No,https://www.discogs.com/release/55761-Lou-Reed-Metal-Machine-Music, $6.32 ,55761,,55761
"Reed, Lou",Magic And Loss - Live In Concert,CD,Yes,RCA,PD83664,1987,USA,,No,https://www.discogs.com/release/10075124-Lou-Reed-Rock-N-Roll-Animal, $6.32 ,10075124,,10075124
"Reed, Lou",Metal Machine Music,CD,Yes,Arista,262 271,1992,USA,,No,https://www.discogs.com/release/2420174-Lou-Reed-Rock-And-Roll-Heart, $6.98 ,2420174,,2420174
"Reed, Lou",Metal Machine Music,"12"" Vinyl",Yes,RCA Victor,PW 14427,1986,USA,Stock Copy,No,https://www.discogs.com/release/400187-Lou-Reed-The-Original-Wrapper-Video-Violence, $7.00 ,400187,,400187
"Reed, Lou",Metal Machine Music,CD,Yes,Arista,07822-18499-2,1991,USA,,No,https://www.discogs.com/release/1981577-Lou-Reed-Street-Hassle, $7.35 ,1981577,,1981577
"Reed, Lou",Metal Machine Music ,CD,Yes,RCA,ND83807,1989,USA,,No,https://www.discogs.com/release/10730247-Lou-Reed-Coney-Island-Baby, $7.37 ,10730247,,10730247
"Reed, Lou",Metal Machine Music (The Anime B Ring),CD,Yes,RCA,ND90253,1986,USA,,No,https://www.discogs.com/release/981118-Lou-Reed-Mistrial, $7.37 ,981118,,981118
"Reed, Lou",Metal Machine Music (The Anime B Ring),CD,Yes,Burning Airlines,PILOT 83,2001,USA,,No,https://www.discogs.com/release/548824-Lou-Reed-American-Poet, $7.41 ,548824,,548824
"Reed, Lou",Metal Machine Music (The Anime B Ring),"12"" Vinyl",N/A,A&M Records,SP-17352,1985,USA,Promo,No,https://www.discogs.com/release/758770-Lou-Reed-September-Song, $7.45 ,758770,,758770
"Reed, Lou",Mistrial,CD,Yes,RCA,RCA 07863 69383 2,2001,USA,Reissue,No,https://www.discogs.com/release/2665124-Lou-Reed-Sally-Cant-Dance, $7.58 ,2665124,,2665124
"Reed, Lou",Mistrial,CD,Yes,RCA,ND90308,1987,USA,,No,https://www.discogs.com/release/7321729-Lou-Reed-Sally-Cant-Dance, $7.63 ,7321729,,7321729
"Reed, Lou",Mistrial,"12"" Vinyl",Yes,Arista,ALB6-8390,1986,USA,,No,https://www.discogs.com/release/1756204-Lou-Reed-City-Lights-Classic-Performances-By-Lou-Reed, $7.68 ,1756204,,1756204
"Reed, Lou",Modern Dance,CD,Yes,RCA,ND 90671,1986,USA,Reissue,No,https://www.discogs.com/release/5149316-Lou-Reed-New-Sensations, $7.97 ,5149316,,5149316
"Reed, Lou",New Sensations,CD,Yes,RCA,PCD1-7190,1986,USA,,No,https://www.discogs.com/release/1280196-Lou-Reed-Mistrial, $8.00 ,1280196,,1280196
"Reed, Lou",New Sensations,CD,Yes,Arista,07822-18434-2,1993,USA,Compilation,No,https://www.discogs.com/release/4298453-Lou-Reed-Rock-And-Roll-Diary-1967-1980, $8.00 ,4298453,,4298453
"Reed, Lou",New Sensations,CD,Yes,Buddha Records,74465 99657 2,2000,USA,,No,https://www.discogs.com/release/4296907-Lou-Reed-Rock-And-Roll-Heart, $8.91 ,4296907,,4296907
"Reed, Lou",New York,VHS,Yes,Vestron Music Video,VA 11213,1987,USA,NTSC,No,https://www.discogs.com/release/5504031-Lou-Reed-Coney-Island-Baby-Live-In-Jersey, $8.98 ,5504031,,5504031
"Reed, Lou",New York,CD,Yes,RCA,3752-2-R,1989,USA,,No,https://www.discogs.com/release/2645431-Lou-Reed-Lou-Reed-Live, $8.99 ,2645431,,2645431
"Reed, Lou",No Money Down,CD,Yes,RCA,3752-2-R,1989,USA,,No,https://www.discogs.com/release/2645431-Lou-Reed-Lou-Reed-Live, $8.99 ,2645431,,2645431
"Reed, Lou",Paris '72,CD,Yes,RCA / BMG Australia Limited,74321946172,2002,USA,Box Set,No,https://www.discogs.com/release/2669624-Lou-Reed-Legendary, $9.99 ,2669624,,2669624
"Reed, Lou",Perfect Day,VHS,Yes,Warner Music Vision,38313-3,1992,USA,NTSC,No,, $10.00 ,,,
"Reed, Lou",Perfect Night Live In London,"12"" Vinyl",Yes,RCA Victor,AFL1-4998,1984,USA,,No,https://www.discogs.com/release/1228436-Lou-Reed-New-Sensations, $10.00 ,1228436,,1228436
"Reed, Lou",Perfect Night Live In London,VHS,Yes,WinStar Home Entertainment,WHE71107,1998,USA,NTSC,No,https://www.discogs.com/release/4569732-Lou-Reed-Rock-And-Roll-Heart, $10.00 ,4569732,,4569732
"Reed, Lou",Power And Glory,"12"" Vinyl",Yes,Arista,AL 4100,1976,USA,Peter Pan Pressing,No,https://www.discogs.com/release/985999-Lou-Reed-Rock-And-Roll-Heart, $10.32 ,985999,,985999
"Reed, Lou",Rock 'N' Roll Animal,CD,Yes,Reprise Records,2-47425-AB,2000,USA,Promo - Advance CD,No,https://www.discogs.com/release/2157178-Lou-Reed-Ecstasy, $10.48 ,2157178,,2157178
"Reed, Lou",Rock 'N' Roll Animal,"12"" Vinyl",Yes,RCA Victor,APL1-0472,1973,USA,Indianapolis Pressing,No,https://www.discogs.com/release/1187012-Lou-Reed-Rock-N-Roll-Animal, $10.48 ,1187012,,1187012
"Reed, Lou",Rock 'N' Roll Animal,"12"" Vinyl",Yes,Arista,AL 9522,1980,USA,,No,https://www.discogs.com/release/1056697-Lou-Reed-Growing-Up-In-Public, $11.50 ,1056697,,1056697
"Reed, Lou",Rock And Roll Diary 1967-1980,"12"" Vinyl",Yes,Arista,AL 9522,1980,USA,,No,https://www.discogs.com/release/1056697-Lou-Reed-Growing-Up-In-Public, $11.50 ,1056697,,1056697
"Reed, Lou",Rock And Roll Heart,"12"" Vinyl",Yes,Arista,AL 9522,1980,USA,,No,https://www.discogs.com/release/1056697-Lou-Reed-Growing-Up-In-Public, $11.50 ,1056697,,1056697
"Reed, Lou",Rock And Roll Heart,"12"" Vinyl",Yes,Arista,AL 9522,1980,USA,Promo stamp on cover,No,https://www.discogs.com/release/1056697-Lou-Reed-Growing-Up-In-Public, $11.50 ,1056697,,1056697
"Reed, Lou",Rock And Roll Heart,CD,Yes,Buddha Records,74465 99752 2,2000,USA,Limited Edition Numbered,No,https://www.discogs.com/release/5373901-Lou-Reed-Metal-Machine-Music, $12.00 ,5373901,,5373901
"Reed, Lou",Rock And Roll Heart,"12"" Vinyl",Yes,RCA Victor,CPL1-0611,1974,USA,Indianapolis Pressing,No,https://www.discogs.com/release/6436774-Lou-Reed-Sally-Cant-Dance, $12.32 ,6436774,,6436774
"Reed, Lou",Rock And Roll Heart,"12"" Vinyl",Yes,RCA Victor,CPL1-0611,1974,USA,Indianapolis Pressing,No,https://www.discogs.com/release/6436774-Lou-Reed-Sally-Cant-Dance, $12.32 ,6436774,,6436774
"Reed, Lou",Rock N Roll Animal,"12"" Vinyl",Yes,Arista,AL 4100,1976,USA,Promo: Peter Pan Pressing,No,https://www.discogs.com/release/14953515-Lou-Reed-Rock-And-Roll-Heart, $12.63 ,14953515,,14953515
"Reed, Lou",Sally Can't Dance,VHS,Yes,Warner Music Vision,38313-3,1992,USA,NTSC,No,https://www.discogs.com/release/3661826-Lou-Reed-Magic-And-Loss-Live-In-Concert, $13.00 ,3661826,,3661826
"Reed, Lou",Sally Can't Dance,"12"" Vinyl",N/A,Arista,SP-56,1979,USA,Promo,No,https://www.discogs.com/release/2030706-Lou-Reed-Disco-Mystic, $14.00 ,2030706,,2030706
"Reed, Lou",Sally Can't Dance,"12"" Vinyl",Yes,Arista,AB 4229,1979,USA,Santa Maria Pressing,No,https://www.discogs.com/release/1873031-Lou-Reed-The-Bells, $14.25 ,1873031,,1873031
"Reed, Lou",Sally Can't Dance,"12"" Vinyl",Yes,RCA Victor,AFL1-4568,1983,USA,,No,https://www.discogs.com/release/1027293-Lou-Reed-Legendary-Hearts, $15.00 ,1027293,,1027293
"Reed, Lou",Sally Can't Dance,"12"" Vinyl",Yes,Arista,AB 4169,1978,USA,Terre Haute Pressing,No,https://www.discogs.com/release/1081405-Lou-Reed-Street-Hassle, $15.39 ,1081405,,1081405
"Reed, Lou",September Song,CD,Yes,Sire / Reprise Records,48373-2,2003,USA,Digipack,No,https://www.discogs.com/release/2856884-Lou-Reed-The-Raven, $15.64 ,2856884,,2856884
"Reed, Lou",Set The Twilight Reeling,"12"" Vinyl",Yes,RCA Victor,PB 9135,1976,USA,"Box Set including 7"" single",No,https://www.discogs.com/release/2624222-Lou-Reed-Lou-Reed, $15.79 ,2624222,,2624222
"Reed, Lou",Set The Twilight Reeling,"12"" Vinyl",Yes,RCA,PL 89156(2),1984,USA,,No,https://www.discogs.com/release/980101-Lou-Reed-Live-In-Italy, $16.92 ,980101,,980101
"Reed, Lou",Set The Twilight Reeling,CD,Yes,BMG Australia Limited,74321796002,2000,USA,,No,https://www.discogs.com/release/11228737-Lou-Reed-The-Wild-Side, $17.00 ,11228737,,11228737
"Reed, Lou",Sex With Your Parents,"12"" Vinyl",Yes,RCA Victor,APL1-0915,1976,USA,Indianapolis Pressing,No,https://www.discogs.com/release/777623-Lou-Reed-Coney-Island-Baby, $19.55 ,777623,,777623
"Reed, Lou",Steet Hassle,"12"" Vinyl",Yes,RCA Victor,APL1-0915,1976,USA,Indianapolis Pressing,No,https://www.discogs.com/release/777623-Lou-Reed-Coney-Island-Baby, $19.55 ,777623,,777623
"Reed, Lou",Stiff On His Legend,"12"" Vinyl",Yes,Arista,AL 8502,1978,USA,,No,https://www.discogs.com/release/1711362-Lou-Reed-Lou-Reed-Live-Take-No-Prisoners, $19.99 ,1711362,,1711362
"Reed, Lou",Street Hassle,"12"" Vinyl",Yes,RCA Victor,AFL1-4221,1982,USA,,No,https://www.discogs.com/release/727362-Lou-Reed-The-Blue-Mask, $23.00 ,727362,,727362
"Reed, Lou",Take No Prisoners,"12"" Vinyl",Yes,Great Expectations,PIP DL 023,1991,USA,,No,https://www.discogs.com/release/748918-Lou-Reed-Metal-Machine-Music-The-Amine-β-Ring, $23.20 ,748918,,748918
"Reed, Lou",The Bells,"12"" Vinyl",Yes,Rhino Records / Warner Records,R1 46159,2021,USA,"Record Store Day limited edition of 9,000 copies",Yes,https://www.discogs.com/release/19451341-Lou-Reed-Set-The-Twilight-Reeling, $24.71 ,19451341,,19451341
"Reed, Lou",The Best of Lou Reed & The Velvet Underground,CD,Yes,Alchemy Entertainment,ABOX001,2003,USA,"Part of an unofficial release for ""American Poet""",No,https://www.discogs.com/release/526625-Lou-Reed-American-Poet-Special-Edition, $25.00 ,526625,,526625
"Reed, Lou",The Blue Mask,"12"" Vinyl",Yes,RCA / Legacy,19439944251,2022,USA,"Record Store Day limited edition of 7,550 copies",No,https://www.discogs.com/release/22969946-Lou-Reed-Im-So-Free-The-1971-RCA-Demos, $25.00 ,22969946,,22969946
"Reed, Lou",The Definitive Collection,"12"" Vinyl",Yes,RCA Victor,LSP-4701,1972,USA,Rockaway Pressing,No,https://www.discogs.com/release/11519519-Lou-Reed-Lou-Reed, $25.00 ,11519519,,11519519
"Reed, Lou",The Original Wrapper,CD,Yes,Alchemy Entertainment,ABOX001,2003,USA,"Part of an unofficial release for ""American Poet""",No,https://www.discogs.com/release/526625-Lou-Reed-American-Poet-Special-Edition, $25.00 ,526625,,526625
"Reed, Lou",The Original Wrapper,"12"" Vinyl",Yes,Sire / Rhino Records,RCV1 25829,2021,USA,Remastered on Clear Vinyl,Yes,https://www.discogs.com/release/20508940-Lou-Reed-New-York, $26.32 ,20508940,,20508940
"Reed, Lou",The Original Wrapper,"12"" Vinyl",Yes,Sire,R1 26662,2020,USA,"Record Store Day limited edition of 7,000 copies",Yes,https://www.discogs.com/release/16279145-Lou-Reed-Magic-And-Loss, $27.29 ,16279145,,16279145
"Reed, Lou",The Raven,"12"" Vinyl",Yes,RCA Victor,LSP-4807,1972,USA,Indianapolis Pressing,No,https://www.discogs.com/release/6566128-Lou-Reed-Transformer, $29.00 ,6566128,,6566128
"Reed, Lou",The Raven,"12"" Vinyl",Yes,Sire,1-25829,1989,USA,,No,https://www.discogs.com/release/1415493-Lou-Reed-New-York, $29.25 ,1415493,,1415493
"Reed, Lou",The Raven,"12"" Vinyl",Yes,RCA Victor,APL1-0207,1973,USA,Hollywood Pressing,No,https://www.discogs.com/release/8025577-Lou-Reed-Berlin, $29.95 ,8025577,,8025577
"Reed, Lou",The Wild Side,"12"" Vinyl",Yes,Rhino Records,R1 48678,2018,USA,"Record Store Day limited edition of 7,500 copies",Yes,https://www.discogs.com/release/11896566-Lou-Reed-Animal-Serenade, $30.18 ,11896566,,11896566
"Reed, Lou",Transformer,"12"" Vinyl",Yes,RCA Victor,LSP-4701,1972,USA,Hollywood Pressing,No,https://www.discogs.com/release/12304846-Lou-Reed-Lou-Reed, $30.53 ,12304846,,12304846
"Reed, Lou",Transformer,"12"" Vinyl",Yes,Sire / Reprise Records,R1 48372,2019,USA,"Record Store Day limited edition of 5,000 copies",Yes,https://www.discogs.com/release/14462207-Lou-Reed-The-Raven, $42.94 ,14462207,,14462207
"Reed, Lou",Transformer,"12"" Vinyl",Yes,RCA Victor,LSP-4701,1972,USA,Indianapolis Pressing,No,https://www.discogs.com/release/844527-Lou-Reed-Lou-Reed, $45.00 ,844527,,844527
"Reed, Lou",What's Good,"12"" Vinyl",Yes,Reprise Records,R1 47425,2019,USA,"Record Store Day limited edition of 7,500 copies",No,https://www.discogs.com/release/13469804-Lou-Reed-Ecstasy, $47.32 ,13469804,,13469804
"Reed, Lou",What's Good,"12"" Vinyl",Yes,Warner Bros. Records,R1 46917,2017,USA,"Record Store Day limited edition of 7,000 copies",No,https://www.discogs.com/release/10143605-Lou-Reed-Perfect-Night-Live-In-London, $50.78 ,10143605,,10143605
"Reed, Lou",Wild Child,"12"" Vinyl",Yes,RCA Victor,CPL2-1101,1975,USA,Indianapolis Pressing,No,https://www.discogs.com/release/310645-Lou-Reed-Metal-Machine-Music-The-Amine-β-Ring, $59.98 ,310645,,310645
"Reed, Lou",Wild Child,"12"" Vinyl",Yes,RCA Victor,CPL2-1101,1975,USA,Indianapolis Pressing,No,https://www.discogs.com/release/310645-Lou-Reed-Metal-Machine-Music-The-Amine-β-Ring, $59.98 ,310645,,310645
"Reed, Lou",Wild Child,"12"" Vinyl",Yes,Velvet Records,1623,1978,USA,Unofficial Release,No,https://www.discogs.com/release/2868749-Lou-Reed-Stiff-On-His-Legend, $75.00 ,2868749,,2868749
"Reed, Lou & Cale, John",Songs For Drella,VHS,Yes,Warner Reprise Video,3-38168,1990,USA,NTSC,No,https://www.discogs.com/release/1320211-Lou-Reed-John-Cale-Songs-For-Drella, $5.99 ,1320211,,1320211
"Reed, Lou & Cale, John",Songs For Drella,CD,Yes,Sire / Warner Bros. Records,9 26205-2,1990,USA,Velvet Digipak,No,https://www.discogs.com/release/1800953-Lou-Reed-John-Cale-Songs-For-Drella, $8.21 ,1800953,,1800953
"Reed, Lou & Kristofferson, Kris",In Their Own Words,"12"" Vinyl",N/A,The Bottom Line,BLRCD0191,2018,USA,"Record Store Day limited edition of 1,000 copies",No,https://www.discogs.com/release/11897402-Lou-Reed-Kris-Kristofferson-With-Vin-Scelsa-In-Their-Own-Words, $19.99 ,11897402,,11897402
"Reed, Lou & Metallica",Lulu,CD,Yes,Warner Bros. Records,529084-2,2011,USA,,No,https://www.discogs.com/release/3200497-Lou-Reed-Metallica-Lulu, $13.00 ,3200497,,3200497
"Roach, Max & Shepp, Archie",Force - Sweet Mao-Suid Afrika 76,"12"" Vinyl",Yes,LMLR,783544,2023,USA,"Record Store Day - Limited Edition of 1,200 Copies",No,https://www.discogs.com/release/26846525-Max-Roach-Archie-Shepp-Force-Sweet-Mao-Suid-Afrika-76, $21.05 ,26846525,,26846525
"Rogers, Kenny",All In For The Gambler,"12"" Vinyl",Yes,Blackbird Presents,8914028450,2023,USA,Record Store Day,Yes,https://www.discogs.com/release/26826884-Various-Kenny-Rogers-All-In-For-The-Gambler, $24.99 ,26826884,,26826884
"Ronson, Mick",Heaven And Hull,CD,Yes,Epic,EK 53796,1994,USA,,No,https://www.discogs.com/release/1281922-Mick-Ronson-Heaven-And-Hull, $4.99 ,1281922,,1281922
"Ronson, Mick",Just Like This,CD,Yes,Original Masters,155032,1998,USA,,No,https://www.discogs.com/release/5524289-Mick-Ronson-Slaughter-On-10th-Avenue, $7.37 ,5524289,,5524289
"Ronson, Mick",Only After Dark,CD,Yes,Golden Years / Trident Music International,GY003,1994,USA,,No,https://www.discogs.com/release/7394861-Mick-Ronson-Only-After-Dark, $10.13 ,7394861,,7394861
"Ronson, Mick",Play Don't Worry,"12"" Vinyl",Yes,RCA Victor,APL1-0353,1974,USA,Indianapolis Pressing,No,https://www.discogs.com/release/1165077-Mick-Ronson-Slaughter-On-10th-Avenue, $13.33 ,1165077,,1165077
"Ronson, Mick",Slaughter On 10th Avenue,CD,Yes,Snapper Music / Original Masters,1550421,1998,USA,,No,https://www.discogs.com/release/10811251-Mick-Ronson-Play-Dont-Worry, $14.08 ,10811251,,10811251
"Ronson, Mick",Slaughter On 10th Avenue,CD,Yes,Burning Airlines,PILOT50,1999,USA,,No,https://www.discogs.com/release/5615928-Mick-Ronson-Just-Like-This, $27.98 ,5615928,,5615928
"Rota, Nino",Amarcord (Original Motion Picture Soundtrack),"12"" Vinyl",Yes,RCA Red Seal,ARL1-0907,1974,USA,,No,https://www.discogs.com/release/3669559-Nino-Rota-Amarcord-Original-Motion-Picture-Soundtrack, $8.00 ,3669559,,3669559
Roxy Music,Angel Eyes,"7"" Vinyl",Yes,Polydor,POSP 44,1979,USA,,No,https://www.discogs.com/release/1194232-Roxy-Music-Dance-Away, $1.27 ,1194232,,1194232
Roxy Music,Dance Away,"7"" Vinyl",Yes,Polydor,POSP 93,1980,USA,Black Injection Labels,No,https://www.discogs.com/release/731367-Roxy-Music-Over-You, $1.45 ,731367,,731367
Roxy Music,Dance Away,"7"" Vinyl",Yes,Polydor,2001 972,1980,USA,,No,https://www.discogs.com/release/2268812-Roxy-Music-Oh-Yeah, $1.58 ,2268812,,2268812
Roxy Music,Dance Away,"7"" Vinyl",N/A,Atco Records,7100,1979,USA,Stock Copy - Speciality Pressing,No,https://www.discogs.com/release/1547262-Roxy-Music-Dance-Away, $2.00 ,1547262,,1547262
Roxy Music,Do The Strand,"7"" Vinyl",N/A,Atco Records,7301,1980,USA,,No,https://www.discogs.com/release/3213228-Roxy-Music-Over-You, $2.00 ,3213228,,3213228
Roxy Music,Flesh + Blood,"7"" Vinyl",No,EG / Warner Bros. Records,7-29978,1982,USA,Promo ,No,https://www.discogs.com/release/4925863-Roxy-Music-Take-A-Chance-With-Me, $2.35 ,4925863,,4925863
Roxy Music,In The Midnight Hour,"7"" Vinyl",N/A,Island Records,WIP.6173,1973,USA,Punch out center intact,No,https://www.discogs.com/release/479292-Roxy-Music-Street-Life, $2.68 ,479292,,479292
Roxy Music,In The Midnight Hour,"7"" Vinyl",N/A,Atco Records,7100,1979,USA,Promo ,No,https://www.discogs.com/release/14804133-Roxy-Music-Dance-Away, $2.99 ,14804133,,14804133
Roxy Music,Love Is The Drug,"7"" Vinyl",N/A,Atco Records,7301,1980,USA,Promo - Specialty Pressing,No,https://www.discogs.com/release/4225114-Roxy-Music-Over-You, $3.00 ,4225114,,4225114
Roxy Music,Manifesto,"12"" Vinyl",Yes,Warner Bros. Records,9 23808-1 B,1983,USA,Stock Copy,No,https://www.discogs.com/release/1682720-Roxy-Music-The-High-Road, $3.00 ,1682720,,1682720
Roxy Music,Manifesto,"12"" Vinyl",Yes,Warner Bros. Records / EG,9 23808,1983,USA,With hype sticker in shrink wrap,No,https://www.discogs.com/release/1682720-Roxy-Music-The-High-Road, $3.00 ,1682720,,1682720
Roxy Music,More Than This,"7"" Vinyl",Yes,Warner Bros. Records,97-29978,1982,USA,,No,https://www.discogs.com/release/1475599-Roxy-Music-Take-A-Chance-With-Me, $3.65 ,1475599,,1475599
Roxy Music,Oh Yeah,"7"" Vinyl",N/A,Atco Records,7310,1980,USA,Promo ,No,https://www.discogs.com/release/3310920-Roxy-Music-Oh-Yeah-On-The-Radio, $3.69 ,3310920,,3310920
Roxy Music,Oh Yeah,"7"" Vinyl",No,EG / Polydor,ROXY 5,1982,USA,,No,https://www.discogs.com/release/22498619-Roxy-Music-Take-A-Chance-With-Me, $3.80 ,22498619,,22498619
Roxy Music,Over You,"7"" Vinyl",N/A,Warner Bros. Records,7-29912,1982,USA,,No,https://www.discogs.com/release/3532802-Roxy-Music-More-Than-This-Always-Unknowing, $4.00 ,3532802,,3532802
Roxy Music,Over You,"7"" Vinyl",Yes,Polydor,2001 990,1980,USA,,No,https://www.discogs.com/release/2943413-Roxy-Music-In-The-Midnight-Hour-Rain-Rain-Rain, $5.26 ,2943413,,2943413
Roxy Music,Over You,"12"" Vinyl",Yes,EG / Polydor,ROXYX 5,1982,USA,,No,https://www.discogs.com/release/861805-Roxy-Music-Take-A-Chance-With-Me-The-Main-Thing-Dance-Mix, $5.85 ,861805,,861805
Roxy Music,Roxy Music,"7"" Vinyl",N/A,Atco Records,7315,1980,USA,Promo ,No,https://www.discogs.com/release/3519831-Roxy-Music-In-The-Midnight-Hour, $6.00 ,3519831,,3519831
Roxy Music,Roxy Music,"12"" Vinyl",Yes,ATCO Records,SD 38-114,1979,USA,Presswell Pressing - Promo Stamp on cover,No,https://www.discogs.com/release/7717979-Roxy-Music-Manifesto, $6.00 ,7717979,,7717979
Roxy Music,Siren,"12"" Vinyl",Yes,Atco Records,SD 32-102,1980,USA,,No,https://www.discogs.com/release/9793793-Roxy-Music-Flesh-Blood, $7.00 ,9793793,,9793793
Roxy Music,Street Life,"7"" Vinyl",N/A,Warner Bros. Records,WB 7719,1973,USA,Promo ,No,https://www.discogs.com/release/4580215-Roxy-Music-Do-The-Strand, $8.00 ,4580215,,4580215
Roxy Music,Take A Chance With Me,"7"" Vinyl",N/A,Atco Records,45-7042,1975,USA,Promo ,No,https://www.discogs.com/release/3332484-Roxy-Music-Love-Is-The-Drug, $8.00 ,3332484,,3332484
Roxy Music,Take A Chance With Me,"12"" Vinyl",Yes,Atco Records,SD 36-127,1975,USA,,No,https://www.discogs.com/release/365831-Roxy-Music-Siren, $10.00 ,365831,,365831
Roxy Music,Take A Chance With Me,"12"" Vinyl",Yes,Virgin EMI Records,7731550,2019,USA,"Record Store Day - Limited Edition of 2,500 copies",No,https://www.discogs.com/release/13486770-Roxy-Music-Roxy-Music, $13.96 ,13486770,,13486770
Roxy Music,Take A Chance With Me,"12"" Vinyl",Yes,EG Records,EGPD 001,1979,USA,Picture Disc,No,https://www.discogs.com/release/1060649-Roxy-Music-Manifesto, $14.23 ,1060649,,1060649
Roxy Music,The High Road,"12"" Vinyl",N/A,Atco Records,DSKO 198,1979,USA,,No,https://www.discogs.com/release/556671-Roxy-Music-Angel-Eyes, $15.50 ,556671,,556671
Roxy Music,The High Road,"12"" Vinyl",Yes,Atco Records,SD 36-133,1976,USA,Reissue,No,https://www.discogs.com/release/6057044-Roxy-Music-Roxy-Music, $18.38 ,6057044,,6057044
"Rubini, Michel & Jaeger, Denny",The Hunger (Original Motion Picture Soundtrack),"12"" Vinyl",N/A,Milan,PD ACH 005,1984,USA,Picture Disc,No,https://www.discogs.com/release/3157186-Michel-Rubini-Denny-Jaeger-The-Hunger-Original-Motion-Picture-Soundtrack, $20.92 ,3157186,,3157186
Sade,Love Deluxe,CD,Yes,Epic,EK 85185,2000,USA,,No,https://www.discogs.com/release/147157-Sade-Lovers-Rock, $1.98 ,147157,,147157
Sade,Lovers Live,CD,Yes,Epic,EK 86373,2002,USA,,No,https://www.discogs.com/release/746264-Sade-Lovers-Live, $2.29 ,746264,,746264
Sade,Lovers Rock,CD,Yes,Epic,EK 85243,2000,USA,,No,https://www.discogs.com/release/1342897-Sade-Love-Deluxe, $3.98 ,1342897,,1342897
Sade,The Best Of Sade,CD,Yes,Epic,EK 85287,2001,USA,Reissue,No,https://www.discogs.com/release/13414226-Sade-The-Best-Of-Sade, $5.39 ,13414226,,13414226
"Sakamoto, Ryuichi",The Handmaid's Tale (Original Motion Picture Soundtrack),CD,Yes,GNP Crescendi,GNPD 8020,1990,USA,,No,https://www.discogs.com/release/2284740-Ryuichi-Sakamoto-The-Handmaids-Tale-Original-Motion-Picture-Soundtrack, $8.21 ,2284740,,2284740
"Sanders, Pharoah",Thembi,"12"" Vinyl",Yes,Impulse! / ABC Recordings,AS-9206,1971,USA,Original Pressing,No,https://www.discogs.com/release/932779-Pharoah-Sanders-Thembi, $79.27 ,932779,,932779
"Satriani, Joe",Dreaming #11,"12"" Vinyl",Yes,Relativity,88561-8265-1,1988,USA,,No,https://www.discogs.com/release/1465652-Joe-Satriani-Dreaming-11, $6.00 ,1465652,,1465652
"Schepp, Archie","A`Massy-U-Jaama ""Unite""","12"" Vinyl",Yes,LMLR,783543,2023,USA,"Record Store Day - Limited Edition of 1,000 Copies",No,https://www.discogs.com/release/26845316-Archie-Shepp-À-Massy-U-Jaama-Unité, $9.98 ,26845316,,26845316
Sea Train,Sea Train,"12"" Vinyl",Yes,A&M Records,SP 4171,1969,USA,,No,https://www.discogs.com/release/1818192-Sea-Train-Sea-Train, $13.81 ,1818192,,1818192
Sealed & Crofts,Year Of Sunday,"12"" Vinyl",Yes,Warner Bros. Records,BS 2568,1971,USA,Terre Haute Pressing,No,https://www.discogs.com/release/1608954-Seals-Crofts-Year-Of-Sunday, $2.25 ,1608954,,1608954
Section 25,Always Now,"12"" Vinyl",Yes,Factory,fact 45,1981,USA,Second Pressing,No,"Section 25 – Always Now – Vinyl (LP, Album), 1981 [r15677960] | Discogs", $75.57 ,15677960.00,,15677960
September,I've Been Thinking…,"12"" Vinyl",Yes,Sugar Records,SRJ-781,1978,USA,,No,https://www.discogs.com/release/2791300-September-Ive-Been-Thinking, $99.50 ,2791300,,2791300
"Shepp, Archie",Live At The Panafrican Festival,"12"" Vinyl",Yes,BYG Records,529.339,2010,USA,Actuel - 39,No,https://www.discogs.com/release/2984436-Archie-Shepp-And-The-Full-Moon-Ensemble-Live-In-Antibes-Vol-2, $15.56 ,2984436,,2984436
"Shepp, Archie",Live In Antibes (Vol. 1),"12"" Vinyl",Yes,BYG Records,529.304,2010,USA,Actuel - 4,No,https://www.discogs.com/release/2984430-Archie-Shepp-Yasmina-A-Black-Woman, $16.00 ,2984430,,2984430
"Shepp, Archie",Live In Antibes (Vol. 2),"12"" Vinyl",Yes,BYG Records,529.338,1971,USA,Actuel - 38 ,No,https://www.discogs.com/release/493493-Archie-Shepp-And-The-Full-Moon-Ensemble-Live-In-Antibes-Vol-1, $26.82 ,493493,,493493
"Shepp, Archie",Poem For Malcom,"12"" Vinyl",Yes,BYG Records,529.311,1969,USA,Actuel - 11,Yes,https://www.discogs.com/release/516083-Archie-Shepp-Poem-For-Malcom, $31.58 ,516083,,516083
"Shepp, Archie","Yasmina, A Black Woman","12"" Vinyl",Yes,BYG Records,529.351,1971,USA,Actuel - 51,No,https://www.discogs.com/release/1980625-Archie-Shepp-Live-At-The-Panafrican-Festival, $42.11 ,1980625,,1980625
"Shepp, Archie","Yasmina, A Black Woman","12"" Vinyl",Yes,BYG Records,529.304,1969,USA,Actuel - 4,No,https://www.discogs.com/release/14484082-Archie-Shepp-Yasmina-A-Black-Woman, $47.37 ,14484082,,14484082
"Shickert, Gunter",Samtvogel,"12"" Vinyl",Yes,Brain,1080,1976,USA,,No,https://www.discogs.com/release/888568-Günter-Schickert-Samtvogel, $81.21 ,888568,,888568
"Shorter, Wayne",Super Nova,"12"" Vinyl",Yes,Blue Note,GXF-3019,1977,USA,Reissue - with OBI,No,https://www.discogs.com/release/3958931-Wayne-Shorter-Super-Nova, $25.24 ,3958931,,3958931
"Sill, Judee",Judee Sill,"12"" Vinyl",Yes,Asylum Records,SD 5050,1971,USA,Promo - Philips Pressing,No,https://www.discogs.com/release/10639694-Judee-Sill-Judee-Sill, $61.58 ,10639694,,10639694
"Silva, Alan",Seasons,"12"" Vinyl",Yes,BYG Records,529.342-43-44,1971,USA,Actuel - 42 - 43 - 44,No,https://www.discogs.com/release/530672-Alan-Silva-And-The-Celestrial-Communication-Orchestra-Seasons, $76.32 ,530672,,530672
Silver Apples,Silver Apples,"12"" Vinyl",Yes,Kapp Records,KS-3562,1968,USA,Pickneyville Pressing,No,https://www.discogs.com/release/906717-Silver-Apples-Silver-Apples, $92.47 ,906717,,906717
Silverchair,Diorama,"12"" Vinyl",Yes,Music On Vinyl,MOVLP1090,2014,USA,,No,https://www.discogs.com/release/5643384-Silverchair-Diorama, $27.36 ,5643384,,5643384
Silverhead,16 And Savaged,"12"" Vinyl",Yes,MCA Records,MCA-391,1973,USA,Sealed,Yes,https://www.discogs.com/release/1244198-Silverhead-16-And-Savaged, $40.00 ,1244198,,1244198
"Silvestri, Alan",Death Becomes Her (Original Motion Picture Soundtrack),"12"" Vinyl",Yes,Varese Sarabande,VSD00502,2023,USA,"Record Store Day - purple vinyl limited edition of 1,500 copies",Yes,https://www.discogs.com/release/28988332-Alan-Silvestri-Death-Becomes-Her-Original-Motion-Picture-Soundtrack, $25.00 ,28988332,,28988332
Siouxsie & The Banshees,The Rapture,"12"" Vinyl",Yes,Geffen Records,GEF 23640,1995,USA,Original Pressing,No,https://www.discogs.com/release/1683469-Siouxsie-The-Banshees-The-Rapture, $63.16 ,1683469,,1683469
Slayer,Reign In Blood,CD,Yes,American Recordings,88697 12882 2,2007,USA,,No,https://www.discogs.com/release/1951850-Slayer-Reign-In-Blood, $5.99 ,1951850,,1951850
Smashing Pumpkins,1979,CD,Yes,Hut Recordings,HUTCD 37,1993,USA,CD Single,No,https://www.discogs.com/release/373062-Smashing-Pumpkins-Today, $2.11 ,373062,,373062
Smashing Pumpkins,1979 (Mixes),CD,Yes,Virgin,7243 8 38534 2 7,1996,USA,CD Single,No,https://www.discogs.com/release/572792-The-Smashing-Pumpkins-1979, $2.56 ,572792,,572792
Smashing Pumpkins,Disarm,CD,Yes,Virgin / Hut Recordings,7243 8 96603 2 6,2000,USA,,No,https://www.discogs.com/release/14107152-The-Smashing-Pumpkins-Stand-Inside-Your-Love, $2.89 ,14107152,,14107152
Smashing Pumpkins,Disarm,CD,Yes,Hut Recordings / Virgin,HUTCD 43,1994,USA,CD 1,No,https://www.discogs.com/release/3267803-Smashing-Pumpkins-Disarm, $2.99 ,3267803,,3267803
Smashing Pumpkins,Disarm,CD,Yes,Hut Recordings / Virgin,HUTDX 43,1994,USA,CD Single,No,https://www.discogs.com/release/1593420-Smashing-Pumpkins-Disarm, $3.17 ,1593420,,1593420
Smashing Pumpkins,Greatest Hits,CD,Yes,Hut Recordings,HUTCD 18,1992,USA,CD Single,No,https://www.discogs.com/release/373073-Smashing-Pumpkins-I-Am-One, $3.92 ,373073,,373073
Smashing Pumpkins,I Am One,CD,Yes,Virgin,dpro-14103,1993,USA,Promo,No,https://www.discogs.com/release/1820256-Smashing-Pumpkins-Today, $3.99 ,1820256,,1820256
Smashing Pumpkins,If All Goes Wrong,CD,Yes,Hut Recordings,HUTCD 17,1992,USA,EP,No,https://www.discogs.com/release/373076-Smashing-Pumpkins-Peel-Sessions, $4.00 ,373076,,373076
Smashing Pumpkins,Lull,CD,Yes,Virgin,dpro-14196,1994,USA,Promo,No,https://www.discogs.com/release/2672082-Smashing-Pumpkins-Disarm, $4.94 ,2672082,,2672082
Smashing Pumpkins,Machina / The Machines Of God,CD,Yes,Virgin / Hut Records,HUTCD148,2001,USA,CD Single,No,https://www.discogs.com/release/916841-The-Smashing-Pumpkins-Untitled, $4.94 ,916841,,916841
Smashing Pumpkins,Machina / The Machines Of God,CD,Yes,Virgin,7243 8 48936 2 0,2000,USA,,No,https://www.discogs.com/release/378885-The-Smashing-Pumpkins-Machina-The-Machines-Of-God, $5.00 ,378885,,378885
Smashing Pumpkins,Mellon Collie And The Infinite Sadness,CD,Yes,Virgin,7243 8 48936 2 0,2000,USA,,No,https://www.discogs.com/release/378885-The-Smashing-Pumpkins-Machina-The-Machines-Of-God, $5.00 ,378885,,378885
Smashing Pumpkins,Oceania: Live In NYC,CD,Yes,Caroline Records,CAROL 1465-2,1991,USA,EP,No,https://www.discogs.com/release/538829-Smashing-Pumpkins-Lull, $5.05 ,538829,,538829
Smashing Pumpkins,Peel Sessions,CD,Yes,Reprise Records,PRO 16381,2007,USA,Promo,No,https://www.discogs.com/release/1070017-The-Smashing-Pumpkins-Tarantula, $6.23 ,1070017,,1070017
Smashing Pumpkins,Peel Sessions,VHS,Yes,Virgin Music Video,V3 7 2434 77788 3 4,1994,USA,NTSC,No,https://www.discogs.com/release/1716738-Smashing-Pumpkins-Vieuphoria, $6.89 ,1716738,,1716738
Smashing Pumpkins,Pisces Iscariot,CD,Yes,Martha's Music / Reprise Records,9362-49940-4,2007,USA,Green Cover,No,https://www.discogs.com/release/1305970-Smashing-Pumpkins-Zeitgeist, $7.48 ,1305970,,1305970
Smashing Pumpkins,Siamese Dream,CD,Yes,Martha's Music / Reprise Records,180476-2,2007,USA,Yellow Cover,No,https://www.discogs.com/release/1013525-Smashing-Pumpkins-Zeitgeist, $7.73 ,1013525,,1013525
Smashing Pumpkins,Siamese Dream,CD,Yes,Martha's Music / Reprise Records,138620-2,2007,USA,Red Cover,No,https://www.discogs.com/release/1009717-Smashing-Pumpkins-Zeitgeist, $7.81 ,1009717,,1009717
Smashing Pumpkins,Stand Inside Your Love,CD,Yes,Virgin,7087 6 11589 2 2,1996,USA,Promo,No,https://www.discogs.com/release/486281-The-Smashing-Pumpkins-The-Aeroplane-Flies-High-Sampler, $9.11 ,486281,,486281
Smashing Pumpkins,Tarantula,CD,Yes,Virgin,7243 8 11318 2 4,2001,USA,Including Judas O disc,No,https://www.discogs.com/release/574503-The-Smashing-Pumpkins-Greatest-Hits, $9.62 ,574503,,574503
Smashing Pumpkins,The Aeroplane Flies High Sampler,CD / DVD,Yes,Ume / Virgin,B0018963-00,2013,USA,,No,https://www.discogs.com/release/6265306-The-Smashing-Pumpkins-Oceania-Live-In-NYC, $11.74 ,6265306,,6265306
Smashing Pumpkins,Today,DVD,Yes,Coming Home Media,CHM-DV-5490,2008,USA,,No,https://www.discogs.com/release/5716852-Smashing-Pumpkins-If-All-Goes-Wrong, $12.00 ,5716852,,5716852
Smashing Pumpkins,Today,CD,Yes,Martha's Music / Reprise Records,180604-2,2007,USA,Purple Cover,No,https://www.discogs.com/release/1013588-Smashing-Pumpkins-Zeitgeist, $14.99 ,1013588,,1013588
Smashing Pumpkins,Tristessa,"12"" Vinyl",Yes,Virgin,7243 8 38541 1 0,1996,USA,Single,No,https://www.discogs.com/release/106442-The-Smashing-Pumpkins-1979-Mixes, $20.92 ,106442,,106442
Smashing Pumpkins,Untitled,"12"" Vinyl",Yes,HUT Recordings,HUTT 17,1992,USA,Original Pressing,No,https://www.discogs.com/release/640267-Smashing-Pumpkins-Peel-Sessions, $48.68 ,640267,,640267
Smashing Pumpkins,Vieuphoria,"12"" Vinyl",Yes,Sub Pop,SP 10/37,1990,USA,Single,No,https://www.discogs.com/release/1596473-Smashing-Pumpkins-Tristessa, $48.79 ,1596473,,1596473
Smashing Pumpkins,Zeitgeist,"12"" Vinyl",Yes,Caroline Records/Virgin,Carol 1767-1,1994,USA,Yellow Transparent ,No,https://www.discogs.com/release/1287055-Smashing-Pumpkins-Pisces-Iscariot, $115.62 ,1287055,,1287055
Smashing Pumpkins,Zeitgeist,"12"" Vinyl",Yes,HUT Recordings,HUTLP 11,1993,USA,Original Pressing,No,https://www.discogs.com/release/1621978-Smashing-Pumpkins-Siamese-Dream, $186.41 ,1621978,,1621978
Smashing Pumpkins,Zeitgeist,"12"" Vinyl",Yes,Caroline Records/Virgin,CAROL 1740 1,1993,USA,Purple Vinyl,No,https://www.discogs.com/release/2361406-Smashing-Pumpkins-Siamese-Dream, $350.00 ,2361406,,2361406
Smashing Pumpkins,Zeitgeist,"12"" Vinyl",Yes,Virgin / Hut Recordings,7243 8 41655 1 2,1996,USA,"Limited edition numbered #18,250",No,https://www.discogs.com/release/788491-The-Smashing-Pumpkins-Mellon-Collie-And-The-Infinite-Sadness, $664.06 ,788491,,788491
Soft Machine,Fifth,"12"" Vinyl",Yes,Columbia,KC 31604,1972,USA,Pitman Pressing,No,https://www.discogs.com/release/5813228-Soft-Machine-5, $14.12 ,5813228,,5813228
Soft Machine,Fourth,"12"" Vinyl",Yes,Columbia,C 30754,1971,USA,Pitman Pressing,No,https://www.discogs.com/release/829844-Soft-Machine-Fourth, $15.79 ,829844,,829844
Soft Machine,Six,"12"" Vinyl",Yes,Secret Records Limited,SECLP117,2015,USA,Record Store Day - Limited Edition of 500 Copies,No,https://www.discogs.com/release/6928036-The-Soft-Machine-Wonderland, $18.07 ,6928036,,6928036
Soft Machine,The Soft Machine,"12"" Vinyl",Yes,Columbia,KG 32260,1973,USA,Terra Haute Pressing,No,https://www.discogs.com/release/2453924-Soft-Machine-Six, $20.53 ,2453924,,2453924
Soft Machine,Third,"12"" Vinyl",Yes,Columbia,G 30339,1970,USA,Original Pressing,No,https://www.discogs.com/release/1929843-Soft-Machine-Third, $26.05 ,1929843,,1929843
Soft Machine,Wonderland,"12"" Vinyl",Yes,Probe / Command / ABC Records,CPLP-4500,1968,USA,Original Pressing,No,https://www.discogs.com/release/424310-The-Soft-Machine-The-Soft-Machine, $69.21 ,424310,,424310
"Soft Machine, Gong, et al",Soft Machine - Gong,"12"" Vinyl",Yes,BYG Records,529.201,1971,USA,Double Actuel - 201,No,https://www.discogs.com/release/4971197-Soft-Machine-Gong-Daevid-Allen-Robert-Wyatt-Gary-Wright-Kevin-Ayers-Soft-Machine-Gong, $52.63 ,4971197,,4971197
Sparks,Indiscreet,"12"" Vinyl",Yes,Island Records,ILPS 9345,1975,USA,Santa Maria Pressing,No,https://www.discogs.com/release/1664809-Sparks-Indiscreet, $16.50 ,1664809,,1664809
Spooky Tooth,Ceremony: An Electronic Mass,"12"" Vinyl",Yes,A&M Records,SP-4385,1973,USA,Terre Haute Pressing,No,https://www.discogs.com/release/2387065-Spooky-Tooth-You-Broke-My-Heart-So-I-Busted-Your-Jaw, $5.00 ,2387065,,2387065
Spooky Tooth,Spooky Two,"12"" Vinyl",Yes,A&M Records,SP-4266,1970,USA,Terre Haute Pressing,No,https://www.discogs.com/release/5960090-Spooky-Tooth-Featuring-Mike-Harrison-The-Last-Puff, $7.98 ,5960090,,5960090
Spooky Tooth,The Last Puff,"12"" Vinyl",Yes,A&M Records,SP-4266,1970,USA,Terre Haute Pressing,No,https://www.discogs.com/release/5960090-Spooky-Tooth-Featuring-Mike-Harrison-The-Last-Puff, $7.98 ,5960090,,5960090
Spooky Tooth,The Last Puff,"12"" Vinyl",Yes,Island Records,SW-9337,1973,USA,Jacksonville Pressing,No,https://www.discogs.com/release/2093846-Spooky-Tooth-Witness, $9.00 ,2093846,,2093846
Spooky Tooth,The Mirror,"12"" Vinyl",Yes,A&M Records,SP-4194,1969,USA,Monarch Presing,No,https://www.discogs.com/release/3231062-Spooky-Tooth-Spooky-Two, $10.00 ,3231062,,3231062
Spooky Tooth,Witness,"12"" Vinyl",Yes,Island Records,ILPS 9292,1974,USA,Pitman Pressing,No,https://www.discogs.com/release/12305995-Spooky-Tooth-The-Mirror, $11.25 ,12305995,,12305995
Spooky Tooth,You Broke My Heart So I Busted Your Jaw,"12"" Vinyl",Yes,A&M Records,SP-4225,1970,USA,"Sealed copy, specific pressing not known",Yes,https://www.discogs.com/release/1648927-Spooky-Tooth-Pierre-Henry-Ceremony-An-Electronic-Mass, $36.56 ,1648927,,1648927
Sprit,Feedback,"12"" Vinyl",Yes,Epic,KE 31175,1972,USA,Terre Haute Pressing,No,https://www.discogs.com/release/2158222-Spirit-Feedback, $4.54 ,2158222,,2158222
Stone Temple Pilots,Purple,"12"" Vinyl",Yes,Atlantic,A5650T,1994,USA,Single,No,https://www.discogs.com/release/1607378-Stone-Temple-Pilots-Vasoline, $22.45 ,1607378,,1607378
Stone Temple Pilots,Tiny Music…Songs From The Vatican Gift Shop,"12"" Vinyl & CD",Yes,Atlantic Records & Rhino Records,R2 654105,2021,USA,25th Anniversary Super Deluxe Version,No,https://www.discogs.com/release/19507549-Stone-Temple-Pilots-Tiny-MusicSongs-From-The-Vatican-Gift-Shop, $59.41 ,19507549,,19507549
Stone Temple Pilots,Tiny Music…Songs From The Vatican Gift Shop,"12"" Vinyl",Yes,Atlantic Records,82607-1,1994,USA,Translucent Purple Vinyl,No,https://www.discogs.com/release/1213131-Stone-Temple-Pilots-Purple, $125.00 ,1213131,,1213131
Stone Temple Pilots,Vasoline,"12"" Vinyl",Yes,Atlantic Records,82871-1,1996,USA,,No,https://www.discogs.com/release/1672435-Stone-Temple-Pilots-Tiny-MusicSongs-From-The-Vatican-Gift-Shop, $174.34 ,1672435,,1672435
"Strauss, Richard",Four Last Songs,"12"" Vinyl",Yes,Angel Records,S 36347,1966,USA,Classical,No,https://www.discogs.com/release/2968709-Richard-Strauss-Elisabeth-Schwarzkopf-George-Szell-Conducting-The-Berlin-Radio-Symphony-Orchestra-Fo, $5.50 ,2968709,,2968709
Sublime,Sublime,"12"" Vinyl",Yes,Gasoline Alley / Geffen Records / Skunk Records,B0024679-01,2021,USA,Black Vinyl,Yes,https://www.discogs.com/release/21558715-Sublime-Sublime, $29.99 ,21558715,,21558715
"Summer, Donna",Bad Girls,"12"" Vinyl",Yes,Oasis,OCLP 5003,1975,USA,Original Pressing,No,https://www.discogs.com/release/160307-Donna-Summer-Love-To-Love-You-Baby, $7.90 ,160307,,160307
"Summer, Donna",Four Seasons Of Love,"12"" Vinyl",Yes,Casablanca / Oasis,NBLP 7038,1976,USA,,No,https://www.discogs.com/release/24970753-Donna-Summer-Four-Seasons-Of-Love, $22.49 ,24970753,,24970753
"Summer, Donna",Live And More,"12"" Vinyl",Yes,Geffen Records,GHS 2000`,1980,USA,,No,https://www.discogs.com/release/552509-Donna-Summer-The-Wanderer, $3.05 ,552509,,552509
"Summer, Donna",Love To Love You Baby,"12"" Vinyl",Yes,Casablanca,NBLP 7119-2,1978,USA,,No,https://www.discogs.com/release/16110207-Donna-Summer-Live-And-More, $4.25 ,16110207,,16110207
"Summer, Donna",The Wanderer,"12"" Vinyl",Yes,Casablanca,NBLP-2-7150,1979,USA,,No,https://www.discogs.com/release/29658163-Donna-Summer-Bad-Girls, $7.00 ,29658163,,29658163
Sun Ra And His Solar-myth Arkestra,"The Solar-myth Approach, Vol.2","12"" Vinyl",Yes,BYG Records,529341,1972,USA,Actuel - 41,No,https://www.discogs.com/release/11291917-Sun-Ra-And-His-Solar-myth-Arkestra-The-Solar-myth-Approach-Vol-2, $28.16 ,11291917,,11291917
Supertramp,Breakfast In America,"12"" Vinyl",Yes,A&M Records,SP-3708,1979,Yugoslavia,Original Pressing,No,https://www.discogs.com/release/6248179-Supertramp-Breakfast-In-America, $13.97 ,6248179,,6248179
Sweet,Fox On The Run,"7"" Vinyl",N/A,Capitol Records,4157,1975,USA,Hollywood Pressing,No,https://www.discogs.com/release/5974428-Sweet-Fox-On-The-Run-, $1.85 ,5974428,,5974428
"Szabo, Gabor & Lloyd, Charles",Gabor Szabo Live With Charles Lloyd (Featuring Spellbinder),"12"" Vinyl",Yes,Blue Thumb Records,BTS 6014,1974,USA,,No,https://www.discogs.com/release/1146688-Gabor-Szabo-Live-With-Charles-Lloyd-Gabor-Szabo-Live-With-Charles-Lloyd-Featuring-Spellbinder, $18.49 ,1146688,,1146688
Talking Heads,Fear Of Music,"12"" Vinyl",Yes,Sire,9 25512-1,1986,USA,Sealed with promotional stickers,Yes,https://www.discogs.com/release/355382-Talking-Heads-True-Stories, $16.88 ,355382,,355382
Talking Heads,Little Creatures,"12"" Vinyl",Yes,Sire,SRK 6076,1979,USA,Gold Promo Stamp on Cover,No,https://www.discogs.com/release/6314967-Talking-Heads-Fear-Of-Music, $19.18 ,6314967,,6314967
Talking Heads,More Songs About Buildings And Food,"12"" Vinyl",Yes,Sire,9 25305-1,1985,USA,,No,https://www.discogs.com/release/6163535-Talking-Heads-Little-Creatures, $19.99 ,6163535,,6163535
Talking Heads,Naked,"12"" Vinyl",Yes,Sire,SRK 6058,1978,USA,Jacksonville Pressing,No,https://www.discogs.com/release/7027316-Talking-Heads-More-Songs-About-Buildings-And-Food, $19.99 ,7027316,,7027316
Talking Heads,Speaking In Tongues,"12"" Vinyl",Yes,Sire,W1-25654,1988,USA,Unipak Gatefold,No,https://www.discogs.com/release/862940-Talking-Heads-Naked, $22.39 ,862940,,862940
Talking Heads,Speaking In Tongues,"12"" Vinyl",Yes,Sire,SR 6036,1977,USA,Winchester Pressing,No,https://www.discogs.com/release/6502429-Talking-Heads-Talking-Heads-77, $26.43 ,6502429,,6502429
Talking Heads,Stop Making Sense,"12"" Vinyl",Yes,Sire,9 23883-1,1983,USA,Winchester Pressing,No,https://www.discogs.com/release/170719-Talking-Heads-Speaking-In-Tongues, $29.99 ,170719,,170719
Talking Heads,Stop Making Sense,"12"" Vinyl",Yes,Sire,R5 724897,2024,USA,Reissue,Yes,https://www.discogs.com/release/31314258-Talking-Heads-Stop-Making-Sense-Music-From-A-Film-By-Jonathan-Demme-And-Talking-Heads, $31.97 ,31314258,,31314258
Talking Heads,Talking Heads: 77,"12"" Vinyl",Yes,Sire,9 W1-25186,1984,USA,Club Edition,No,https://www.discogs.com/release/2156024-Talking-Heads-Stop-Making-Sense, $35.50 ,2156024,,2156024
Talking Heads,True Stories,"12"" Vinyl",Yes,Sire,9 25512-1,1986,USA,,No,https://www.discogs.com/release/355382-Talking-Heads-True-Stories, $40.00 ,355382,,355382
Talking Heads,True Stories,"12"" Vinyl",Yes,Sire,1-23883,1983,USA,,No,https://www.discogs.com/release/16180997-Talking-Heads-Speaking-In-Tongues, $250.00 ,16180997,,16180997
Tangerine Dream,Alpha Centauri + Atem,"12"" Vinyl",Yes,Virgin,28 990 XBU,1981,Yugoslavia,,No,https://www.discogs.com/release/15907-Tangerine-Dream-Alpha-Centauri-Atem, $15.00 ,15907,,15907
Tangerine Dream,Encore,"12"" Vinyl",Yes,Virgin International,VI 2066,1981,Yugoslavia,Reissue,No,https://www.discogs.com/release/409941-Tangerine-Dream-Stratosfear, $10.00 ,409941,,409941
Tangerine Dream,Force Majeure,"12"" Vinyl",Yes,Virgin,V 2257,1982,Yugoslavia,Original Pressing,No,https://www.discogs.com/release/191334-Tangerine-Dream-Logos-Live, $15.00 ,191334,,191334
Tangerine Dream,"Live In Paris, Palais Des Congres - March 6th, 1978","12"" Vinyl",Yes,Virgin,VI 2111,1981,Yugoslavia,Reissue,No,https://www.discogs.com/release/219737-Tangerine-Dream-Force-Majeure, $12.00 ,219737,,219737
Tangerine Dream,Logos Live,"12"" Vinyl",Yes,Virgin,PZG 35014,1977,Yugoslavia,Original Pressing,No,https://www.discogs.com/release/498220-Tangerine-Dream-Encore, $10.00 ,498220,,498220
Tangerine Dream,Stratosfear,"12"" Vinyl",Yes,Eastgage Music And Arts / Culture Factory,783546,2023,Yugoslavia,"Record Store Day - Limited Edition of 3,000 copies",Yes,https://www.discogs.com/release/26844353-Tangerine-Dream-Live-In-Paris-Palais-Des-Congrès-March-6th-1978, $36.45 ,26844353,,26844353
"Taylor, Koko",I Got What It Takes,"12"" Vinyl",Yes,Alligator Records,AL 4706,2023,USA,Record Store Day,No,https://www.discogs.com/release/26849174-Koko-Taylor-I-Got-What-It-Takes, $17.98 ,26849174,,26849174
"Tchaikovsky, Peter","Swan Lake, The Sleeping Beauty","12"" Vinyl",Yes,Deutsche Grammophone,2530 195,1972,USA,Classical,No,https://www.discogs.com/release/3489741-Peter-Tchaikovsky-Berlin-Philharmonic-Conducted-By-Herbert-von-Karajan-Swan-LakeSleeping-Beauty, $5.05 ,3489741,,3489741
Tears For Fears,Ready Boy & Girls?,"12"" Vinyl",Yes,Fontana,838 730-1,1989,USA,,No,https://www.discogs.com/release/1800734-Tears-For-Fears-The-Seeds-Of-Love, $35.00 ,1800734,,1800734
Tears For Fears,Songs From The Big Chair,"12"" Vinyl",Yes,Mercury,422-824 300-1 M-1,1985,USA,,No,https://www.discogs.com/release/438688-Tears-For-Fears-Songs-From-The-Big-Chair, $25.00 ,438688,,438688
Tears For Fears,The Seeds Of Love,"10"" Vinyl",Yes,Ingrooves,TFF111,2014,USA,"Record Store Day - 3,000 Copies Pressed",Yes,https://www.discogs.com/release/5609790-Tears-For-Fears-Ready-Boy-Girls, $25.83 ,5609790,,5609790
"Terroade, Kenneth",Love Rejoice,"12"" Vinyl",Yes,BYG Records,529.322,1969,USA,Actuel - 22,No,https://www.discogs.com/release/523370-Kenneth-Terroade-Love-Rejoice, $32.82 ,523370,,523370
The Alan Parsons Project,Eye In The Sky,"12"" Vinyl",Yes,Arista,AL 9599,1982,Yugoslavia,Original Pressing,No,https://www.discogs.com/release/7001501-The-Alan-Parsons-Project-Eye-In-The-Sky, $11.70 ,7001501,,7001501
The Archies,Everything's Archie,"12"" Vinyl",Yes,Calendar,KES-103,1969,USA,,No,https://www.discogs.com/release/7833528-The-Archies-Everythings-Archie, $9.21 ,7833528,,7833528
The Archies,The Archies,"12"" Vinyl",Yes,51 West Records & Tapes,Q 16002,1979,USA,Compilation,No,https://www.discogs.com/release/11932328-The-Archies-The-Archies, $20.00 ,11932328,,11932328
The Art Ensemble Of Chicago,"A.A.C.M., Great Black Music - A Jackson In Your House","12"" Vinyl",Yes,BYG Records,529.302,1969,USA,Actuel - 2,No,https://www.discogs.com/release/17498032-The-Art-Ensemble-Of-Chicago-AACM-Great-Black-Music-A-Jackson-In-Your-House, $57.43 ,17498032,,17498032
The Battered Ornaments,Mantle-Piece,"12"" Vinyl",Yes,Harvest,SKAO-422,1970,USA,Original Pressing - Covered is quite worn,No,https://www.discogs.com/release/5513055-The-Battered-Ornaments-Mantle-Piece, $107.63 ,5513055,,5513055
The Chares Randolph Grean Sounde,"Quentin's Theme (From The TV Show ""Dark Shadows"")","12"" Vinyl",Yes,Ranwood,R 8055,1969,USA,,No,https://www.discogs.com/release/3381884-The-Charles-Randolph-Grean-Sounde-Quentins-Theme-From-The-TV-Show-Dark-Shadows, $3.00 ,3381884,,3381884
The Critters,The Critters,"12"" Vinyl",Yes,Project 3 Records,PR 4002 SD,1969,USA,Original Pressing,No,https://www.discogs.com/release/3308273-The-Critters-The-Critters, $40.00 ,3308273,,3308273
The Doors,L.A. Woman,"12"" Vinyl",Yes,Elektra,EKS-75005,1969,USA,Original Pressing- Terre Haute ,No,https://www.discogs.com/release/4289843-The-Doors-The-Soft-Parade, $14.99 ,4289843,,4289843
The Doors,L.A. Woman Sessions,"12"" Vinyl",Yes,Elektra,EKS-75011,1971,USA,Original Pressing - Pitman Pressing,No,https://www.discogs.com/release/4622918-Doors-LA-Woman, $49.00 ,4622918,,4622918
The Doors,The Soft Parade,"12"" Vinyl",Yes,Rhino Records / Elektra,R1 670994,2022,USA,"Numbered edition: # 15,971/19,500",No,https://www.discogs.com/release/22973291-Doors-LA-Woman-Sessions, $63.15 ,22973291,,22973291
The Eleventh House,Introducing The Eleventh House,"12"" Vinyl",Yes,Culture Factory USA / Vanguard,CFU01231,2023,USA,Record Store Day,No,https://www.discogs.com/release/26848199-The-Eleventh-House-With-Larry-Coryell-Introducing-The-Eleventh-House, $14.00 ,26848199,,26848199
The Firesign Theatre,"Don't Crush That Dwarf, Hand Me The Pliers","12"" Vinyl",Yes,Columbia,C 30102,1970,USA,Terra Haute Pressing,No,https://www.discogs.com/release/9107081-The-Firesign-Theatre-Dont-Crush-That-Dwarf-Hand-Me-The-Pliers, $5.38 ,9107081,,9107081
The Firm,Radioactive,"10"" Vinyl",N/A,Atlantic,A9586P,1985,USA,Picture Disc - Shaped,No,https://www.discogs.com/release/3125980-The-Firm-Radioactive, $5.10 ,3125980,,3125980
The Knack,My Sharona,"7"" Vinyl",Yes,Capitol Records,CL 16087,1979,USA,,No,https://www.discogs.com/release/1001175-The-Knack-My-Sharona, $3.80 ,1001175,,1001175
The Litter,Distortions,"12"" Vinyl",Yes,Warwick Productions,URSM-1939,1983,USA,Unofficial Version,No,, $40.00 ,,,
The Magic Reign,Jefferson Street,"7"" Vinyl",N/A,Jamie,1374,1969,USA,Promo - with original dust jacket,No,https://www.discogs.com/release/6159221-The-Magic-Reign-Jefferson-Street, $11.50 ,6159221,,6159221
The Motels,All Four One,"12"" Vinyl",Yes,Capitol Records,ST-12177,1982,USA,,No,https://www.discogs.com/release/8447182-The-Motels-All-Four-One, $4.00 ,8447182,,8447182
The Nova Local,Nova 1,"12"" Vinyl",Yes,Decca,DL 34518,1968,USA,Promo,No,https://www.discogs.com/release/4566672-The-Nova-Local-Nova-1, $59.99 ,4566672,,4566672
The Rolling Stones,12 X 5,"12"" Vinyl",Yes,Rolling Stones Records,OC 40250,1986,USA,,No,https://www.discogs.com/release/6319318-The-Rolling-Stones-Dirty-Work, $6.00 ,6319318,,6319318
The Rolling Stones,12 X 5,"12"" Vinyl",Yes,Rolling Stones Records,90120-1,1983,USA,Specialty Pressing,No,https://www.discogs.com/release/583715-Rolling-Stones-Undercover, $6.73 ,583715,,583715
The Rolling Stones,Aftermath,"12"" Vinyl",Yes,Rolling Stones Records,COC 79102,1975,USA,PRC Pressing,No,https://www.discogs.com/release/14740786-Rolling-Stones-Made-In-The-Shade, $7.08 ,14740786,,14740786
The Rolling Stones,Aftermath,"12"" Vinyl",Yes,London Records,PS 493,1966,USA,Stereo Pressing,No,https://www.discogs.com/release/8374346-The-Rolling-Stones-Got-Live-If-You-Want-It, $7.10 ,8374346,,8374346
The Rolling Stones,Beggars Banquet,"12"" Vinyl",Yes,London Records,NPS-5,1970,USA,Terre Haute Pressing,No,https://www.discogs.com/release/3813883-The-Rolling-Stones-Get-Yer-Ya-Yas-Out-The-Rolling-Stones-In-Concert, $8.00 ,3813883,,3813883
The Rolling Stones,Beggars Banquet,"12"" Vinyl",Yes,Rolling Stones Records,COC 16015,1980,USA,,No,https://www.discogs.com/release/4887672-The-Rolling-Stones-Emotional-Rescue, $9.00 ,4887672,,4887672
The Rolling Stones,Between The Buttons,"12"" Vinyl",Yes,London Records,NPS-1,1966,USA,Stereo Pressing,No,https://www.discogs.com/release/499739-The-Rolling-Stones-Big-Hits-High-Tide-And-Green-Grass, $10.00 ,499739,,499739
The Rolling Stones,Between The Buttons,"12"" Vinyl",Yes,ABKCO,NPS-3,1986,USA,"Red label ""100% Virgin Vinyl"" Die-cut sleeve",No,https://www.discogs.com/release/13247936-The-Rolling-Stones-Through-The-Past-Darkly-Big-Hits-Vol-2, $10.72 ,13247936,,13247936
The Rolling Stones,Big Hits (High Tide And Green Grass),"12"" Vinyl",Yes,London Records,PS 499,1967,USA,Stereo Pressing,No,https://www.discogs.com/release/6204748-The-Rolling-Stones-Between-The-Buttons, $12.00 ,6204748,,6204748
The Rolling Stones,Big Hits (High Tide And Green Grass),"12"" Vinyl",Yes,London Records,2PS 626,1972,USA,,No,https://www.discogs.com/release/2316675-The-Rolling-Stones-More-Hot-Rocks-Big-Hits-Fazed-Cookies, $12.00 ,2316675,,2316675
The Rolling Stones,Big Hits (High Tide And Green Grass),"12"" Vinyl",Yes,Rolling Stones Records,COC 59101,1973,USA,Presswell Pressing - in shrink wrap with hype sticker,No,https://www.discogs.com/release/2548388-The-Rolling-Stones-Goats-Head-Soup, $13.47 ,2548388,,2548388
The Rolling Stones,Big Hits (High Tide And Green Grass),"12"" Vinyl",Yes,ABKCO,882 344-1,2003,USA,Reissue,No,https://www.discogs.com/release/1199074-The-Rolling-Stones-Metamorphosis, $14.87 ,1199074,,1199074
The Rolling Stones,Black And Blue,"12"" Vinyl",Yes,London Records,LL 3429,1965,USA,Mono Pressing,No,https://www.discogs.com/release/1349841-The-Rolling-Stones-Out-Of-Our-Heads, $15.61 ,1349841,,1349841
The Rolling Stones,Dirty Work,"12"" Vinyl",Yes,London Records,PS 539,1968,USA,"Monarch Presing-""Mick Jaggar Keith Richard"" pressing",No,https://www.discogs.com/release/4334705-Rolling-Stones-Beggars-Banquet, $15.87 ,4334705,,4334705
The Rolling Stones,Emotional Rescue,"12"" Vinyl",Yes,ABKCO,18771863113,2020,USA,"Record Store Day - Green Vinyl limited edition of 7,500 copies",No,https://www.discogs.com/release/16091901-The-Rolling-Stones-Metamorphosis, $16.00 ,16091901,,16091901
The Rolling Stones,Exile On Main Street,"12"" Vinyl",Yes,ABKCO,018771900214,2003,USA,180 Gram Vinyl Issue - Black Vinyl,No,https://www.discogs.com/release/3594333-The-Rolling-Stones-Their-Satanic-Majesties-Request, $18.45 ,3594333,,3594333
The Rolling Stones,Exile On Main Street,"12"" Vinyl",Yes,Rolling Stones Records,COC 16052,1981,USA,,No,https://www.discogs.com/release/14109475-Rolling-Stones-Tattoo-You, $18.99 ,14109475,,14109475
The Rolling Stones,Five By Five,"12"" Vinyl",Yes,Decca,68535 210,1977,USA,Orange Vinyl,No,https://www.discogs.com/release/3869141-The-Rolling-Stones-Big-Hits-High-Tide-And-Green-Grass, $19.29 ,3869141,,3869141
The Rolling Stones,Five By Five,"12"" Vinyl",Yes,London Records,PS 402,1966,USA,Pittman Pressing,No,https://www.discogs.com/release/5517323-The-Rolling-Stones-12-X-5, $21.65 ,5517323,,5517323
The Rolling Stones,Get Yer Ya-Ya's Out!-The Rolling Stones In Concert,"12"" Vinyl",Yes,London Records,PS 476,1966,USA,Stereo Pressing,No,https://www.discogs.com/release/765072-The-Rolling-Stones-Aftermath, $22.49 ,765072,,765072
The Rolling Stones,Goat's Head Soup,"12"" Vinyl",Yes,ABKCO/Decca,018771881612,2010,USA,Part of the Limited Edition Rolling Stones 1964-1969 Box Set,No,https://www.discogs.com/release/16087985-The-Rolling-Stones-No2, $23.50 ,16087985,,16087985
The Rolling Stones,Got Live If You Want It!,"12"" Vinyl",Yes,London Records,NPS-2,1967,USA,Bestway Pressing - Lenticular Cover,No,https://www.discogs.com/release/1164092-The-Rolling-Stones-Their-Satanic-Majesties-Request, $23.99 ,1164092,,1164092
The Rolling Stones,Hot Rocks 1964-1971,"12"" Vinyl",Yes,ABKCO,01877188414,2010,USA,Part of the Limited Edition Rolling Stones 1964-1969 Box Set,No,https://www.discogs.com/release/16087910-The-Rolling-Stones-The-Rolling-Stones, $24.99 ,16087910,,16087910
The Rolling Stones,Let It Bleed,"12"" Vinyl",Yes,Decca,8814-1,2010,USA,Reissue,No,https://www.discogs.com/release/16087910-The-Rolling-Stones-The-Rolling-Stones, $24.99 ,16087910,,16087910
The Rolling Stones,Love You Live,"12"" Vinyl",Yes,London Records,NPS-2,1976,USA,PRC Compton Pressing - Printed Sleeve,No,https://www.discogs.com/release/5738930-The-Rolling-Stones-Their-Satanic-Majesties-Request, $24.99 ,5738930,,5738930
The Rolling Stones,Made In The Shade,"12"" Vinyl",Yes,London Records,LL 3402,1964,USA,,No,https://www.discogs.com/release/3871774-The-Rolling-Stones-12-X-5, $25.00 ,3871774,,3871774
The Rolling Stones,Metamorphosis,"12"" Vinyl",Yes,ABKCO,018771943013,2010,USA,Part of the Limited Edition Rolling Stones 1964-1969 Box Set,No,https://www.discogs.com/release/16088043-The-Rolling-Stones-Out-Of-Our-Heads-, $25.37 ,16088043,,16088043
The Rolling Stones,Metamorphosis,"12"" Vinyl",Yes,ABKCO,18771943013,2010,USA,Reissue,No,https://www.discogs.com/release/16088043-The-Rolling-Stones-Out-Of-Our-Heads-, $25.76 ,16088043,,16088043
The Rolling Stones,More Hot Rocks (Big Hits & Fazed Cookies),"12"" Vinyl",Yes,Decca,SKL 8818-1,2010,USA,Reissue,No,https://www.discogs.com/release/9277871-Rolling-Stones-Through-The-Past-Darkly-Big-Hits-Vol2, $26.50 ,9277871,,9277871
The Rolling Stones,No.2,"12"" Vinyl",Yes,ABKCO,0018771953913,2017,USA,180 Gram Vinyl Issue - Black Vinyl,No,https://www.discogs.com/release/11215966-The-Rolling-Stones-Beggars-Banquet, $26.66 ,11215966,,11215966
The Rolling Stones,Out Of Our Heads,"12"" Vinyl",Yes,Rolling Stones Records,COC 2-2900,1972,USA,Unipak,No,https://www.discogs.com/release/6535118-Rolling-Stones-Exile-On-Main-St, $33.12 ,6535118,,6535118
The Rolling Stones,Out Of Our Heads,"12"" Vinyl",Yes,Rolling Stones Records,COC 2-2900,1972,USA,Unipak,No,https://www.discogs.com/release/6535118-Rolling-Stones-Exile-On-Main-St, $33.12 ,6535118,,6535118
The Rolling Stones,Tattoo You,"12"" Vinyl",Yes,Decca,8815-1,2010,USA,Part of the Limited Edition Rolling Stones 1964-1969 Box Set,No,https://www.discogs.com/release/14245580-The-Rolling-Stones-Five-By-Five, $35.00 ,14245580,,14245580
The Rolling Stones,The Rolling Stones,"12"" Vinyl",Yes,Decca,8815-1,2010,USA,Reissue,No,https://www.discogs.com/release/14245580-The-Rolling-Stones-Five-By-Five, $35.00 ,14245580,,14245580
The Rolling Stones,The Rolling Stones,"12"" Vinyl",Yes,Decca,9477-1,2010,USA,Part of the Limited Edition Rolling Stones 1964-1969 Box Set,No,https://www.discogs.com/release/19988545-The-Rolling-Stones-Aftermath, $50.00 ,19988545,,19988545
The Rolling Stones,The Rolling Stones,"12"" Vinyl",Yes,ABKCO,9005-1,2003,USA,180 Gram Vinyl Issue - Black Vinyl,No,https://www.discogs.com/release/13609324-The-Rolling-Stones-Between-The-Buttons, $50.00 ,13609324,,13609324
The Rolling Stones,Their Satanic Majesties Request,"12"" Vinyl",Yes,Decca/ABKCO,8817-1,2010,USA,Part of the Limited Edition Rolling Stones 1964-1969 Box Set,No,https://www.discogs.com/release/19063111-The-Rolling-Stones-Big-Hits-High-Tide-And-Green-Grass, $50.00 ,19063111,,19063111
The Rolling Stones,Their Satanic Majesties Request,"12"" Vinyl",Yes,Decca,9 004-1,2003,USA,Reissue,No,https://www.discogs.com/release/14101755-The-Rolling-Stones-Let-It-Bleed, $50.00 ,14101755,,14101755
The Rolling Stones,Their Satanic Majesties Request,"12"" Vinyl",Yes,London Records,2PS 606/7,1971,USA,Terre Haute Pressing,No,"The Rolling Stones – Hot Rocks 1964-1971 – 2 x Vinyl (Terre Haute Pressing, LP, Compilation + 2 more), 1971 [r2670295] | Discogs", $13.79 ,2670295.00,,2670295
The Rolling Stones,"Through The Past, Darkly (Bigh Hits Vol. 2)","12"" Vinyl",Yes,Rolling Stones Records,COC 2-9001,1977,USA,,No,"The Rolling Stones – Love You Live – 2 x Vinyl (SP - Specialty Pressing, Gatefold, LP, Album, Stereo), 1977 [r4884492] | Discogs", $9.50 ,4884492.00,,4884492
The Rolling Stones,"Through The Past, Darkly (Bigh Hits Vol. 2)","12"" Vinyl",Yes,Rolling Stones Records,COC 79104,1976,USA,,No,"The Rolling Stones – Black And Blue – Vinyl (Presswell Pressing, Gatefold, LP, Album, Stereo), 1976 [r4598531] | Discogs", $8.00 ,4598531.00,,4598531
The Rolling Stones,Undercover,"12"" Vinyl",Yes,Decca,8817-1,2010,USA,180 Gram Issue,No,"The Rolling Stones – The Rolling Stones – Vinyl (12"", 45 RPM + 3 more), 2010 [r21310042] | Discogs", $25.00 ,21310042.00,,21310042
The Shindogs,Who Do You Think You Are,"7"" Vinyl",N/A,Fontana,TF 790,1967,USA,Mono - in original dust jacket,No,https://www.discogs.com/release/32189949-The-Shindogs-Who-Do-You-Think-You-Are, $10.00 ,32189949,,32189949
The Stone Poneys,The Stone Poneys - Featuring Linda Ronstadt,"12"" Vinyl",Yes,Capitol Records,SN-16133,1986,USA,Reissue,No,https://www.discogs.com/release/7676514-The-Stone-Poneys-Featuring-Linda-Ronstadt-The-Stone-Poneys-Featuring-Linda-Ronstadt, $10.00 ,7676514,,7676514
The Stooges,Fun House,CD,Yes,Elektra,74051-2,1994,USA,Reissue,No,https://www.discogs.com/release/15804673-The-Stooges-The-Stooges, $8.00 ,15804673,,15804673
The Stooges,Fun House,CD,Yes,Elektra / Rhino,R2 74805,2006,USA,Paper Sleeves,No,https://www.discogs.com/release/2401848-The-Stooges-Fun-House, $10.00 ,2401848,,2401848
The Stooges,The Stooges,"12"" Vinyl",Yes,Elektra,EKS-74051,1969,USA,Original Pressing,No,https://www.discogs.com/release/4306143-The-Stooges-The-Stooges, $165.94 ,4306143,,4306143
The Stooges,The Stooges,"12"" Vinyl",Yes,Elektra,EKS 74071,1970,USA,Promo - Terre Haute Pressing,No,https://www.discogs.com/release/29413030-The-Stooges-Fun-House, $300.00 ,29413030,,29413030
The Tea Company,Come And Have Some Tea With The Tea Company,"12"" Vinyl",Yes,Smash Records,SRS-67105,1968,USA,Original Pressing,No,https://www.discogs.com/release/13088142-The-Tea-Company-Come-And-Have-Some-Tea-With-The-Tea-Company, $57.50 ,13088142,,13088142
The Trip,Atlantide,"12"" Vinyl",Yes,RCA,CR-10059,1987,USA,Reissue - no OBI RCA Blue Label,No,https://www.discogs.com/release/3267617-The-Trip-Atlantide, $38.50 ,3267617,,3267617
The United States Of America,The United States Of America,"12"" Vinyl",Yes,Columbia,CS 9614,1968,USA,Santa Maria Pressing,No,https://www.discogs.com/release/2724462-The-United-States-Of-America-The-United-States-Of-America, $60.00 ,2724462,,2724462
The Velvet Underground,(And So On),CD,Yes,Polydor,314 549 133-2,2000,USA,Compilation,No,https://www.discogs.com/release/7814615-The-Velvet-Underground-The-Best-Of-The-Velvet-Underground, $2.64 ,7814615,,7814615
The Velvet Underground,1969 - Velvet Underground Live - Volume 2,CD,Yes,Atlantic,9500-2,1989,USA,Mono,No,https://www.discogs.com/release/484773-The-Velvet-Underground-Live-At-Maxs-Kansas-City, $4.99 ,484773,,484773
The Velvet Underground,1969 Velvet Underground Live With Lou Reed,VHS,Yes,Warner Music Vision,38363-3,1993,USA,NTSC,No,https://www.discogs.com/release/13058112-The-Velvet-Underground-Velvet-Redux-Live-MCMXCIII, $7.00 ,13058112,,13058112
The Velvet Underground,1969 Velvet Underground Live With Lou Reed,CD,Yes,Mercury,834 824-2,1988,USA,,No,https://www.discogs.com/release/1182870-Velvet-Underground-1969-Velvet-Underground-Live-Volume-2, $8.00 ,1182870,,1182870
The Velvet Underground,A Drug Hit Sally Inside (Live 1968),CD,Yes,Verve Records,829 405-2,1986,USA,,No,https://www.discogs.com/release/1590661-The-Velvet-Underground-Another-View, $9.25 ,1590661,,1590661
The Velvet Underground,Another View,CD,Yes,Rhino Records,R2 72563,1997,USA,,No,https://www.discogs.com/release/1298065-The-Velvet-Underground-Loaded-Fully-Loaded-Edition, $9.99 ,1298065,,1298065
The Velvet Underground,Another View,CD,Yes,Polydor / Universal Records,314 589 588-2,2002,USA,Deluxe Edition,No,https://www.discogs.com/release/1445972-The-Velvet-Underground-The-Velvet-Underground-Nico, $12.00 ,1445972,,1445972
The Velvet Underground,Etc.,"12"" Vinyl",Yes,MGM Records,PRD 0022,1973,USA,,No,https://www.discogs.com/release/1360821-Lou-Reed-And-The-Velvet-Underground-Thats-The-Story-Of-My-Life, $15.38 ,1360821,,1360821
The Velvet Underground,Live At Max's Kansas City,"12"" Vinyl",Yes,MGM Records,GAS-131,1970,USA,Promo,No,https://www.discogs.com/release/2300347-The-Velvet-Underground-Velvet-Underground, $18.50 ,2300347,,2300347
The Velvet Underground,Live At Max's Kansas City,"12"" Vinyl",Yes,Cotillion,SD 9500,1987,USA,Reissue,No,https://www.discogs.com/release/24445937-The-Velvet-Underground-Live-At-Maxs-Kansas-City, $20.00 ,24445937,,24445937
The Velvet Underground,Live At Max's Kansas City,"12"" Vinyl",Yes,Cotillion,SD-9500,1972,USA,Original Pressing - Richmond Pressing,No,https://www.discogs.com/release/6699023-The-Velvet-Underground-Live-At-Maxs-Kansas-City, $22.00 ,6699023,,6699023
The Velvet Underground,Loaded,"12"" Vinyl",Yes,Plastic Inevitable Records,FIRST-1,1990,USA,Unofficial Release Blue Marble Vinyl,No,https://www.discogs.com/release/5348642-The-Velvet-Underground-Etc, $22.29 ,5348642,,5348642
The Velvet Underground,Loaded (Fully Loaded Edition),"12"" Vinyl",Yes,Verve Records,829 405-1 Y-1,1986,USA,Indianapolis Pressing,No,https://www.discogs.com/release/13726284-The-Velvet-Underground-Another-View, $26.84 ,13726284,,13726284
The Velvet Underground,That's The Story Of My Life,"12"" Vinyl",Yes,Plastic Inevitable Records,SECOND-1,1990,USA,Unofficial Release Purple Marble Vinyl,No,https://www.discogs.com/release/5043610-The-Velvet-Underground-And-So-On, $26.95 ,5043610,,5043610
The Velvet Underground,The Best Of The Velvet Underground,"12"" Vinyl",Yes,Mercury,SRM-2-7504,1981,USA,Reissue,No,https://www.discogs.com/release/5036498-Velvet-Underground-1969-Velvet-Underground-Live-With-Lou-Reed, $30.00 ,5036498,,5036498
The Velvet Underground,The Murder Mystery,"12"" Vinyl",N/A,Clean Sound,CS 1017,1986,USA,Unofficial Release - picture disc,No,https://www.discogs.com/release/2474472-The-Velvet-Underground-A-Drug-Hit-Sally-Inside-Live-1968, $40.00 ,2474472,,2474472
The Velvet Underground,The Velvet Underground,"12"" Vinyl",Yes,Brigand,BRIG 006,1990,USA,Unofficial Release,No,https://www.discogs.com/release/5037620-The-Velvet-Underground-The-Murder-Mystery, $40.00 ,5037620,,5037620
The Velvet Underground,The Velvet Underground & Nico,"12"" Vinyl",Yes,Heroin Music,None,1990,USA,Unofficial Release,No,https://www.discogs.com/release/1855012-The-Velvet-Underground-Up-Tight, $40.00 ,1855012,,1855012
The Velvet Underground,The Velvet Underground & Nico,"12"" Vinyl",Yes,Verve Records,823 721-1 Y-1,1985,USA,,No,https://www.discogs.com/release/1574277-The-Velvet-Underground-VU, $40.00 ,1574277,,1574277
The Velvet Underground,The Velvet Underground & Nico,"12"" Vinyl",Yes,Verve Records,823 721-1 Y-1,1985,USA,,No,https://www.discogs.com/release/1574277-The-Velvet-Underground-VU, $40.00 ,1574277,,1574277
The Velvet Underground,The Velvet Underground & Nico,"12"" Vinyl",Yes,Mercury,SRM-2-7504,1974,USA,Original Pressing,No,https://www.discogs.com/release/7189610-The-Velvet-Underground-1969-Velvet-Underground-Live-With-Lou-Reed, $48.68 ,7189610,,7189610
The Velvet Underground,Up-Tight,"12"" Vinyl",Yes,Verve Records,V6-5008,1973,USA,Repressing,No,https://www.discogs.com/release/6202046-The-Velvet-Underground-Nico-The-Velvet-Underground-Nico, $49.50 ,6202046,,6202046
The Velvet Underground,Velvet Redux Live MCMXCIII,"12"" Vinyl",Yes,Verve Records,V6-5046,1969,USA,Repressing,No,https://www.discogs.com/release/20795365-The-Velvet-Underground-White-LightWhite-Heat, $76.32 ,20795365,,20795365
The Velvet Underground,Velvet Underground,"12"" Vinyl",Yes,Cotillion,SD 9034,1970,USA,Promo - white label,No,https://www.discogs.com/release/1630523-The-Velvet-Underground-Loaded, $100.00 ,1630523,,1630523
The Velvet Underground,VU,"12"" Vinyl",Yes,Verve Records,V6-5046,1968,USA,Original Pressing,No,https://www.discogs.com/release/372030-The-Velvet-Underground-White-LightWhite-Heat, $125.00 ,372030,,372030
The Velvet Underground,VU,"12"" Vinyl",Yes,Verve Records,V6-5008,1968,USA,Repressing,No,https://www.discogs.com/release/3820535-The-Velvet-Underground-Nico-The-Velvet-Underground-Nico, $137.50 ,3820535,,3820535
The Velvet Underground,White Light / White Heat,"12"" Vinyl",Yes,Verve Records,V6-5008,1968,USA,Repressing,No,https://www.discogs.com/release/3820535-The-Velvet-Underground-Nico-The-Velvet-Underground-Nico, $137.50 ,3820535,,3820535
The Velvet Underground,White Light / White Heat,"12"" Vinyl",Yes,MGM Records,SE-4617,1969,USA,Original Pressing,No,https://www.discogs.com/release/1491938-The-Velvet-Underground-The-Velvet-Underground, $181.11 ,1491938,,1491938
The Walker Brothers,Images,"7"" Vinyl",Yes,GTO,2099 167,1976,USA,,No,https://www.discogs.com/release/7217832-The-Walker-Brothers-Lines-First-Day, $2.09 ,7217832,,7217832
The Walker Brothers,Lines,"12"" Vinyl",Yes,GTO,GTLP 014,1976,USA,,No,https://www.discogs.com/release/1626763-The-Walker-Brothers-Lines, $5.30 ,1626763,,1626763
The Walker Brothers,Lines,"12"" Vinyl",Yes,GTO,GTLP 007,1975,USA,,No,https://www.discogs.com/release/1198693-The-Walker-Brothers-No-Regrets, $5.69 ,1198693,,1198693
The Walker Brothers,Lines,CD,Yes,Mercury,558 181-2,1998,USA,Reissue,No,https://www.discogs.com/release/1783064-The-Walker-Brothers-Images, $9.52 ,1783064,,1783064
The Walker Brothers,Nite Flights,"12"" Vinyl",Yes,Smash Records,MGS 27082,1966,USA,Mono version,No,https://www.discogs.com/release/1792842-The-Walker-Brothers-The-Sun-Aint-Gonna-Shine-Anymore, $11.00 ,1792842,,1792842
The Walker Brothers,No Regrets,CD,Yes,Columbia / GTO,483674-2,1994,USA,,No,https://www.discogs.com/release/1244268-The-Walker-Brothers-Lines, $12.63 ,1244268,,1244268
The Walker Brothers,The Sun Ain't Gonna Shine Anymore,"12"" Vinyl",Yes,GTO,GTLP 033,1978,USA,,No,https://www.discogs.com/release/1736885-The-Walker-Brothers-Nite-Flights, $54.65 ,1736885,,1736885
The Whit Boyd Combo,Party Girls (Original Motion Picture Soundtrack),"12"" Vinyl",Yes,Modern Harmonic,MH-8227,2020,USA,Gold Vinyl,No,https://www.discogs.com/release/16214813-The-Whit-Boyd-Combo-Party-Girls-Original-Motion-Picture-Soundtrack, $19.95 ,16214813,,16214813
The Who,Face Dances,Cassette,Yes,MCA Records,MCAC2-8018,1984,USA,,No,https://www.discogs.com/release/1299504-The-Who-Whos-Last, $3.00 ,1299504,,1299504
The Who,Happy Jack,"12"" Vinyl",Yes,Polydor,2482 100,1979,USA,Compilation,No,https://www.discogs.com/release/2673015-The-Who-Portrait-Of-The-Who, $6.78 ,2673015,,2673015
The Who,It's Hard,"12"" Vinyl",Yes,Warner Bros. Records,9 23731-1,1982,USA,,No,https://www.discogs.com/release/14680207-The-Who-Its-Hard, $6.97 ,14680207,,14680207
The Who,Portrait Of The Who,"12"" Vinyl",Yes,Warner Bros. Records,HS 3516,1981,USA,,No,https://www.discogs.com/release/11533618-The-Who-Face-Dances, $4.89 ,11533618,,11533618
The Who,Quadrophenia,"12"" Vinyl",Yes,MCA Records,MCA-3050,1978,USA,,No,https://www.discogs.com/release/1087824-The-Who-Who-Are-You, $5.00 ,1087824,,1087824
The Who,The Who By Numbers,"12"" Vinyl",Yes,MCA Records,MCA-2161,1975,USA,,No,https://www.discogs.com/release/2231364-The-Who-The-Who-By-Numbers, $4.00 ,2231364,,2231364
The Who,The Who Sings My Generation,"12"" Vinyl",Yes,Track Record / MCA Records,MCA2-10004,1973,USA,,No,https://www.discogs.com/release/15977533-The-Who-Quadrophenia, $25.00 ,15977533,,15977533
The Who,Tommy,"12"" Vinyl",Yes,Decca,DL 79182,1971,USA,,No,https://www.discogs.com/release/3675449-The-Who-Whos-Next, $15.00 ,3675449,,3675449
The Who,Who Are You,"12"" Vinyl",Yes,Decca,DXSW 7205,1969,USA,,No,https://www.discogs.com/release/4984448-The-Who-Tommy, $8.50 ,4984448,,4984448
The Who,Who's Last,"12"" Vinyl",Yes,Decca,DL 4892,1967,USA,,No,https://www.discogs.com/release/1850217-The-Who-Happy-Jack, $25.00 ,1850217,,1850217
The Who,Who's Next,"12"" Vinyl",Yes,Decca,DL 74664,1967,USA,Autographed,No,https://www.discogs.com/release/1170031-The-Who-The-Who-Sings-My-Generation, $500.00 ,1170031,,1170031
The Wind In The Willows,The Wind In The Willows,"12"" Vinyl",Yes,Capitol Records,SKAO 2956,1968,USA,,No,https://www.discogs.com/release/12591830-The-Wind-In-The-Willows-The-Wind-In-The-Willows, $20.00 ,12591830,,12591830
The Yardbirds,The Yardbirds' Greatest Hits,"12"" Vinyl",Yes,Epic,BN 26246,1967,USA,,No,https://www.discogs.com/release/2081244-The-Yardbirds-The-Yardbirds-Greatest-Hits?srsltid=AfmBOooj5KI-0j6FR0psVJy8XG8-sexlx1zUPQ4VoC_kmvCk7GQKLzhO, $6.00 ,2081244,,2081244
"Thornton, Clifford",Ketchaoua,"12"" Vinyl",Yes,BYG Records,529.323,1969,USA,Actuel - 23,No,https://www.discogs.com/release/523378-Clifford-Thornton-Ketchaoua, $55.98 ,523378,,523378
Tim Curry,Baby Love,"7"" Vinyl",Yes,A&M Records,AM 2353,1981,USA,,No,https://www.discogs.com/release/5045843-Tim-Curry-Working-On-My-Tan, $3.00 ,5045843,,5045843
Tim Curry,Working On My Tan,"7"" Vinyl",N/A,Ode Records,ODE-66117,1976,USA,Promo ,No,https://www.discogs.com/release/5094686-Tim-Curry-Baby-Love, $4.20 ,5094686,,5094686
Tin Machine,Baby Universal,Cassette,Yes,EMI USA,E4-91990,1989,USA,Dolby HX Pro,No,https://www.discogs.com/release/1155450-Tin-Machine-Tin-Machine, $2.18 ,1155450,,1155450
Tin Machine,Baby Universal,Cassette,Yes,EMI USA,E4-91990,1989,USA,Dolby HX Pro,No,https://www.discogs.com/release/1155450-Tin-Machine-Tin-Machine, $2.18 ,1155450,,1155450
Tin Machine,Baby Universal,CD,Yes,EMI USA,CDP-7-91990-2,1989,USA,,No,https://www.discogs.com/release/389990-Tin-Machine-Tin-Machine, $3.20 ,389990,,389990
Tin Machine,Baby Universal,CD,Yes,EMI USA,CDP-7-91990-2,1989,USA,,No,https://www.discogs.com/release/389990-Tin-Machine-Tin-Machine, $3.20 ,389990,,389990
Tin Machine,Heaven's In Here,CD,Yes,EMI USA,CDP-7-91990-2,1989,USA,,No,https://www.discogs.com/release/389990-Tin-Machine-Tin-Machine, $3.20 ,389990,,389990
Tin Machine,Heaven's In Here,"7"" Vinyl",Yes,EMI USA,MT 73,1989,USA,Solid Centre,No,https://www.discogs.com/release/3103284-Tin-Machine-Maggies-Farm-Live-Tin-Machine, $4.75 ,3103284,,3103284
Tin Machine,Japan 1992 (The Classic Budokan Broadcast),Cassette,Yes,Victory,383 480 004-4,1992,USA,,Yes,https://www.discogs.com/release/9127717-Tin-Machine-Live-Oy-Vey-Baby, $4.75 ,9127717,,9127717
Tin Machine,Japan 1992 (The Classic Budokan Broadcast),"7"" Vinyl",Yes,Victory / London,869-402-7,1991,USA,Silver Injection Labels,No,https://www.discogs.com/release/6586242-Tin-Machine-You-Belong-In-Rock-N-Roll, $5.38 ,6586242,,6586242
Tin Machine,Live At Budokan 1992 - FM Broadcast,"12"" Vinyl",N/A,EMI,SPRO 4282,1989,USA,Promo,No,https://www.discogs.com/release/2502844-Tin-Machine-Under-The-God, $5.63 ,2502844,,2502844
Tin Machine,Maggie's Farm,"7"" Vinyl",Yes,Victory / London,869 582-7,1991,USA,Silver Injection Labels,No,https://www.discogs.com/release/1858895-Tin-Machine-Baby-Universal-New-Mix, $6.33 ,1858895,,1858895
Tin Machine,Maggie's Farm,"10"" Vinyl",Yes,EMI America,10MT 68,1989,USA,,No,https://www.discogs.com/release/464609-Tin-Machine-Under-The-God, $7.48 ,464609,,464609
Tin Machine,Maggie's Farm,CD,Yes,Virgin,7243 521910 0 0,1999,USA,The David Bowie Series,No,https://www.discogs.com/release/2444976-David-Bowie-Tin-Machine-Tin-Machine, $8.00 ,2444976,,2444976
Tin Machine,"Oy Vey, Baby",CD,Yes,Virgin,7243 8 40995 2 7,1995,USA,Reissue,No,https://www.discogs.com/release/1443374-Tin-Machine-Tin-Machine, $8.12 ,1443374,,1443374
Tin Machine,"Oy Vey, Baby","12"" Vinyl",Yes,EMI,SPRO 4374,1989,USA,Promo ,No,https://www.discogs.com/release/4028844-Tin-Machine-Heavens-In-Here, $8.39 ,4028844,,4028844
Tin Machine,Prisoner Of Love,"12"" Vinyl",N/A,EMI,SPRO 4374,1989,USA,Promo,No,https://www.discogs.com/release/4028844-Tin-Machine-Heavens-In-Here, $8.39 ,4028844,,4028844
Tin Machine,Prisoner Of Love,"7"" Vinyl",Yes,EMI USA,12MT 73,1989,USA,Poster Bag,No,https://www.discogs.com/release/2098089-Tin-Machine-Maggies-Farm-Live-Tin-Machine, $9.73 ,2098089,,2098089
Tin Machine,Prisoner Of Love,"12"" Vinyl",Yes,London Records / Victory,LONX 305,1991,USA,Stock Copy,No,https://www.discogs.com/release/1309063-Tin-Machine-You-Belong-In-Rock-N-Roll, $10.12 ,1309063,,1309063
Tin Machine,Prisoner Of Love,"12"" Vinyl",Yes,London Records / Victory,LONX 310,1991,USA,Stock Copy,No,https://www.discogs.com/release/1615624-Tin-Machine-Baby-Universal-New-Mix, $10.44 ,1615624,,1615624
Tin Machine,Tin Machine,"7"" Vinyl",Yes,EMI USA,MT 76,1989,USA,Solid Centre,No,https://www.discogs.com/release/3072054-Tin-Machine-Prisoner-Of-Love, $11.78 ,3072054,,3072054
Tin Machine,Tin Machine,CD,Yes,London Records / Victory,LOCDT 310,1991,USA,Limited Edition - Canister,No,https://www.discogs.com/release/758095-Tin-Machine-Baby-Universal, $12.32 ,758095,,758095
Tin Machine,Tin Machine,CD,Yes,London Records / Victory,LOCDT 310,1991,USA,Limited Edition - Canister,No,https://www.discogs.com/release/758095-Tin-Machine-Baby-Universal, $12.32 ,758095,,758095
Tin Machine,Tin Machine,CD,Yes,EMI USA,DPRO 04424,1989,USA,Promo,No,https://www.discogs.com/release/6399530-Tin-Machine-Prisoner-Of-Love, $12.65 ,6399530,,6399530
Tin Machine,Tin Machine,"7"" Vinyl",Yes,EMI USA,MTPD 73,1989,USA,Shaped Picture Disc,No,https://www.discogs.com/release/1371128-Tin-Machine-Maggies-Farm-Live-Tin-Machine, $15.19 ,1371128,,1371128
Tin Machine,Tin Machine,"12"" Vinyl",Yes,Music On Vinyl,MOVLP2715,2020,USA,"Limited Edition 10,000 copies.  Number 9888, silver vinyl",Yes,https://www.discogs.com/release/15628321-Tin-Machine-Tin-Machine-II, $16.95 ,15628321,,15628321
Tin Machine,Tin Machine,"12"" Vinyl",Yes,Music On Vinyl,MOVLP2715,2020,USA,"Limited Edition 10,000 copies.  Number 5567, silver vinyl",No,https://www.discogs.com/release/15628321-Tin-Machine-Tin-Machine-II, $16.95 ,15628321,,15628321
Tin Machine,Tin Machine,CD,Yes,EMI,TOCP-70157,2007,USA,With OBI - made in Japan,No,https://www.discogs.com/release/7045524-Tin-Machine-Tin-Machine, $17.99 ,7045524,,7045524
Tin Machine,Tin Machine,"7"" Vinyl",Yes,EMI USA,MTS 76,1989,USA,Includes Postcards,No,https://www.discogs.com/release/1777696-Tin-Machine-Prisoner-Of-Love, $18.47 ,1777696,,1777696
Tin Machine,Tin Machine II,CD,Yes,London Records / Victory,LOCDT 305,1991,USA,Round Tin Can - Larger Label Version,No,https://www.discogs.com/release/28277944-Tin-Machine-You-Belong-In-Rock-N-Roll, $20.00 ,28277944,,28277944
Tin Machine,Tin Machine II,"12"" Vinyl",Yes,London Records / Victory,828 272-1,1991,USA,Stock Copy,No,https://www.discogs.com/release/2797668-Tin-Machine-Tin-Machine-II, $21.05 ,2797668,,2797668
Tin Machine,Tin Machine II,"12"" Vinyl",Yes,London Records / Victory,828 272-1,1991,USA,Stock Copy,No,https://www.discogs.com/release/2797668-Tin-Machine-Tin-Machine-II, $21.05 ,2797668,,2797668
Tin Machine,Tin Machine II,"12"" Vinyl",Yes,Music On Vinyl,MOVLP2715,2022,USA,"Numbered edition: # 3690 / 5,000 copies",Yes,https://www.discogs.com/release/22806101-Tin-Machine-Tin-Machine-II, $23.44 ,22806101,,22806101
Tin Machine,Tin Machine II,"12"" Vinyl",Yes,Parachute Recording Company,PARA299LP,2019,USA,Unofficial Release,Yes,https://www.discogs.com/release/14375316-Tin-Machine-Japan-1992-The-Classic-Budokan-Broadcast, $25.00 ,14375316,,14375316
Tin Machine,Under The God,CD,Yes,Golden Rain,GRNCD 027,2018,USA,Unofficial Release,Yes,https://www.discogs.com/release/12923818-David-Bowie-Tin-Machine-Japan-1992-The-Classic-Budokan-Broadcast, $25.00 ,12923818,,12923818
Tin Machine,Under The God,"12"" Vinyl",Yes,Mind Control,MIND738,2020,USA,Unofficial Release - limited to 500 copies,Yes,https://www.discogs.com/release/15743690-Tin-Machine-Live-At-Budokan-1992-FM-Broadcast, $25.00 ,15743690,,15743690
Tin Machine,Under The God,"12"" Vinyl",Yes,EMI USA,E1-91990,1989,USA,Stock Copy - Specialty Pressing,No,https://www.discogs.com/release/1865304-Tin-Machine-Tin-Machine, $25.00 ,1865304,,1865304
Tin Machine,You Belong In Rock 'N' Roll,"7"" Vinyl",Yes,EMI USA,MTPD 76,1989,USA,Shaped Picture Disc,No,https://www.discogs.com/release/1370199-Tin-Machine-Prisoner-Of-Love, $25.82 ,1370199,,1370199
Tin Machine,You Belong In Rock 'N' Roll,"7"" Vinyl",N/A,EMI,DIF 528,1989,USA,Promo,No,https://www.discogs.com/release/5816026-Tin-Machine-Great-White-Debajo-De-Dios-Under-The-God-Una-Vez-Golpeado-Doblemente-Avergonzado-Once-Bi, $32.00 ,5816026,,5816026
Tin Machine,You Belong In Rock N' Roll,"12"" Vinyl",Yes,Victory / London Records,828 328-1,1992,USA,Stock Copy,No,https://www.discogs.com/release/2894550-Tin-Machine-Live-Oy-Vey-Baby, $161.39 ,2894550,,2894550
Tin Machine ,Oy Vey Baby,CD,Yes,London Records / Victory,INT 869 403-2,1991,USA,Single,No,https://www.discogs.com/release/2787857-Tin-Machine-You-Belong-In-Rock-N-Roll, $4.20 ,2787857,,2787857
Tin Machine ,Oy Vey Baby,CD,Yes,Victory,314 511 216-2,1991,USA,Jewel Case,No,https://www.discogs.com/release/1140846-Tin-Machine-Tin-Machine-II, $6.15 ,1140846,,1140846
Tin Machine ,Tin Machine II,CD,Yes,Victory,314 511 216-2,1991,USA,Jewel Case,No,https://www.discogs.com/release/1140846-Tin-Machine-Tin-Machine-II, $6.15 ,1140846,,1140846
Tin Machine ,Tin Machine II,CD,Yes,Music On CD,MOCCD13972,2020,USA,Reissue,No,https://www.discogs.com/release/15637426-Tin-Machine-Tin-Machine-II, $11.10 ,15637426,,15637426
Tin Machine ,Tin Machine II,CD,Yes,Victory,383 480 004-2,1992,USA,,No,https://www.discogs.com/release/728287-Tin-Machine-Live-Oy-Vey-Baby, $14.25 ,728287,,728287
Tin Machine ,Tin Machine II,CD,Yes,Victory,383 480 004-2,1992,USA,,No,https://www.discogs.com/release/728287-Tin-Machine-Live-Oy-Vey-Baby, $14.25 ,728287,,728287
Tin Machine ,You Belong In Rock N' Roll,CD,Yes,Victory,314 511 575-2,1991,USA,Digipak,Yes,https://www.discogs.com/release/1102945-Tin-Machine-Tin-Machine-II, $15.74 ,1102945,,1102945
Titus Groan,Titus Groan,"12"" Vinyl",Yes,Dawn,DNLS 3012,1970,USA,Original Pressing,No,https://www.discogs.com/release/3179605-Titus-Groan-Titus-Groan, $210.52 ,3179605,,3179605
Toto,Dune (Original Soundtrack Recording),"12"" Vinyl",Yes,Polydor,823 770-1,1984,USA,Stock Copy,No,https://www.discogs.com/release/10627088-Toto-Dune-Original-Soundtrack-Recording, $24.99 ,10627088,,10627088
Traffic,Shoot Out At The Fantasy Factory,"12"" Vinyl",Yes,Island Records,90027-1,1988,USA,Reissue,No,https://www.discogs.com/release/12565277-Traffic-Shoot-Out-At-The-Fantasy-Factory, $3.48 ,12565277,,12565277
Trapeze,Medusa,"12"" Vinyl",Yes,Threshold,THS 4,1970,USA,,No,https://www.discogs.com/release/2595773-Trapeze-Medusa, $24.99 ,2595773,,2595773
Traveling Wilburys,Handle With Care (Extended Version),"10"" Vinyl",Yes,Wilburn Records / Warner Bros. Records,W7732 TE,1988,USA,,No,https://www.discogs.com/release/2929685-Traveling-Wilburys-Handle-With-Care-Extended-Version, $12.66 ,2929685,,2929685
Traveling Wilburys,Vol. 3,"12"" Vinyl",Yes,Warner Bros. Records,9 26324-1,1990,USA,,Yes,https://www.discogs.com/release/10742180-Traveling-Wilburys-Vol-3, $64.45 ,10742180,,10742180
Tropea,Short Trip To Space,"12"" Vinyl",Yes,Marlin,MARLIN 2204,1977,USA,,No,https://www.discogs.com/release/715023-Tropea-Short-Trip-To-Space, $20.50 ,715023,,715023
Type O Negative,Dead Again,CD / DVD,Yes,Steamhammer / SPV USA,SPV 99198,2008,USA,,No,https://www.discogs.com/release/2408050-Type-O-Negative-Dead-Again, $24.09 ,2408050,,2408050
Ultimate Spinach,Behold & See,"12"" Vinyl",Yes,MGM Records,SE-4518,1968,USA,MGM Pressing,No,https://www.discogs.com/release/1972400-Ultimate-Spinach-Ultimate-Spinach, $29.99 ,1972400,,1972400
Ultimate Spinach,Ultimate Spinach,"12"" Vinyl",Yes,MGM Records,SE-4570,1968,USA,Some writing on the cover,No,https://www.discogs.com/release/1922050-Ultimate-Spinach-Behold-See, $45.00 ,1922050,,1922050
Unknown Artist,Sounds Like Bowie,"12"" Vinyl",Yes,Tabak Marketing Ltd.,TAB 00035,1993,USA,Picture Disc,No,https://www.discogs.com/release/3763781-Unknown-Artist-Sounds-Like-Bowie, $6.33 ,3763781,,3763781
Uriah Heep,Demons And Wizards,"12"" Vinyl",Yes,Mercury / Bronze,SRM-1-630,1972,USA,,No,https://www.discogs.com/release/4240960-Uriah-Heep-Demons-And-Wizards, $10.00 ,4240960,,4240960
Van Der Graaf Generator,Godbluff,"12"" Vinyl",Yes,Charisma,CAS 1027,1976,USA,Reissue,No,https://www.discogs.com/release/2561198-Van-Der-Graaf-Generator-H-To-He-Who-Am-The-Only-One, $27.97 ,2561198,,2561198
Van Der Graaf Generator,H To He Who Am The Only One,"12"" Vinyl",Yes,Charisma,CAS 1109,1975,USA,Side A & B Arun Cut,No,https://www.discogs.com/release/540750-Van-Der-Graaf-Generator-Godbluff, $29.23 ,540750,,540750
Van Der Graaf Generator,H To He Who Am The Only One,"12"" Vinyl",Yes,ABC Dunhill,DS-50097,1974,USA,Reissue,No,https://www.discogs.com/release/5798164-Van-Der-Graaf-Generator-H-To-He-Who-Am-The-Only-One, $29.99 ,5798164,,5798164
Van Der Graaf Generator,The Aerosol Grey Machine,"12"" Vinyl",Yes,Mercury,SRM-1-1116,1976,USA,,No,https://www.discogs.com/release/1167294-Van-Der-Graaf-Generator-World-Record, $18.99 ,1167294,,1167294
Van Der Graaf Generator,World Record,"12"" Vinyl",Yes,Mercury,SR-61238,1969,USA,,No,https://www.discogs.com/release/4098891-Van-Der-Graaf-Generator-The-Aerosol-Grey-Machine, $242.64 ,4098891,,4098891
Various Artists,20 Explosive Dynamic Super Smash Hit Explosions!,VHS,Yes,Atlantic,52001-3,1995,USA,NTSC,No,https://www.discogs.com/release/13416854-Various-Encomium-A-Tribute-To-Led-Zeppelin, $30.00 ,13416854,,13416854
Various Artists,2001: A Space Odyssey (Music From The Motion Picture Sound Track),CD,Yes,Columbia,CK 69440,1998,USA,,No,https://www.discogs.com/release/1964272-Various-Armageddon-The-Album, $1.27 ,1964272,,1964272
Various Artists,4 Sucessos Internacionais,Cassette,Yes,EMI America,4XV-17182,1986,USA,Dolby HX Pro,No,https://www.discogs.com/release/4479340-Various-Absolute-Beginners-The-Musical-Songs-From-The-Original-Motion-Picture, $2.00 ,4479340,,4479340
Various Artists,"99X Live X IV ""Home""","12"" Vinyl",Yes,Atlantic Records,81273-1-E,1985,USA,,No,https://www.discogs.com/release/1453798-Various-White-Nights-Original-Motion-Picture-Soundtrack, $2.07 ,1453798,,1453798
Various Artists,Absolute Beginners,"12"" Vinyl",Yes,Windham Hill Records,WH-1048,1986,USA,,No,https://www.discogs.com/release/23555831-Various-Windham-Hill-Records-Sampler-86, $2.21 ,23555831,,23555831
Various Artists,Absolute Beginners - The Musical (Songs From The Original Motion Picture),CD,Yes,Rhino Records,R2 78264,2001,USA,,No,https://www.discogs.com/release/6187430-Jools-Holland-His-Rhythm-Blues-Orchestra-Jools-Hollands-Big-Band-Rhythm-Blues, $2.96 ,6187430,,6187430
Various Artists,Absolute Beginners - The Musical (Songs From The Original Motion Picture),"12"" Vinyl",Yes,EMI America,SV-17182,1986,USA,Stock Copy,No,https://www.discogs.com/release/2613858-Various-Absolute-Beginners-The-Musical-Songs-From-The-Original-Motion-Picture, $3.98 ,2613858,,2613858
Various Artists,Armageddon (The Album),"12"" Vinyl",Yes,EMI America,SV-17182,1986,USA,Stock Copy,No,https://www.discogs.com/release/2613858-Various-Absolute-Beginners-The-Musical-Songs-From-The-Original-Motion-Picture, $3.98 ,2613858,,2613858
Various Artists,Arnold Layne,"12"" Vinyl",Yes,Cotillion,SD 9037,1970,USA,,No,https://www.discogs.com/release/3044093-Various-Original-Motion-Picture-Sound-Track-Homer, $4.00 ,3044093,,3044093
Various Artists,Beside Bowie: The Mick Ronson Story (The Soundtrack),"12"" Vinyl",Yes,Disneyland,3910,1969,USA,Red Label,No,https://www.discogs.com/release/13677508-Unknown-Artist-Walt-Disneys-Story-And-Songs-From-Peter-Pan, $4.00 ,13677508,,13677508
Various Artists,Bossa Novaville,"12"" Vinyl",Yes,Warner Bros. Records,PRO 540,1972,USA,Original Pressing,No,https://www.discogs.com/release/3712954-Various-Days-Of-Wine-And-Vinyl, $4.99 ,3712954,,3712954
Various Artists,Carte Blanche Volume 2,"12"" Vinyl",Yes,Disneyland,ST 3922,1964,USA,,No,https://www.discogs.com/release/11631055-Robert-B-Sherman-Richard-M-Sherman-Marni-Nixon-Richard-M-Sherman-Dal-McKennon-Bill-Lee-The-Story-And, $5.00 ,11631055,,11631055
Various Artists,Days Of Wine And Vinyl,"7"" Vinyl",Yes,RCA Victor,102.8014,1977,USA,Filed under David Bowie,No,https://www.discogs.com/release/6376506-Various-4-Sucessos-Internacionais, $5.99 ,6376506,,6376506
Various Artists,Death Wish II (Original Motion Picture Soundtrack),"12"" Vinyl",Yes,TVT Records,TVT 1300,1986,USA,,No,https://www.discogs.com/release/2913046-Various-Televisions-Greatest-Hits-Volume-II-65-More-TV-Themes-From-The-50s-60s, $5.99 ,2913046,,2913046
Various Artists,Duets,"12"" Vinyl",Yes,Ode Records,R1 71112,1983,USA,,No,https://www.discogs.com/release/1872526-Various-The-Rocky-Horror-Picture-Show-The-Original-Audience-Par-Tic-I-Pation-Album, $6.00 ,1872526,,1872526
Various Artists,Encomium: A Tribute To Led Zeppelin,CD,Yes,Capitol Records,CDP 7243 8 53410 2 1,1997,USA,Ultra-Lounge Volume Fourteen,No,https://www.discogs.com/release/1469862-Various-Bossa-Novaville, $7.00 ,1469862,,1469862
Various Artists,Fatal Attraction (Original Motion Picture Soundtrack),"12"" Vinyl",Yes,MGM Records,SIE 13 ST,1968,USA,Original Pressing,No,https://www.discogs.com/release/1893908-Various-2001-A-Space-Odyssey-Music-From-The-Motion-Picture-Sound-Track, $7.17 ,1893908,,1893908
Various Artists,French Disco Boogie Sounds Vol. 3 (1977-1987),"12"" Vinyl",Yes,Swan Song,SS 8511,1982,USA,,No,https://www.discogs.com/release/6701297-Jimmy-Page-Death-Wish-II-The-Original-Soundtrack, $7.67 ,6701297,,6701297
Various Artists,Get Crazy (Origina Motion Picture Soundtrack),"7"" Vinyl",Yes,Decca,FR 13864,1979,USA,Solid Centre,No,https://www.discogs.com/release/6984350-Various-The-London-Boys, $7.91 ,6984350,,6984350
Various Artists,Home (Original Motion Picture Soundtrack),"12"" Vinyl",Yes,Mercury,SRD-2-29,1970,USA,,No,https://www.discogs.com/release/1442623-Various-Zig-Zag-Festival, $7.99 ,1442623,,1442623
Various Artists,Jools Holland & His Rhythm & Blues Orchestra,"12"" Vinyl",Yes,Elephant Records,ELA 7000,1975,USA,,No,https://www.discogs.com/release/1872587-The-Rocky-Horror-Show-Original-Australian-Cast-The-Rocky-Horror-Show-Original-Australian-Cast-Album, $8.00 ,1872587,,1872587
Various Artists,Just A Gigolo (The Original Soundtrack),"12"" Vinyl",Yes,Ariola,200 462-320,1979,USA,Stock Copy,No,https://www.discogs.com/release/1518828-Various-Schöner-Gigolo-Armer-Gigolo, $8.43 ,1518828,,1518828
Various Artists,Kraut Rock (German Rock Scene),"12"" Vinyl",Yes,Ariola,200 462-320,1979,USA,Stock Copy,No,https://www.discogs.com/release/1518828-Various-Schöner-Gigolo-Armer-Gigolo, $8.43 ,1518828,,1518828
Various Artists,Music For Films III,"12"" Vinyl",Yes,RSO Records,RS-2-42-3,1980,USA,Presswell Pressing,No,https://www.discogs.com/release/1109113-Various-Times-Square, $8.43 ,1109113,,1109113
Various Artists,Perfect Day,"12"" Vinyl",Yes,UK Records,UKAL 1006,1973,USA,,No,https://www.discogs.com/release/1983548-Original-London-Cast-The-Rocky-Horror-Show, $9.99 ,1983548,,1983548
Various Artists,Schoner Gigolo-Armer Gigolo,VHS,Yes,MPI Home Video,MP 1665,1988,USA,NTSC,No,, $10.00 ,,,
Various Artists,Schoner Gigolo-Armer Gigolo,"12"" Vinyl",Yes,Morocco Records,6065CL,1983,USA,,No,https://www.discogs.com/release/4656334-Various-Get-Crazy-Original-Motion-Picture-Soundtrack, $10.76 ,4656334,,4656334
Various Artists,Sid & Nancy: Love Kills (Original Motion Picture Soundtrack),"12"" Vinyl",Yes,Virgin,7 90599-1,1987,USA,Promo stam on back cover,No,https://www.discogs.com/release/1986324-Various-When-The-Wind-Blows-Original-Motion-Picture-Soundtrack, $10.99 ,1986324,,1986324
Various Artists,Songs From The Cool World,"12"" Vinyl",Yes,Music On Vinyl / Masterworks / KRO Records,MOVATM279,2020,USA,"Record Store Day - Dark Red & Black Marbled Vinyl | 2,500 copies",No,https://www.discogs.com/release/16097188-Various-The-Turning-Kates-Diary, $11.70 ,16097188,,16097188
Various Artists,Sonic The Hedgehog Three,"12"" Vinyl",Yes,Warner Bros. Records,BS 2573,1975,USA,Reissue,No,https://www.discogs.com/release/11146418-Various-Stanley-Kubricks-A-Clockwork-Orange, $11.89 ,11146418,,11146418
Various Artists,Stanley Kubrick's Clockwork Orange,"12"" Vinyl",Yes,Ode Records,ODE SP77026,1974,USA,,Yes,https://www.discogs.com/release/1872596-Various-The-Rocky-Horror-Show-Starring-Tim-Curry-And-The-Original-Roxy-Cast, $11.97 ,1872596,,1872596
Various Artists,Television's Greatest Hits 70's & 80's,"12"" Vinyl",Yes,Ode Records,ODE SP77026,1974,USA,,No,https://www.discogs.com/release/1872596-Various-The-Rocky-Horror-Show-Starring-Tim-Curry-And-The-Original-Roxy-Cast, $11.97 ,1872596,,1872596
Various Artists,"Television's Greatest Hits, Volume II","12"" Vinyl",Yes,Music On Vinyl,MOVATM248,2019,USA,# 2899/3000 Copies - Blue Vinyl,Yes,https://www.discogs.com/release/13899181-David-Bowie-Marlene-Dietrich-Just-A-Gigolo-The-Original-Soundtrack, $12.42 ,13899181,,13899181
Various Artists,The Bridge School Concerts Vol. One,"12"" Vinyl",Yes,Universal Music Group International,00600753826324,2018,USA,,No,https://www.discogs.com/release/12110310-Various-Beside-Bowie-The-Mick-Ronson-Story-The-Soundtrack, $14.00 ,12110310,,12110310
Various Artists,The London Boys,"12"" Vinyl",Yes,Pravda Records,PR6338,1991,USA,,No,https://www.discogs.com/release/1412597-Various-20-Explosive-Dynamic-Super-Smash-Hit-Explosions, $14.47 ,1412597,,1412597
Various Artists,The Man Who Fell To Earth,CD,Yes,99X/WNNX,WNNX5,1998,USA,Compilation,No,https://www.discogs.com/release/4620687-Various-99X-Live-X-IV-Home, $14.99 ,4620687,,4620687
Various Artists,The Philips Revolutionaries Sampler,"7"" Vinyl",Yes,EMI,00946 384878 7 6 ,2006,USA,,No,https://www.discogs.com/release/1082937-David-Gilmour-David-Bowie-Richard-Wright-Arnold-Layne, $15.00 ,1082937,,1082937
Various Artists,The Rocky Horror Picture Show,"12"" Vinyl",Yes,MCA Records,MCA-6181,1986,USA,,No,https://www.discogs.com/release/1470599-Various-Sid-Nancy-Love-Kills-Music-From-The-Motion-Picture-Soundtrack, $15.00 ,1470599,,1470599
Various Artists,The Rocky Horror Picture Show (Original Motion Picture Soundtrack),"12"" Vinyl",Yes,Naked Music Recordings,NMLP007,2000,USA,,No,https://www.discogs.com/release/65253-Various-Carte-Blanche-Volume-Two, $15.79 ,65253,,65253
Various Artists,The Rocky Horror Picture Show (Original Motion Picture Soundtrack),"12"" Vinyl",Yes,FastFire Records,FST 7500,1985,USA,Stock Copy,No,https://www.discogs.com/release/11024665-Various-Fatal-Attraction-Original-Motion-Picture-Soundtrack, $15.98 ,11024665,,11024665
Various Artists,The Rocky Horror Picture Show (Original Motion Picture Soundtrack),"12"" Vinyl",Yes,UMC,479 921-2,2016,USA,,No,https://www.discogs.com/release/9370824-Various-The-Man-Who-Fell-To-Earth, $16.78 ,9370824,,9370824
Various Artists,The Rocky Horror Picture Show Audience Par-Tic-I-Pation (Original Motion Picture Soundtrack),"12"" Vinyl",Yes,TVT Records,TVT 1300,1987,USA,,No,https://www.discogs.com/release/2247917-Various-Televisions-Greatest-Hits-70s-80s, $17.55 ,2247917,,2247917
Various Artists,The Rocky Horror Show,"7"" Vinyl",Yes,Chrysalis,NEED 01,1997,USA,Features David Bowie,No,https://www.discogs.com/release/393159-Various-Artists-Perfect-Day-97, $17.72 ,393159,,393159
Various Artists,The Rocky Horror Show (Oringal Australian Cast),"12"" Vinyl",Yes,Ode Records,SP-77031,1975,USA,,No,https://www.discogs.com/release/1223844-The-Rocky-Horror-Picture-Show-Original-Cast-The-Rocky-Horror-Picture-Show, $20.29 ,1223844,,1223844
Various Artists,The Rocky Horror Show (Starring Tim Curry And The Original Roxy Cast),"12"" Vinyl",Yes,Ode Records,OPD 91653,1979,USA,Picture Disc - numbered 14262,No,https://www.discogs.com/release/1973550-Various-The-Rocky-Horror-Picture-Show, $24.08 ,1973550,,1973550
Various Artists,The Rocky Horror Show (Starring Tim Curry And The Original Roxy Cast),"12"" Vinyl",Yes,Ode Records,OPD 91653,1979,USA,Picture Disc - numbered 17963,No,https://www.discogs.com/release/1973550-Various-The-Rocky-Horror-Picture-Show, $24.08 ,1973550,,1973550
Various Artists,The Shining,"12"" Vinyl",Yes,Philips,PROM 3,1970,USA,,No,https://www.discogs.com/release/3384872-Various-The-Philips-Revolutionaries-Sampler, $26.32 ,3384872,,3384872
Various Artists,The Story And Songs From Walt Disney's Mary Poppins,"12"" Vinyl",Yes,Ode Records,OSV-21653,1975,USA,,No,https://www.discogs.com/release/5576539-The-Rocky-Horror-Picture-Show-Original-Cast-The-Rocky-Horror-Picture-Show, $27.25 ,5576539,,5576539
Various Artists,The Turning (Kate's Diary),"12"" Vinyl",Yes,Favorite Recordings,FVR140LP,2018,USA,,No,https://www.discogs.com/release/11576736-Various-French-Disco-Boogie-Sounds-Vol-3-1977-1987, $27.36 ,11576736,,11576736
Various Artists,Times Square (Original Motion Picutre Soundtrack),"12"" Vinyl",Yes,Warner Records,093624898344,2019,USA,Flesh Colored Vinyl,No,https://www.discogs.com/release/14493799-Various-Songs-From-The-Cool-World, $29.82 ,14493799,,14493799
Various Artists,Underworld (Music From The Motion Picture),"12"" Vinyl",Yes,Brain,3/1046,1974,USA,Second Pressing,No,https://www.discogs.com/release/504644-Various-Kraut-Rock-German-Rock-Scene, $37.37 ,504644,,504644
Various Artists,Walt Disney's Story And Songs From Peter Pan,"12"" Vinyl",Yes,Virgin,28VB-1139,1987,USA,Stock Copy - No OBI,No,https://www.discogs.com/release/4395230-Various-When-The-Wind-Blows-Original-Motion-Picture-Soundtrack, $47.68 ,4395230,,4395230
Various Artists,When The Wind Blows (Original Motion Picture Soundtrack),"12"" Vinyl",Yes,Moonshake,MOON 012,2019,USA,Unofficial Release: Red Vinyl,No,https://www.discogs.com/release/13435567-Various-Sonic-The-Hedgehog-Three, $50.00 ,13435567,,13435567
Various Artists,When The Wind Blows (Original Motion Picture Soundtrack),"12"" Vinyl",Yes,Reprise Records,9 46824-1,1997,USA,,No,https://www.discogs.com/release/2356364-Various-The-Bridge-School-Concerts-Vol-One, $55.00 ,2356364,,2356364
Various Artists,White Nights: Original Motion Picture Soundtrack,"12"" Vinyl",Yes,Lakeshore Records,None,2016,USA,Record Store Day #1496 Blue Vinyl,No,https://www.discogs.com/release/9411058-Various-Underworld-Music-From-The-Motion-Picture, $59.00 ,9411058,,9411058
Various Artists,Windham Hill Records Sampler '86,"12"" Vinyl",Yes,Warner Bros. Records,HS 3449,1980,USA,Soundtrack,No,https://www.discogs.com/release/528661-Various-The-Shining-Original-Sound-Track, $100.32 ,528661,,528661
Various Artists,Zig-Zag Festival,"12"" Vinyl",Yes,Opal Records,9 25769-1,1988,USA,Original Pressing,No,"Music For Films III – Vinyl (LP, Album), 1988 [r74518] | Discogs", $15.00 ,74518.00,,74518
"Walker, Scott",Aloner,CD,Yes,Fontana,838 212-2,1991,USA,,No,https://www.discogs.com/release/426793-Scott-Walker-Scott-Walker-Sings-Jacques-Brel, $3.77 ,426793,,426793
"Walker, Scott",And Who Shall Go To The Ball? And What Shall Go To The Ball?,CD,Yes,Empire Musicwerks,545 450 839-2,2006,USA,Compilation,No,https://www.discogs.com/release/4723543-Scott-Walker-Humble-Beginnings-The-Scott-Engel-Sessions, $4.47 ,4723543,,4723543
"Walker, Scott",Bish Bosch,CD,Yes,Fontana,510 879-2,2000,USA,HDCD,No,https://www.discogs.com/release/5176708-Scott-Walker-Scott, $5.16 ,5176708,,5176708
"Walker, Scott",Boy Child - The Best Of 1967-1970,CD,Yes,Fontana,510 882-2,2000,USA,HDCD,No,https://www.discogs.com/release/415068-Scott-Walker-Scott-4, $5.89 ,415068,,415068
"Walker, Scott",Climate Of Hunter,CD,Yes,Fontana,510 880-2,2000,USA,HDCD,No,https://www.discogs.com/release/1788103-Scott-Walker-Scott-2, $6.13 ,1788103,,1788103
"Walker, Scott",Humble Beginnings: The Scott Engel Sessions,CD,Yes,Fontana,510 881-2,2000,USA,HDCD,No,https://www.discogs.com/release/1788115-Scott-Walker-Scott-3, $7.00 ,1788115,,1788115
"Walker, Scott",Pola X,CD,Yes,Virgin,CDVR 2303,2006,USA,Reissue,No,https://www.discogs.com/release/640783-Scott-Walker-Climate-Of-Hunter, $8.16 ,640783,,640783
"Walker, Scott",Scott,CD,Yes,4AD,CAD3220CD,2012,USA,Slipcase,No,https://www.discogs.com/release/4045296-Scott-Walker-Bish-Bosch, $8.82 ,4045296,,4045296
"Walker, Scott",Scott 2,CD,Yes,4AD,CAD 2603 CD,2006,USA,,No,https://www.discogs.com/release/1159374-Scott-Walker-The-Drift, $10.00 ,1159374,,1159374
"Walker, Scott",Scott 3,CD,Yes,4AD,TAD 2731 CD,2007,USA,"Limited edition of 2,000 copies",No,https://www.discogs.com/release/1083349-Scott-Walker-And-Who-Shall-Go-To-The-Ball-And-What-Shall-Go-To-The-Ball, $10.29 ,1083349,,1083349
"Walker, Scott",Scott 4,CD,Yes,BGO Records,BGOCD358,1997,USA,Compilation includes two albums,No,https://www.discogs.com/release/1150770-Scott-Walker-Stretch-We-Had-It-All, $10.95 ,1150770,,1150770
"Walker, Scott",Scott Walker Sings Jacques Brel,CD,Yes,BGO Records,BGOCD320,1996,USA,Reissue,No,https://www.discogs.com/release/1306298-Scott-Walker-Til-The-Band-Comes-In, $13.64 ,1306298,,1306298
"Walker, Scott",Stretch / We Had It All,"12"" Vinyl",Yes,Fontana / UMC,389 083-9,2022,USA,Record Store Day - White Vinyl,No,https://www.discogs.com/release/22965146-Scott-Walker-Boy-Child-The-Best-Of-1967-1970, $20.00 ,22965146,,22965146
"Walker, Scott",The Drift,"12"" Vinyl",Yes,Philips,6308 127,1972,USA,,No,https://www.discogs.com/release/1725034-Scott-Walker-The-Moviegoer, $22.78 ,1725034,,1725034
"Walker, Scott",The Drift,"12"" Vinyl",Yes,Smash Records,SRS 67099,1967,USA,,No,https://www.discogs.com/release/3314912-Scott-Walker-Aloner, $23.50 ,3314912,,3314912
"Walker, Scott",The Moviegoer,"12"" Vinyl",Yes,4AD,cad 2603,2006,USA,Original Pressing,No,https://www.discogs.com/release/1594033-Scott-Walker-The-Drift, $30.48 ,1594033,,1594033
"Walker, Scott",Til The Band Comes In,CD,Yes,Barclay,547 608-2,1999,USA,,No,https://www.discogs.com/release/1195716-Scott-Walker-Pola-X, $36.07 ,1195716,,1195716
"Walker, Scott & Sunn O)))",Soused,CD,Yes,4AD,CAD3428CD,2014,USA,,No,https://www.discogs.com/release/6582391-Scott-Walker-Sunn-O-Soused, $10.00 ,6582391,,6582391
"Waters, Roger",In The Flesh,VHS,Yes,PolyGram Music Video,082 649-3,1990,USA,NTSC,No,https://www.discogs.com/release/4735044-Roger-Waters-The-Wall-Live-In-Berlin, $3.00 ,4735044,,4735044
"Waters, Roger",In The Flesh - Live,DVD,Yes,Columbia Music Video,CVD 54185,2000,USA,NTSC,No,https://www.discogs.com/release/2133924-Roger-Waters-In-The-Flesh-Live, $6.00 ,2133924,,2133924
"Waters, Roger",The Pros And Cons Of Hitch Hiking,DVD,Yes,Mercury / Universal,B0000369-09,2003,USA,NTSC,No,https://www.discogs.com/release/5573768-Roger-Waters-The-Wall-Live-In-Berlin, $7.99 ,5573768,,5573768
"Waters, Roger",The Wall Live In Berlin,VHS,Yes,SMV Enterprises,9V 49148,1992,USA,NTSC,No,https://www.discogs.com/release/3324891-Roger-Waters-What-God-Wants-Part-1, $9.00 ,3324891,,3324891
"Waters, Roger",The Wall: Live In Berlin,"12"" Vinyl",Yes,Columbia,PC 39290,1984,USA,Censored Cover,No,https://www.discogs.com/release/4068303-Roger-Waters-The-Pros-And-Cons-Of-Hitch-Hiking, $33.08 ,4068303,,4068303
"Waters, Roger","What God Wants, Part 1",SACD,Yes,Columbia,C2S 85235,2000,USA,,No,https://www.discogs.com/release/2758004-Roger-Waters-In-The-Flesh, $56.45 ,2758004,,2758004
Weather Report,Sweetnighter,"12"" Vinyl",Yes,Columbia,KC 32210,1973,USA,,No,https://www.discogs.com/release/481001-Weather-Report-Sweetnighter, $7.50 ,481001,,481001
White Zombie,La Sexorcisto: Devil Music Vol. 1,CD,Yes,Geffen Records,GEFD-24460,1992,USA,,No,https://www.discogs.com/release/367325-White-Zombie-La-Sexorcisto-Devil-Music-Vol-1, $4.50 ,367325,,367325
White Zombie,Le Sexorcisto: Devil Music Vol. 1,CD,Yes,Geffen Records,GEFDM-21817,1992,USA,CD Single,No,https://www.discogs.com/release/112827-White-Zombie-Nightcrawlers-The-KMFDM-Remixes, $5.00 ,112827,,112827
White Zombie,Nightcrawlers: The KMFDM Remixes,"12"" Vinyl",Yes,Geffen Records,GEF-24460,1992,USA,Glow In The Dark Vinyl,No,https://www.discogs.com/release/1207381-White-Zombie-La-Sexorcisto-Devil-Music-Vol-1, $207.27 ,1207381,,1207381
"White, Lenny",Venusian Summer,"12"" Vinyl",Yes,Nemperor Records,NE 435,1975,USA,,No,https://www.discogs.com/release/991977-Lenny-White-Venusian-Summer, $10.32 ,991977,,991977
"Wright, Frank",One For John,"12"" Vinyl",Yes,BYG Records,529 336,1970,USA,Actuel - 36,No,https://www.discogs.com/release/1377385-Frank-Wright-One-For-John, $57.42 ,1377385,,1377385
"Wyatt, Robert",Robert Wyatt Box Set,"12"" Vinyl",Yes,Rough Trade,RT 115T,1982,USA,,No,https://www.discogs.com/release/468334-Robert-Wyatt-Shipbuilding-Memories-Of-You-Round-Midnight, $8.88 ,468334,,468334
"Wyatt, Robert",Rock Bottom,"12"" Vinyl",Yes,Virgin,VR 13-112,1974,USA,Monarch Presing,No,https://www.discogs.com/release/1350746-Robert-Wyatt-Rock-Bottom, $48.68 ,1350746,,1350746
"Wyatt, Robert",Shipbuilding / Memories Of You / Round Midnight,CD,Yes,Domino,DNO 243,2009,USA,Box Set,No,https://www.discogs.com/release/14806487-Robert-Wyatt-Robert-Wyatt-Box-Set, $172.68 ,14806487,,14806487
Y Kant Tori Read,Y Kant Tori Read,"12"" Vinyl",Yes,Atlantic,81845-1,1988,USA,,No,https://www.discogs.com/release/732603-Y-Kant-Tori-Read-Y-Kant-Tori-Read, $50.00 ,732603,,732603
"Yankovic, ""Weird Al""",Dare To Be Stupid,"12"" Vinyl",Yes,Rock 'N' Roll Records,FZ 40033,1985,USA,,No,https://www.discogs.com/release/1339679-Weird-Al-Yankovic-Dare-To-Be-Stupid, $29.99 ,1339679,,1339679
"Yankovic, ""Weird Al""",In 3-D,"12"" Vinyl",Yes,Rock 'N' Roll Records,BFZ 39221,1984,USA,,No,https://www.discogs.com/release/584107-Weird-Al-Yankovic-In-3-D, $20.00 ,584107,,584107
Yngwie J. Malmsteen's Rising Force,Odyssey,"12"" Vinyl",Yes,Polydor,835 451-1,1988,USA,Club Edition,No,https://www.discogs.com/release/19399384-Yngwie-J-Malmsteens-Rising-Force-Odyssey, $25.99 ,19399384,,19399384
"Young, Kristeen",Enemy,CD,Yes,Test Tube Baby,None,2006,USA,,Yes,https://www.discogs.com/release/1905756-Kristeen-Young-The-Orphans, $3.96 ,1905756,,1905756
"Young, Kristeen",The Beauty Shop,"12"" Vinyl",Yes,Test Tube Baby,None,2014,Venezuela,,No,https://www.discogs.com/release/5706109-Kristeen-Young-The-Knife-Shift, $18.99 ,5706109,,5706109
"Young, Kristeen",The Kife Shift,Cassette,Yes,Test Tube Baby,None,2019,Venezuela,,Yes,https://www.discogs.com/release/14103303-Kristeen-Young-The-SubSet, $20.00 ,14103303,,14103303
"Young, Kristeen",The Orphans,CDR,Yes,Test Tube Baby,None,1999,Venezuela,Autographed copy purchased directly from artist,No,https://www.discogs.com/release/4098891-Van-Der-Graaf-Generator-The-Aerosol-Grey-Machine, $25.00 ,4098891,,4098891
"Young, Kristeen",The SubSet,"12"" Vinyl",Yes,TVPI,33,2022,Yugoslavia,,No,https://www.discogs.com/release/25655599-Kristeen-Young-The-Beauty-Shop, $60.00 ,25655599,,25655599
"Zimmerman, Tucker",Ten Songs,"12"" Vinyl",Yes,Festival Records,"SFL-933,563",1969,Yugoslavia,,No,https://www.discogs.com/release/11549753-Tucker-Zimmerman-Ten-Songs, $98.73 ,11549753,,11549753
"Zombie, Rob",The Sinister Urge,CD,Yes,Geffen Records,069493147-2,2001,Yugoslavia,,No,https://www.discogs.com/release/367683-Rob-Zombie-The-Sinister-Urge, $3.90 ,367683,,367683