id,artist,title,country,discogs_release_id,discogs_url,cover_url
"18","Amos, Tori","1000 Oceans","Australia","1436227","https://www.discogs.com/release/1436227-Tori-Amos-Strange-Little-Girls","https://i.discogs.com/wkeV57kPc8yii5Dw6Pbee2d4iiPR5jsQQZJ_NoPJhSw/rs:fit/g:sm/q:90/h:585/w:600/czM6Ly9kaXNjb2dz/LWRhdGFiYXNlLWlt/YWdlcy9SLTE0MzYy/MjctMTIxOTU3NzE3/NS5qcGVn.jpeg"
"19","Amos, Tori","1000 Oceans","Australia","1268739","https://www.discogs.com/release/1268739-Tori-Amos-The-Beekeeper","https://i.discogs.com/fBgdoQ0E0EKAjwyCYnD33oAuodQmCoBtS3-xer6Xjsg/rs:fit/g:sm/q:90/h:497/w:500/czM6Ly9kaXNjb2dz/LWRhdGFiYXNlLWlt/YWdlcy9SLTEyNjg3/MzktMTIyMDE1Mjcz/Ni5qcGVn.jpeg"
"33","Amos, Tori","From The Choirgirl Hotel","Australia","2635884","https://www.discogs.com/release/2635884-Tori-Amos-Bliss","https://i.discogs.com/7EZ70LY9hXVRMCj0LP6PUxgyjj8HepZVJh3I12kBzAA/rs:fit/g:sm/q:90/h:549/w:600/czM6Ly9kaXNjb2dz/LWRhdGFiYXNlLWlt/YWdlcy9SLTI2MzU4/ODQtMTQ1NTU3MDE4/MS0xMDM5LmpwZWc.jpeg"
"35","Amos, Tori","Glory Of The 80's","Australia","166955","https://www.discogs.com/release/166955-Tori-Amos-Raspberry-Swirl","https://i.discogs.com/ylnS5_JNvFoC_O0UQKGRls4ibkuzaq4ez3t29caqwAU/rs:fit/g:sm/q:90/h:506/w:600/czM6Ly9kaXNjb2dz/LWRhdGFiYXNlLWlt/YWdlcy9SLTE2Njk1/NS0xNDI5MjU2MTcx/LTQ4NzAuanBlZw.jpeg"
"24","Amos, Tori","American Doll Posse","Australia","1774934","https://www.discogs.com/release/1774934-Tori-Amos-Spark","https://i.discogs.com/lKOvN97W6IjhOJk89DmASa82e9MQGryIqkwy7PouNIA/rs:fit/g:sm/q:90/h:519/w:600/czM6Ly9kaXNjb2dz/LWRhdGFiYXNlLWlt/YWdlcy9SLTE3NzQ5/MzQtMTcyNjUwNjA1/Mi00NzQ0LmpwZWc.jpeg"
"15","Allen, Daevid","The Death Of Rock & Other Entrances","Argentina","2486018","https://www.discogs.com/release/2486018-Daevid-Allen-Banana-Moon","https://i.discogs.com/jarg1v0RkqjxmFhoOV1OFAG-zCnO33mrOrQQ9qpSIfU/rs:fit/g:sm/q:90/h:600/w:598/czM6Ly9kaXNjb2dz/LWRhdGFiYXNlLWlt/YWdlcy9SLTI0ODYw/MTgtMTQxMDg5ODY3/Mi05MDE2LmpwZWc.jpeg"
"26","Amos, Tori","American Doll Posse","Australia","1436211","https://www.discogs.com/release/1436211-Tori-Amos-Strange-Little-Girls","https://i.discogs.com/2b1gpUIl4IrjfgX5n-8djuqjLrXpuMRs7COlQu8Fckw/rs:fit/g:sm/q:90/h:600/w:600/czM6Ly9kaXNjb2dz/LWRhdGFiYXNlLWlt/YWdlcy9SLTE0MzYy/MTEtMTIxOTU3NjMw/Ny5qcGVn.jpeg"
"28","Amos, Tori","Bliss","Australia","283714","https://www.discogs.com/release/283714-Tori-Amos-Cruel-Raspberry-Swirl","https://i.discogs.com/_9HCbCNK-I44s8i3uFMz_e9UP0M8LS8vrG5j7jvYigk/rs:fit/g:sm/q:90/h:528/w:600/czM6Ly9kaXNjb2dz/LWRhdGFiYXNlLWlt/YWdlcy9SLTI4Mzcx/NC0xMjA0OTEyMTEw/LmpwZWc.jpeg"
"30","Amos, Tori","Concertina","Australia","1541935","https://www.discogs.com/release/1541935-Tori-Amos-Strange-Little-Girls","https://i.discogs.com/ejRucuWSJd7ixG7-Ys-_oDHLwX7rZLBdELROGcyKJgs/rs:fit/g:sm/q:90/h:594/w:600/czM6Ly9kaXNjb2dz/LWRhdGFiYXNlLWlt/YWdlcy9SLTE1NDE5/MzUtMTQ1MzMyMjk4/OC0zOTQ5LmpwZWc.jpeg"
"5","Allen, Daevid","Banana Moon","Argentina","528062","https://www.discogs.com/release/528062-Daevid-Allen-With-Planet-Gong-Opium-For-The-People","https://i.discogs.com/RkMbyAR4fDf7G5R-T6F-0bzdBBMtBY9NAVweVX2ZcqA/rs:fit/g:sm/q:90/h:596/w:600/czM6Ly9kaXNjb2dz/LWRhdGFiYXNlLWlt/YWdlcy9SLTUyODA2/Mi0xNDQ1MDc4OTIz/LTc2NTguanBlZw.jpeg"
"45","Amos, Tori","Raspberry Swirl","Australia","3880234","https://www.discogs.com/release/3880234-Tori-Amos-Live-At-Montreux-1991-1992","https://i.discogs.com/7hrAZHfhVQwo6JI6NFuEpshXAFCanzXNDCNXs0iNf1o/rs:fit/g:sm/q:90/h:465/w:328/czM6Ly9kaXNjb2dz/LWRhdGFiYXNlLWlt/YWdlcy9SLTM4ODAy/MzQtMTM0Nzg4Nzgx/MS05MDM1LmpwZWc.jpeg"
"47","Amos, Tori","Sleeps With Butterflies","Australia","4237026","https://www.discogs.com/release/4237026-Tori-Amos-1000-Oceans",""
"51","Amos, Tori","Spark","Australia","1197002","https://www.discogs.com/release/1197002-Tori-Amos-Concertina",""
"53","Amos, Tori","Strange Little Girls","Australia","871906","https://www.discogs.com/release/871906-Tori-Amos-Special-3-Track-Radio-Sampler",""
"63","Amos, Tori","Under The Pink","Australia","1478859","https://www.discogs.com/release/1478859-Tori-Amos-Boys-For-Pele",""
"41","Amos, Tori","Midwinter Graces","Australia","1457281","https://www.discogs.com/release/1457281-Tori-Amos-Glory-Of-The-80s",""
"49","Amos, Tori","Spark","Australia","4224952","https://www.discogs.com/release/4224952-Tori-Amos-Raspberry-Swirl",""
"55","Amos, Tori","Strange Little Girls","Australia","54599","https://www.discogs.com/release/54599-Tori-Amos-Professional-Widow-Hey-Jupiter",""
"57","Amos, Tori","Strange Little Girls","Australia","1001139","https://www.discogs.com/release/1001139-Tori-Amos-American-Doll-Posse",""
"66","Ancanthus","Le Frisson Des Vampires (Un Film De Jean Rollin, Musique Par Acanthus)","Australia","17670274","https://www.discogs.com/release/17670274-Acanthus-Le-Frisson-Des-Vampires","https://i.discogs.com/nzGMqtxVVD2rkGWoXed9k-7_P5FiNpSDvj_MaSB_aXo/rs:fit/g:sm/q:90/h:600/w:600/czM6Ly9kaXNjb2dz/LWRhdGFiYXNlLWlt/YWdlcy9SLTE3Njcw/Mjc0LTE2MTQ3Nzgy/NDYtODMyNy5qcGVn.jpeg"
"71","Ayers, Kevin","After The Show","Australia","3154559","https://www.discogs.com/release/3154559-Kevin-Ayers-Document-Series-Presents","https://i.discogs.com/l8N9ZpMLTipDZ6oxTN89bTvF-D5MFxJAlfRDcRv96ZE/rs:fit/g:sm/q:90/h:600/w:599/czM6Ly9kaXNjb2dz/LWRhdGFiYXNlLWlt/YWdlcy9SLTMxNTQ1/NTktMTcxNDczMDg4/Ni01NzY0LmpwZWc.jpeg"
"43","Amos, Tori","Raspberry Swirl","Australia","1230804","https://www.discogs.com/release/1230804-Tori-Amos-Spark","https://i.discogs.com/ruhZlp-gfdseO7kJgcgym2T7Cf5ZHh0S1URNzPxheLA/rs:fit/g:sm/q:90/h:528/w:600/czM6Ly9kaXNjb2dz/LWRhdGFiYXNlLWlt/YWdlcy9SLTEyMzA4/MDQtMTIxNzM2ODgy/Mi5qcGVn.jpeg"
"77","Ayers, Kevin","Animals","Australia & New Zealand","921023","https://www.discogs.com/release/921023-Kevin-Ayers-Money-Money-Money",""
"78","Ayers, Kevin","Animals","Belgium","2706902","https://www.discogs.com/release/2706902-Kevin-Ayers-Falling-In-Love-Again-Everyone-Knows-The-Song",""
"82","Ayers, Kevin","Baby Come Home","Belgium","4111224","https://www.discogs.com/release/4111224-Kevin-Ayers-Caribbean-Moon",""
"83","Ayers, Kevin","Banana Follies","Belgium","4111224","https://www.discogs.com/release/4111224-Kevin-Ayers-Caribbean-Moon",""
"84","Ayers, Kevin","Banana Productions (The Best Of Kevin Ayers)","Belgium","1730243","https://www.discogs.com/release/1730243-Kevin-Ayers-Baby-Come-Home",""
"85","Ayers, Kevin","Bananamour","Belgium","7040540","https://www.discogs.com/release/7040540-Kevin-Ayers-Falling-Up",""
"86","Ayers, Kevin","Bananamour","Belgium","2078849","https://www.discogs.com/release/2078849-Kevin-Ayers-Money-Money-Money",""
"87","Ayers, Kevin","Bananamour","Belgium","3441243","https://www.discogs.com/release/3441243-Kevin-Ayers-My-Speeding-Heart-Champagne-And-Valium",""
"88","Ayers, Kevin","Bananamour","Belgium","4220073","https://www.discogs.com/release/4220073-Kevin-Ayers-Joy-Of-A-Toy",""
"89","Ayers, Kevin","Bananamour","Belgium","4672800","https://www.discogs.com/release/4672800-Kevin-Ayers-Thank-You-Very-Much",""
"90","Ayers, Kevin","Bananamour","Belgium","3646113","https://www.discogs.com/release/3646113-Kevin-Ayers-Stepping-Out",""
"91","Ayers, Kevin","Bananamour","Belgium","417129","https://www.discogs.com/release/417129-Kevin-Ayers-Yes-We-Have-No-Mañanas-So-Get-Your-Mañanas-Today",""
"92","Ayers, Kevin","Bananamour","Belgium","417129","https://www.discogs.com/release/417129-Kevin-Ayers-Yes-We-Have-No-Mañanas-So-Get-Your-Mañanas-Today",""
"93","Ayers, Kevin","Bananamour","Belgium","417129","https://www.discogs.com/release/417129-Kevin-Ayers-Yes-We-Have-No-Mañanas-So-Get-Your-Mañanas-Today",""
"94","Ayers, Kevin","Bananamour","Belgium","11169549","https://www.discogs.com/release/11169549-Kevin-Ayers-Sweet-Deceiver",""
"95","Ayers, Kevin","Bananamour","Brazil","10546926","https://www.discogs.com/release/10546926-Kevin-Ayers-Caribbean-Moon",""
"97","Ayers, Kevin","BBC Radio 1 Live In Concert","Brazil","3407822","https://www.discogs.com/release/3407822-Kevin-Ayers-Falling-In-Love-Again-The-Owl",""
"98","Ayers, Kevin","BBC Sessions 1970-1972","Brazil","1248166","https://www.discogs.com/release/1248166-Kevin-Ayers-Whatevershebringswesing",""
"99","Ayers, Kevin","Butterfly Dance","Brazil","10957189","https://www.discogs.com/release/10957189-Kevin-Ayers-The-Confessions-Of-Dr-Dream-And-Other-Stories",""
"100","Ayers, Kevin","Butterfly Dance","Brazil","1900940","https://www.discogs.com/release/1900940-Kevin-Ayers-First-Show-In-The-Appearance-Business-The-BBC-Sessions-1973-76",""
"101","Ayers, Kevin","Butterfly Dance","Brazil","10230080","https://www.discogs.com/release/10230080-Kevin-Ayers-Champagne-And-Valium-My-Speeding-Heart",""
"103","Ayers, Kevin","Caribbean Moon","Brazil","1755917","https://www.discogs.com/release/1755917-Kevin-Ayers-The-Kevin-Ayers-Collection",""
"104","Ayers, Kevin","Caribbean Moon","Brazil","5298202","https://www.discogs.com/release/5298202-Kevin-Ayers-Stop-Playing-With-My-Heart-Champagne-And-Valium",""
"106","Ayers, Kevin","Caribbean Moon","Brazil","3656528","https://www.discogs.com/release/3656528-Kevin-Ayers-Am-I-Really-Marcel",""
"107","Ayers, Kevin","Caribbean Moon","Brazil","4568643","https://www.discogs.com/release/4568643-Kevin-Ayers-Money-Money-Money",""
"108","Ayers, Kevin","Caribbean Moon","Brazil","1445555","https://www.discogs.com/release/1445555-Kevin-Ayers-Bananamour",""
"109","Ayers, Kevin","Caribbean Moon","Brazil","1445555","https://www.discogs.com/release/1445555-Kevin-Ayers-Bananamour",""
"110","Ayers, Kevin","Caribbean Moon","Brazil","3369452","https://www.discogs.com/release/3369452-Kevin-Ayers-Whatevershebringswesing",""
"112","Ayers, Kevin","Caribbean Moon","Brazil","2948024","https://www.discogs.com/release/2948024-Kevin-Ayers-Day-By-Day",""
"114","Ayers, Kevin","Caribbean Moon","Canada","8412628","https://www.discogs.com/release/8412628-Kevin-Ayres-As-Close-As-You-Think",""
"117","Ayers, Kevin","Champagne And Valium / My Speeding Heart","Canada","14774387","https://www.discogs.com/release/14774387-Kevin-Ayers-Sweet-Deceiver",""
"118","Ayers, Kevin","Champagne And Valium / My Speeding Heart","Canada","1749834","https://www.discogs.com/release/1749834-Kevin-Ayers-What-More-Can-I-Say-",""
"119","Ayers, Kevin","Day By Day","Canada","3943834","https://www.discogs.com/release/3943834-Kevin-Ayers-Sweet-Deceiver",""
"120","Ayers, Kevin","Deia…Vu","Canada","1473743","https://www.discogs.com/release/1473743-Kevin-Ayers-Thats-What-You-Get-Babe",""
"121","Ayers, Kevin","Deia…Vu","Canada","1822731","https://www.discogs.com/release/1822731-Kevin-Ayers-Singing-The-Bruise-The-BBC-Sessions-1970-72",""
"122","Ayers, Kevin","Deia…Vu","Canada","2559533","https://www.discogs.com/release/2559533-Kevin-Ayers-Money-Money-Money",""
"126","Ayers, Kevin","Diamond Jack And The Queen Of Pain","Canada","4149614","https://www.discogs.com/release/4149614-Kevin-Ayers-Yes-We-Have-No-Mañanas-So-Get-Your-Mañanas-Today",""
"130","Ayers, Kevin","Document Series Presents","Canada","3374032","https://www.discogs.com/release/3374032-Kevin-Ayers-Didnt-Feel-Lonely-Till-I-Thought-Of-You-The-Island-Records-Years",""
"137","Ayers, Kevin","Falling Up","Canada","13402466","https://www.discogs.com/release/13402466-Kevin-Ayers-Odd-Ditties",""
"138","Ayers, Kevin","Falling Up","Canada","13402466","https://www.discogs.com/release/13402466-Kevin-Ayers-Odd-Ditties",""
"139","Ayers, Kevin","Falling Up","Canada","8592014","https://www.discogs.com/release/8592014-Kevin-Ayers-Still-Life-With-Guitars",""
"140","Ayers, Kevin","Falling Up","Canada","1755871","https://www.discogs.com/release/1755871-Kevin-Ayers-Thats-What-You-Get-Babe",""
"141","Ayers, Kevin","Falling Up","Canada","3854270","https://www.discogs.com/release/3854270-Kevin-Ayers-Caribbean-Moon",""
"142","Ayers, Kevin","Falling Up","Canada","7344912","https://www.discogs.com/release/7344912-Kevin-Ayers-Sweet-Deceiver",""
"143","Ayers, Kevin","Falling Up","Canada","5712456","https://www.discogs.com/release/5712456-Kevin-Ayers-Mike-Oldfield-Robert-Wyatt-David-Bedford-Lol-Coxhill-Six-Beautiful-Girls-The-Garden-Of-L",""
"145","Ayers, Kevin","Feeling This Way","Canada","2231443","https://www.discogs.com/release/2231443-Kevin-Ayers-Yes-We-Have-No-Mañanas-So-Get-Your-Mañanas-Today",""
"166","Ayers, Kevin","Money Money Money","Canada","1569955","https://www.discogs.com/release/1569955-Kevin-Ayers-Sweet-Deceiver",""
"167","Ayers, Kevin","Money Money Money","Canada","1569955","https://www.discogs.com/release/1569955-Kevin-Ayers-Sweet-Deceiver",""
"168","Ayers, Kevin","Money Money Money","Canada","13206802","https://www.discogs.com/release/13206802-Kevin-Ayers-The-Kevin-Ayers-Collection",""
"169","Ayers, Kevin","Money Money Money","Canada","6670802","https://www.discogs.com/release/6670802-Kevin-Ayers-After-The-Show",""
"170","Ayers, Kevin","Mr. Cool","Canada","2931730","https://www.discogs.com/release/2931730-Kevin-Ayers-The-Confessions-Of-Dr-Dream-And-Other-Stories",""
"171","Ayers, Kevin","Mr. Cool","Canada","2757410","https://www.discogs.com/release/2757410-Kevin-Ayers-The-Kevin-Ayers-Collection",""
"172","Ayers, Kevin","Mr. Cool","Canada","6885089","https://www.discogs.com/release/6885089-Kevin-Ayers-Sweet-Deceiver",""
"173","Ayers, Kevin","Odd Ditties","Canada","978820","https://www.discogs.com/release/978820-Kevin-Ayers-The-Confessions-Of-Dr-Dream-And-Other-Stories",""
"174","Ayers, Kevin","Odd Ditties","Canada","2200680","https://www.discogs.com/release/2200680-Kevin-Ayers-Diamond-Jack-And-The-Queen-Of-Pain",""
"176","Ayers, Kevin","Odd Ditties","Canada","1790007","https://www.discogs.com/release/1790007-Ayers-And-Archibald-Banana-Follies",""
"178","Ayers, Kevin","Odd Ditties","Canada","2545341","https://www.discogs.com/release/2545341-Kevin-Ayers-And-The-Whole-World-Hyde-Park-Free-Concert-1970",""
"179","Ayers, Kevin","Odd Ditties","Canada","2129518","https://www.discogs.com/release/2129518-Kevin-Ayers-Featuring-Mike-Oldfield-David-Bedford-The-Joy-Of-A-Toy-Shooting-At-The-Moon",""
"180","Ayers, Kevin","Odd Ditties","Canada","5832228","https://www.discogs.com/release/5832228-Kevin-Ayers-The-Up-Song",""
"181","Ayers, Kevin","Odd Ditties","Chilie","2723793","https://www.discogs.com/release/2723793-Kevin-Ayers-Animals",""
"182","Ayers, Kevin","Odd Ditties","Chilie","2723793","https://www.discogs.com/release/2723793-Kevin-Ayers-Animals",""
"187","Ayers, Kevin","Original Album Series","Denmark","1767980","https://www.discogs.com/release/1767980-Kevin-Ayers-The-Wizards-Of-Twiddly-Turn-The-Lights-Down",""
"188","Ayers, Kevin","Puis-Je?","Denmark","1640557","https://www.discogs.com/release/1640557-Kevin-Ayers-Odd-Ditties",""
"189","Ayers, Kevin","Rainbow Takeaway","Denmark","2778156","https://www.discogs.com/release/2778156-Kevin-Ayers-Thats-What-You-Get-Babe",""
"190","Ayers, Kevin","Rainbow Takeaway","Denmark","2778156","https://www.discogs.com/release/2778156-Kevin-Ayers-Thats-What-You-Get-Babe",""
"191","Ayers, Kevin","Rainbow Takeaway","El Salvador","2148643","https://www.discogs.com/release/2148643-Kevin-Ayers-Falling-Up",""
"192","Ayers, Kevin","Rainbow Takeaway","El Salvador","2148643","https://www.discogs.com/release/2148643-Kevin-Ayers-Falling-Up",""
"200","Ayers, Kevin","Shooting At The Moon","EU","764762","https://www.discogs.com/release/764762-Kevin-Ayers-Yes-We-Have-No-Mañanas-So-Get-Your-Mañanas-Today",""
"201","Ayers, Kevin","Shooting At The Moon","EU","4649353","https://www.discogs.com/release/4649353-Kevin-Ayers-Still-Life-With-Guitar",""
"209","Ayers, Kevin","Songs For Insane Times - An Anthology 1969 - 1980","EU","4553576","https://www.discogs.com/release/4553576-Kevin-Ayres-And-The-Whole-World-Stranger-In-Blue-Suede-Shoes",""
"210","Ayers, Kevin","Star","EU","4327096","https://www.discogs.com/release/4327096-Kevin-Ayers-Oh-Wot-A-Dream",""
"211","Ayers, Kevin","Star","EU","4327096","https://www.discogs.com/release/4327096-Kevin-Ayers-Oh-Wot-A-Dream",""
"212","Ayers, Kevin","Stepping Out","EU","15129703","https://www.discogs.com/release/15129703-Kevin-Ayers-Diamond-Jack-And-The-Queen-Of-Pain",""
"213","Ayers, Kevin","Still Life With Guitar","EU","15129703","https://www.discogs.com/release/15129703-Kevin-Ayers-Diamond-Jack-And-The-Queen-Of-Pain",""
"214","Ayers, Kevin","Still Life With Guitar","EU","1494329","https://www.discogs.com/release/1494329-Kevin-Ayers-The-Confessions-Of-Dr-Dream-And-Other-Stories",""
"215","Ayers, Kevin","Still Life With Guitar","EU","1494329","https://www.discogs.com/release/1494329-Kevin-Ayers-The-Confessions-Of-Dr-Dream-And-Other-Stories",""
"216","Ayers, Kevin","Still Life With Guitar","EU","7442198","https://www.discogs.com/release/7442198-Kevin-Ayers-The-Up-Song",""
"217","Ayers, Kevin","Still Life With Guitar","EU","22373764","https://www.discogs.com/release/22373764-Kevin-Ayers-BBC-Sessions-1970-1972",""
"218","Ayers, Kevin","Still Life With Guitar","EU","2164595","https://www.discogs.com/release/2164595-Kevin-Ayers-Caribbean-Moon",""
"219","Ayers, Kevin","Stop Playing With My Heart","EU","5838418","https://www.discogs.com/release/5838418-Kevin-Ayers-Joy-Of-A-Toy",""
"228","Ayers, Kevin","Sweet Deceiver","EU","16052087","https://www.discogs.com/release/16052087-Kevin-Ayers-Featuring-Mike-Oldfield-David-Bedford-The-Joy-Of-A-Toy-Shooting-At-The-Moon",""
"229","Ayers, Kevin","Sweet Deceiver","EU","4294705","https://www.discogs.com/release/4294705-Kevin-Ayers-Joy-Of-A-Toy",""
"230","Ayers, Kevin","Sweet Deceiver","EU","11234920","https://www.discogs.com/release/11234920-Kevin-Ayers-Odd-Ditties",""
"231","Ayers, Kevin","Sweet Deceiver","EU","2804407","https://www.discogs.com/release/2804407-Kevin-Ayers-As-Close-As-You-Think",""
"232","Ayers, Kevin","Sweet Deceiver","EU","3524533","https://www.discogs.com/release/3524533-Kevin-Ayers-Joy-Of-A-Toy",""
"233","Ayers, Kevin","Sweet Deceiver","EU","4065518","https://www.discogs.com/release/4065518-Kevin-Ayers-The-Confessions-Of-Dr-Dream-And-Other-Stories",""
"234","Ayers, Kevin","Sweet Deceiver","EU","4354913","https://www.discogs.com/release/4354913-Kevin-Ayers-Rainbow-Takeaway",""
"235","Ayers, Kevin","Sweet Deceiver","EU","11988642","https://www.discogs.com/release/11988642-Kevin-Ayers-Joy-Of-A-Toy",""
"236","Ayers, Kevin","Sweet Deceiver","EU","27219612","https://www.discogs.com/release/27219612-Kevin-Ayers-As-Close-As-You-Think",""
"237","Ayers, Kevin","Sweet Deceiver","EU","6173489","https://www.discogs.com/release/6173489-Kevin-Ayers-DeiàVu",""
"238","Ayers, Kevin","Sweet Deceiver","EU","9866396","https://www.discogs.com/release/9866396-Kevin-Ayers-Yes-We-Have-No-Mañanas-So-Get-Your-Mañanas-Today",""
"239","Ayers, Kevin","Sweet Deceiver","EU","2412607","https://www.discogs.com/release/2412607-Kevin-Ayers-The-BBC-Sessions-1970-1976",""
"240","Ayers, Kevin","Sweet Deceiver","EU","6863899","https://www.discogs.com/release/6863899-Kevin-Ayers-Stranger-In-Blue-Suede-Shoes",""
"241","Ayers, Kevin","Sweet Deceiver","EU","14850122","https://www.discogs.com/release/14850122-Kevin-Ayers-The-Confessions-Of-Dr-Dream-And-Other-Stories",""
"242","Ayers, Kevin","Thank You Very Much","EU","16269348","https://www.discogs.com/release/16269348-Kevin-Ayers-Odd-Ditties",""
"248","Ayers, Kevin","The BBC Sessions 1970-1976","EU","4065532","https://www.discogs.com/release/4065532-Kevin-Ayers-Yes-We-Have-No-Mañanas-So-Get-Your-Mañanas-Today",""
"252","Ayers, Kevin","The Confessions of Dr. Dream And Other Stories","EU","3755412","https://www.discogs.com/release/3755412-Kevin-Ayers-Still-Life-With-Guitar",""
"253","Ayers, Kevin","The Confessions of Dr. Dream And Other Stories","EU","4215869","https://www.discogs.com/release/4215869-Kevin-Ayers-Butterfly-Dance-Puis-je",""
"254","Ayers, Kevin","The Confessions of Dr. Dream And Other Stories","EU","6233891","https://www.discogs.com/release/6233891-Kevin-Ayers-Bananamour",""
"256","Ayers, Kevin","The Confessions of Dr. Dream And Other Stories","EU","2578012","https://www.discogs.com/release/2578012-Kevin-Ayers-Whatevershebringswesing-Bananamour",""
"257","Ayers, Kevin","The Confessions of Dr. Dream And Other Stories","EU","2196659","https://www.discogs.com/release/2196659-Kevin-Ayers-Whatevershebringswesing",""
"258","Ayers, Kevin","The Confessions of Dr. Dream And Other Stories","EU","1318348","https://www.discogs.com/release/1318348-Kevin-Ayers-Bananamour",""
"259","Ayers, Kevin","The Confessions of Dr. Dream And Other Stories","EU","1569949","https://www.discogs.com/release/1569949-Kevin-Ayers-Bananamour",""
"260","Ayers, Kevin","The Confessions of Dr. Dream And Other Stories","EU","4858901","https://www.discogs.com/release/4858901-Kevin-Ayers-Whatevershebringswesing",""
"261","Ayers, Kevin","The Confessions of Dr. Dream And Other Stories","EU","3867488","https://www.discogs.com/release/3867488-Kevin-Ayers-Odd-Ditties",""
"262","Ayers, Kevin","The Confessions of Dr. Dream And Other Stories","EU","3867488","https://www.discogs.com/release/3867488-Kevin-Ayers-Odd-Ditties",""
"263","Ayers, Kevin","The Confessions of Dr. Dream And Other Stories","EU","4062893","https://www.discogs.com/release/4062893-Kevin-Ayers-Sweet-Deceiver",""
"265","Ayers, Kevin","The Confessions of Dr. Dream And Other Stories","EU","7149954","https://www.discogs.com/release/7149954-Kevin-Ayers-Whatevershebringswesing",""
"267","Ayers, Kevin","The Garden Of Love","EU","4461062","https://www.discogs.com/release/4461062-Kevin-Ayers-Bananamour",""
"271","Ayers, Kevin","The Radio Sessions","EU","6127439","https://www.discogs.com/release/6127439-Kevin-Ayers-Bananamour",""
"272","Ayers, Kevin","The Unfairground","EU","3796581","https://www.discogs.com/release/3796581-Kevin-Ayers-Deià-Vu",""
"274","Ayers, Kevin","The Up Song","EU","13218106","https://www.discogs.com/release/13218106-Kevin-Ayers-Whatevershebringswesing",""
"275","Ayers, Kevin","The Up Song","EU","5542442","https://www.discogs.com/release/5542442-Kevin-Ayers-Odd-Ditties",""
"276","Ayers, Kevin","Too Old To Die Young","EU","4579142","https://www.discogs.com/release/4579142-Kevin-Ayers-And-The-Whole-World-Singing-A-Song-In-The-Morning",""
"279","Ayers, Kevin","Whatevershebringswesing","EU","4113085","https://www.discogs.com/release/4113085-Kevin-Ayers-Caribbean-Moon",""
"280","Ayers, Kevin","Whatevershebringswesing","EU","4579078","https://www.discogs.com/release/4579078-Kevin-Ayers-And-The-Whole-World-Butterfly-Dance-Puis-Je",""
"281","Ayers, Kevin","whatevershebringswesing","EU","16665630","https://www.discogs.com/release/16665630-Kevin-Ayers-Feeling-This-Way",""
"282","Ayers, Kevin","whatevershebringswesing","EU","1856237","https://www.discogs.com/release/1856237-Kevin-Ayers-Joy-Of-A-Toy",""
"283","Ayers, Kevin","whatevershebringswesing","EU","10153675","https://www.discogs.com/release/10153675-Kevin-Ayers-Yes-We-Have-No-Mananas",""
"284","Ayers, Kevin","whatevershebringswesing","EU","16651065","https://www.discogs.com/release/16651065-Kevin-Ayers-Sweet-Deceiver",""
"285","Ayers, Kevin","whatevershebringswesing","EU","4606479","https://www.discogs.com/release/4606479-Kevin-Ayers-Joy-Of-A-Toy",""
"286","Ayers, Kevin","whatevershebringswesing","EU","2655369","https://www.discogs.com/release/2655369-Kevin-Ayers-Joy-Of-A-Toy",""
"287","Ayers, Kevin","whatevershebringswesing","EU","1973371","https://www.discogs.com/release/1973371-Kevin-Ayers-And-The-Whole-World-Shooting-At-The-Moon",""
"288","Ayers, Kevin","whatevershebringswesing / Bananamour","EU","1973371","https://www.discogs.com/release/1973371-Kevin-Ayers-And-The-Whole-World-Shooting-At-The-Moon",""
"291","Ayers, Kevin","Yes We Have No Mananas (So Get Your Mananas Today)","EU","16651047","https://www.discogs.com/release/16651047-Kevin-Ayers-The-Confessions-Of-Dr-Dream-And-Other-Stories",""
"292","Ayers, Kevin","Yes We Have No Mananas (So Get Your Mananas Today)","EU","16651047","https://www.discogs.com/release/16651047-Kevin-Ayers-The-Confessions-Of-Dr-Dream-And-Other-Stories",""
"293","Ayers, Kevin","Yes We Have No Mananas (So Get Your Mananas Today)","EU","4476972","https://www.discogs.com/release/4476972-Kevin-Ayers-Joy-Of-A-Toy",""
"294","Ayers, Kevin","Yes We Have No Mananas (So Get Your Mananas Today)","EU","4476972","https://www.discogs.com/release/4476972-Kevin-Ayers-Joy-Of-A-Toy",""
"295","Ayers, Kevin","Yes We Have No Mananas (So Get Your Mananas Today)","EU","2311773","https://www.discogs.com/release/2311773-Kevin-Ayers-The-Unfairground",""
"297","Ayers, Kevin","Yes We Have No Mananas (So Get Your Mananas Today)","EU","4553587","https://www.discogs.com/release/4553587-Kevin-Ayers-And-The-Whole-World-Butterfly-Dance-Puis-Je",""
"300","Ayers, Kevin","Yes We Have No Mananas (So Get Your Mananas Today)","EU","1900928","https://www.discogs.com/release/1900928-Kevin-Ayers-Still-Life-With-Guitar",""
"301","Ayers, Kevin","Yes We Have No Mananas (So Get Your Mananas Today)","EU","29097511","https://www.discogs.com/release/29097511-Kevin-Ayers-Joy-Of-A-Toy",""
"302","Ayers, Kevin","Yes We Have No Mananas (So Get Your Mananas Today)","EU","9634674","https://www.discogs.com/release/9634674-Kevin-Ayers-Oh-Wot-A-DreamConnie-On-A-Rubber-Band",""
"303","Ayers, Kevin","Yes We Have No Mananas (So Get Your Mananas Today)","EU","17570479","https://www.discogs.com/release/17570479-Kevin-Ayers-Bananamour",""
"325","Badfinger","Airwaves","EU","8525758","https://www.discogs.com/release/8525758-Badfinger-Ass",""
"326","Badfinger","Ass","EU","1574307","https://www.discogs.com/release/1574307-Badfinger-Magic-Christian-Music",""
"327","Badfinger","Magic Christian Music","EU","20762845","https://www.discogs.com/release/20762845-Badfinger-Straight-Up",""
"330","Barrabas","Watch Out","EU","1245094","https://www.discogs.com/release/1245094-Barrabas-Barrabas",""
"335","Barrett, Syd","The Madcap Laughs","EU","4530416","https://www.discogs.com/release/4530416-Syd-Barrett-Barrett",""
"340","Big Star","Radio City","EU","27667407","https://www.discogs.com/release/27667407-Big-Star-1-Record",""
"344","Blondie","AutoAmerican","EU","2384150","https://www.discogs.com/release/2384150-Blondie-The-Hunter",""
"348","Blondie","The Hunter","EU","745335","https://www.discogs.com/release/745335-Blondie-Blondie",""
"352","Blue Cheer","Vincebus Eruptum","EU","1455600","https://www.discogs.com/release/1455600-Blue-Cheer-BC-5-The-Original-Human-Being",""
"368","Bowie, David","1984","USA","6921833","https://www.discogs.com/release/6921833-デビッドボウイー-1984年-1984",""
"697","Bowie, David","Changes","USA","29998300","https://www.discogs.com/release/29998300-デビッドボウイ-チェンジス-Changes",""
"913","Bowie, David","Diamond Dogs","USA","8619665","https://www.discogs.com/release/8619665-デビッドボウイー-ダイヤモンドの犬-Diamond-Dogs",""
"920","Bowie, David","Do You Anything You Say","Spain","4565112","https://www.discogs.com/release/4565112-David-Bowie-For-The-Collector-Early-David-Bowie",""
"982","Bowie, David","Fame","USA","15270647","https://www.discogs.com/release/15270647-Various-No-Title",""
"1024","Bowie, David","Fashion","USA","","",""
"1028","Bowie, David","Five Years/Hang On To Yourself/ A Lad In Vain","USA","3968218","https://www.discogs.com/release/3968218-The-Hype-Five-Years-Hang-On-To-Yourself-A-Lad-In-Vain",""
"1078","Bowie, David","Hammersmith Odeon 1983","USA","","",""
"1079","Bowie, David","Hang On To Yourself","USA","4955903","https://www.discogs.com/release/4955903-Arnold-Corns-Hang-Onto-Yourself",""
"1080","Bowie, David","Hang On To Yourself","USA","12290762","https://www.discogs.com/release/12290762-Arnold-Corns-Hang-Onto-Yourself",""
"1081","Bowie, David","Hang On To Yourself","USA","4713089","https://www.discogs.com/release/4713089-Arnold-Corns-Hang-On-To-Yourself",""
"1157","Bowie, David","I Pity The Fool / Take My Tip / You've Got A Habit Of Leaving Me / Baby Loves That Way","UK","1935705","https://www.discogs.com/release/1935705-The-Manish-Boys-Davy-Jones-The-Lower-3rd-I-Pity-The-Fool-Take-My-Tip-Youve-Got-A-Habit-Of-Leaving-Ba",""
"1255","Bowie, David","Labryinth","Japan","7349301","https://www.discogs.com/release/7349301-David-Bowie-And-Trevor-Jones-Labyrinth-From-The-Original-Soundtrack-Of-The-Jim-Henson-Film",""
"1314","Bowie, David","Let's Spend The Night Together","USA","13162070","https://www.discogs.com/release/13162070-デビッドボウイー-夜をぶっとばせ-Lets-Spend-The-Night-Together",""
"1353","Bowie, David","Liza Jane","UK","3631905","https://www.discogs.com/release/3631905-Davie-Jones-And-The-King-Bees-Liza-Jane",""
"1354","Bowie, David","Liza Jane","USA","8299501","https://www.discogs.com/release/8299501-Davie-Jones-With-The-King-Bees-Liza-Jane",""
"1355","Bowie, David","Liza Jane","USA","2785408","https://www.discogs.com/release/2785408-Davie-Jones-And-The-King-Bees-Liza-Jane",""
"1506","Bowie, David","Moonage Daydream","USA","12839321","https://www.discogs.com/release/12839321-The-Arnold-Corns-Moonage-Daydream",""
"1561","Bowie, David","Papa, when Will I See You Again, Knock On Wood, Watch Out For Lucy","USA","8596221","https://www.discogs.com/release/8596221-Various-Knock-On-Wood",""
"1568","Bowie, David","Pinups","Germany","11229076","https://www.discogs.com/release/11229076-Bowie-Pin-Ups",""
"1569","Bowie, David","Pinups","Germany","11229076","https://www.discogs.com/release/11229076-Bowie-Pin-Ups",""
"1570","Bowie, David","Pinups","Germany","11229076","https://www.discogs.com/release/11229076-Bowie-Pin-Ups",""
"1659","Bowie, David","Rebel Rebel","USA","6062183","https://www.discogs.com/release/6062183-デビッドボウイー-愛しき反抗-Rebel-Rebel-Queen-Bitch-クイーンビッチ",""
"1720","Bowie, David","Seven Years In Tibet","Turkey","","",""
"1737","Bowie, David","Sorrow","Japan","8316525","https://www.discogs.com/release/8316525-David-Bowie-Amsterdam",""
"1738","Bowie, David","Sorrow","Japan","8316525","https://www.discogs.com/release/8316525-David-Bowie-Amsterdam",""
"1752","Bowie, David","Sorrow","USA","13652461","https://www.discogs.com/release/13652461-デビッドボウイー-愛の悲しみ-Sorrow",""
"1817","Bowie, David","Space Oddity","UK","2464372","https://www.discogs.com/release/2464372-David-Bowie-David-Bowie",""
"1818","Bowie, David","Space Oddity","UK","2002701","https://www.discogs.com/release/2002701-David-Bowie-David-Bowie",""
"1819","Bowie, David","Space Oddity","UK","2002701","https://www.discogs.com/release/2002701-David-Bowie-David-Bowie",""
"1867","Bowie, David","Space Oddity","USA","6471380","https://www.discogs.com/release/6471380-デビッドボウイー-スペイスオディティ-Space-Oddity",""
"1928","Bowie, David","Starman","USA","22955918","https://www.discogs.com/release/22955918-デビッドボウイー-スターマン-Starman",""
"1930","Bowie, David","Starman","USA","3057541","https://www.discogs.com/release/3057541-デビッドボウイー-スターマン-Starman",""
"1933","Bowie, David","Starman","USA","3057541","https://www.discogs.com/release/3057541-デビッドボウイー-スターマン-Starman",""
"1934","Bowie, David","Starman","USA","3057541","https://www.discogs.com/release/3057541-デビッドボウイー-スターマン-Starman",""
"1994","Bowie, David","Tao Jones Index","USA","260666","https://www.discogs.com/release/260666-Tao-Jones-Index-Pallas-Athena-V2-Schneider",""
"1995","Bowie, David","Tao Jones Index","USA","260666","https://www.discogs.com/release/260666-Tao-Jones-Index-Pallas-Athena-V2-Schneider",""
"1996","Bowie, David","Tao Jones Index","USA","260666","https://www.discogs.com/release/260666-Tao-Jones-Index-Pallas-Athena-V2-Schneider",""
"2057","Bowie, David","The Jean Genie","USA","9343550","https://www.discogs.com/release/9343550-デビッドボウイー-ジーンジニー-The-Jean-Genie",""
"2219","Bowie, David","The Width Of A Circle","UK","977997","https://www.discogs.com/release/977997-The-Hype-Width-Of-A-Circle",""
"2241","Bowie, David","Time","USA","6874825","https://www.discogs.com/release/6874825-デビッドボウイー-タイム時間-Time",""
"2407","Bowie, David","Young Americans","UK","1782101","https://www.discogs.com/release/1782101-デビッドボウイー-ヤングアメリカン-Young-Americans",""
"2490","Buckley, Jeff","Grace","USA","14464843","https://www.discogs.com/release/14464843-Jeff-Buckley-Live-At-KCRW-Morning-Becomes-Eclectic",""
"2491","Buckley, Jeff","Live at KCRW: Morning Becomes Electric","USA","14382513","https://www.discogs.com/release/14382513-Jeff-Buckley-Grace",""
"2492","Buckley, Tim","Blue Afternoon","USA","12828596","https://www.discogs.com/release/12828596-Tim-Buckley-Sefronia",""
"2493","Buckley, Tim","Blue Afternoon","USA","2589304","https://www.discogs.com/release/2589304-Tim-Buckley-Sefronia",""
"2494","Buckley, Tim","Blue Afternoon","USA","617863","https://www.discogs.com/release/617863-Tim-Buckley-Greetings-From-LA",""
"2495","Buckley, Tim","Goodbye And Hello","USA","1408588","https://www.discogs.com/release/1408588-Tim-Buckley-Happy-Sad",""
"2496","Buckley, Tim","Goodbye And Hello","USA","1408588","https://www.discogs.com/release/1408588-Tim-Buckley-Happy-Sad",""
"2499","Buckley, Tim","Happy Sad","USA","10299394","https://www.discogs.com/release/10299394-Tim-Buckley-Goodbye-And-Hello",""
"2500","Buckley, Tim","Happy Sad","USA","1690843","https://www.discogs.com/release/1690843-Tim-Buckley-Look-At-The-Fool",""
"2501","Buckley, Tim","Lady, Give My Your Key","USA","2591026","https://www.discogs.com/release/2591026-Tim-Buckley-Lorca",""
"2503","Buckley, Tim","Look At The Fool","USA","2591141","https://www.discogs.com/release/2591141-Tim-Buckley-Dream-Letter-Live-In-London-1968",""
"2504","Buckley, Tim","Look At The Fool","USA","6970218","https://www.discogs.com/release/6970218-Tim-Buckley-Goodbye-And-Hello",""
"2506","Buckley, Tim","Lorca","USA","9735837","https://www.discogs.com/release/9735837-Tim-Buckley-Sefronia",""
"2507","Buckley, Tim","Lorca","USA","9735837","https://www.discogs.com/release/9735837-Tim-Buckley-Sefronia",""
"2508","Buckley, Tim","Manifesto","USA","4329740","https://www.discogs.com/release/4329740-Tim-Buckley-Look-At-The-Fool",""
"2510","Buckley, Tim","Sefronia","USA","1138756","https://www.discogs.com/release/1138756-Tim-Buckley-Lorca",""
"2511","Buckley, Tim","Sefronia","USA","11902138","https://www.discogs.com/release/11902138-Tim-Buckley-Live-at-the-Troubadour-1969",""
"2512","Buckley, Tim","Sefronia","USA","539590","https://www.discogs.com/release/539590-Tim-Buckley-Blue-Afternoon",""
"2513","Buckley, Tim","Sefronia","USA","1408614","https://www.discogs.com/release/1408614-Tim-Buckley-Blue-Afternoon",""
"2514","Buckley, Tim","Starsailor","USA","546850","https://www.discogs.com/release/546850-Tim-Buckley-Greetings-From-LA",""
"2515","Buckley, Tim","Starsailor","USA","2590939","https://www.discogs.com/release/2590939-Tim-Buckley-Blue-Afternoon",""
"2525","Bush, Kate","Aerial","USA","30446870","https://www.discogs.com/release/30446870-Kate-Bush-Eat-The-Music",""
"2526","Bush, Kate","Cloudbusting","USA","2233576","https://www.discogs.com/release/2233576-Kate-Bush-Running-Up-That-Hill-Extended-Version",""
"2527","Bush, Kate","Eat The Music","USA","588079","https://www.discogs.com/release/588079-Kate-Bush-Aerial",""
"2528","Bush, Kate","Experiment IV","USA","14513435","https://www.discogs.com/release/14513435-Kate-Bush-Night-Of-The-Swallow",""
"2530","Bush, Kate","Hounds Of Love","USA","539595","Kate Bush – Experiment IV – Vinyl (12"", 45 RPM, Single), 1986 [r539595] | Discogs",""
"2532","Bush, Kate","Lionheart","USA","4987435","Kate Bush – The Sensual World – Vinyl (LP, Album), 1989 [r4987435] | Discogs",""
"2533","Bush, Kate","Lionheart","USA","483472","Kate Bush – The Sensual World – Vinyl (Double Grooved, 12"", 45 RPM + 2 more), 1989 [r483472] | Discogs",""
"2534","Bush, Kate","Lionheart","USA","637823","Kate Bush – This Woman's Work – Vinyl (Poster Sleeve, 12"", 45 RPM + 2 more), 1989 [r637823] | Discogs",""
"2535","Bush, Kate","Never For Ever","USA","539598","Kate Bush – The Big Sky (Meteorological Mix) – Vinyl (12"", 45 RPM, Single), 1986 [r539598] | Discogs",""
"2536","Bush, Kate","Never For Ever","USA","2252488","Kate Bush – Hounds Of Love – Vinyl (Grey/Pink Marbled, LP, Album, Limited Edition), 1985 [r2252488] | Discogs",""
"2537","Bush, Kate","Night Of The Swallow","USA","330190","Kate Bush – Running Up That Hill – Vinyl (12"", 33 ⅓ RPM + 2 more), 1985 [r330190] | Discogs",""
"2538","Bush, Kate","Running Up That Hill","USA","330191","Kate Bush – Cloudbusting – Vinyl (Purple Labels, 12"", 45 RPM, Single), 1985 [r330191] | Discogs",""
"2539","Bush, Kate","Running Up That Hill (Extended Version)","USA","483467","Kate Bush – Kate Bush – Vinyl (LP, Mini-Album + 2 more), 1983 [r483467] | Discogs",""
"2541","Bush, Kate","The Dreaming","USA","539592","Kate Bush – Hounds Of Love – Vinyl (12"", Single, 45 RPM), 1986 [r539592] | Discogs",""
"2542","Bush, Kate","The Kick Inside","USA","838422","Kate Bush – Never For Ever – Vinyl (Jacksonville Pressing, LP, Album, Stereo), 1984 [r838422] | Discogs",""
"2543","Bush, Kate","The Kick Inside","USA","10652176","Kate Bush – Never For Ever – Vinyl (Gatefold, LP, Album), 1980 [r10652176] | Discogs",""
"2553","Cale, John","Animal Justice","USA","","",""
"2554","Cale, John","Antartida (Original Soundtrack)","USA","2309735","https://www.discogs.com/release/2309735-John-Cale-Satellite-Walk-Dance-Re-Mix",""
"2555","Cale, John","Artificial Intelligence","USA","1026903","https://www.discogs.com/release/1026903-John-Cale-Villa-Albani",""
"2556","Cale, John","Artificial Intelligence","USA","2152271","https://www.discogs.com/release/2152271-John-Cale-Dying-On-The-Vine",""
"2558","Cale, John","Caribbean Sunset","USA","469435","https://www.discogs.com/release/469435-John-Cale-Animal-Justice",""
"2559","Cale, John","Caribbean Sunset","USA","542646","https://www.discogs.com/release/542646-John-Cale-Honi-Soit",""
"2560","Cale, John","Comes Alive","USA","7162480","https://www.discogs.com/release/7162480-John-Cale-Artificial-Intelligence",""
"2561","Cale, John","Dying On The Vine","USA","3777828","https://www.discogs.com/release/3777828-John-Cale-Artificial-Intelligence",""
"2562","Cale, John","Even Cowgirls Get The Blues","USA","8640389","https://www.discogs.com/release/8640389-John-Cale-Guts",""
"2563","Cale, John","Fear","USA","1415673","https://www.discogs.com/release/1415673-John-Cale-Honi-Soit",""
"2564","Cale, John","Fear","USA","1519088","https://www.discogs.com/release/1519088-John-Cale-Antártida-Original-Soundtrack",""
"2565","Cale, John","Guts","USA","2398222","https://www.discogs.com/release/2398222-John-Cale-John-Cale-Comes-Alive",""
"2566","Cale, John","Helen Of Troy","USA","1225010","https://www.discogs.com/release/1225010-John-Cale-Music-For-A-New-Society",""
"2567","Cale, John","Helen Of Troy","USA","1679116","https://www.discogs.com/release/1679116-John-Cale-Music-For-A-New-Society",""
"2568","Cale, John","Helen Of Troy","USA","1833601","https://www.discogs.com/release/1833601-John-Cale-Caribbean-Sunset",""
"2569","Cale, John","Honi Soit","USA","798082","https://www.discogs.com/release/798082-John-Cale-SabotageLive",""
"2570","Cale, John","Honi Soit","USA","1138682","https://www.discogs.com/release/1138682-John-Cale-Words-For-The-Dying",""
"2575","Cale, John","Paris 1919","USA","1182581","https://www.discogs.com/release/1182581-John-Cale-Even-Cowgirls-Get-The-Blues",""
"2578","Cale, John","Sabotage/Live","USA","5967820","https://www.discogs.com/release/5967820-John-Cale-Helen-Of-Troy",""
"2579","Cale, John","Satellite Walk","USA","1831487","https://www.discogs.com/release/1831487-John-Cale-Paris-SEveille-Suivi-Dautres-Compositions",""
"2545","Bush, Kate","The Sensual World","USA","478766","Kate Bush – Lionheart – Vinyl (Gatefold, Embossed, LP, Album), 1978 [r478766] | Discogs",""
"2546","Bush, Kate","The Sensual World","USA","7553126","Kate Bush – Lionheart – Vinyl (Gatefold, Embossed, LP, Album), 1978 [r7553126] | Discogs",""
"2580","Cale, John","Slow Dazzle","USA","2347620","https://www.discogs.com/release/2347620-John-Cale-Vintage-Violence",""
"2581","Cale, John","Slow Dazzle","USA","1374683","https://www.discogs.com/release/1374683-John-Cale-Helen-Of-Troy",""
"2582","Cale, John","The Academy In Peril","USA","2821694","https://www.discogs.com/release/2821694-John-Cale-Fear",""
"2584","Cale, John","Villa Albani","USA","812542","https://www.discogs.com/release/812542-John-Cale-Fear",""
"2585","Cale, John","Vintage Violence","USA","8726836","https://www.discogs.com/release/8726836-John-Cale-Paris-1919",""
"2586","Cale, John","Vintage Violence","USA","1487179","https://www.discogs.com/release/1487179-John-Cale-The-Academy-In-Peril",""
"2595","Claudio Simonetti's Goblin","Profondo Rosso","USA","12254730","https://www.discogs.com/release/12254730-Claudio-Simonettis-Goblin-Daemonia-George-A-Romeros-Dawn-Of-The-Dead-",""
"2609","Coltrane, Alice","Eternity","USA","3902080","https://www.discogs.com/release/3902080-Alice-Coltrane-Lord-Of-Lords",""
"2610","Coltrane, Alice","Eternity","USA","12558275","https://www.discogs.com/release/12558275-Alice-Coltrane-Radha-Krsna-Nama-Sankirtana",""
"2611","Coltrane, Alice","Huntington Ashram Monastery","USA","23494436","https://www.discogs.com/release/23494436-Alice-Coltrane-Transfiguration",""
"2612","Coltrane, Alice","Kirtan: Turiya Sings","USA","385070","https://www.discogs.com/release/385070-Alice-Coltrane-Eternity",""
"2613","Coltrane, Alice","Lord Of Lords","USA","385070","https://www.discogs.com/release/385070-Alice-Coltrane-Eternity",""
"2614","Coltrane, Alice","Radha-Krsna Nama Sankirtana","USA","16596363","https://www.discogs.com/release/16596363-Alice-Coltrane-Transcendence",""
"2615","Coltrane, Alice","Transcendence","USA","8254895","https://www.discogs.com/release/8254895-Alice-Coltrane-With-Strings-World-Galaxy",""
"2616","Coltrane, Alice","Transfiguration","USA","1034602","https://www.discogs.com/release/1034602-Alice-Coltrane-Huntington-Ashram-Monastery",""
"2617","Coltrane, Alice","World Galaxy","USA","1885283","https://www.discogs.com/release/1885283-Alice-Coltrane-A-Monastic-Trio",""
"2622","Costa, Gal","India","USA","10592124","https://www.discogs.com/release/10592124-Gal-Costa-Índia",""
"2625","Curry, Tim","Baby Love","USA","1107963","https://www.discogs.com/release/1107963-Tim-Curry-Fearless",""
"2626","Curry, Tim","Fearless","USA","5081384","https://www.discogs.com/release/5081384-Tim-Curry-Baby-Love-Just-Fourteen",""
"2636","Curved Air","Airconditioning","USA","2929525","https://www.discogs.com/release/2929525-Curved-Air-Phantasmagoria",""
"2640","Curved Air","Midnight Wire","USA","9534229","https://www.discogs.com/release/9534229-Curved-Air-Second-Album",""
"2641","Curved Air","Midnight Wire","USA","14936056","https://www.discogs.com/release/14936056-Curved-Air-Air-Cut",""
"2642","Curved Air","Phantasmagoria","USA","14936056","https://www.discogs.com/release/14936056-Curved-Air-Air-Cut",""
"2643","Curved Air","Phantasmagoria","USA","14936056","https://www.discogs.com/release/14936056-Curved-Air-Air-Cut",""
"2644","Curved Air","Second Album","USA","14936056","https://www.discogs.com/release/14936056-Curved-Air-Air-Cut",""
"2650","Davis, Betty","Nasty Gal","USA","12363386","https://www.discogs.com/release/12363386-Betty-Davis-They-Say-Im-Different",""
"2652","Davis, Miles","Bitches Brew","USA","15699908","https://www.discogs.com/release/15699908-Miles-Davis-Live-Evil",""
"2653","Davis, Miles","Live-Evil","USA","1157814","https://www.discogs.com/release/1157814-Miles-Davis-Bitches-Brew",""
"2663","Divinyls","Desperate","USA","2193269","https://www.discogs.com/release/2193269-Divinyls-Sleeping-Beauty",""
"2665","Divinyls","Pleasure And Pain","USA","2193269","https://www.discogs.com/release/2193269-Divinyls-Sleeping-Beauty",""
"2666","Divinyls","Pleasure And Pain","USA","2193272","https://www.discogs.com/release/2193272-Divinyls-In-My-Life",""
"2668","Divinyls","Sleeping Beauty","USA","2193271","https://www.discogs.com/release/2193271-Divinyls-Pleasure-And-Pain",""
"2670","Divinyls","Sleeping Beauty","USA","10844613","https://www.discogs.com/release/10844613-Divinyls-What-A-Life",""
"2671","Divinyls","Temperamental","USA","1543085","https://www.discogs.com/release/1543085-Divinyls-Desperate",""
"2680","Eno, Brian","Another Green World","USA","1297556","https://www.discogs.com/release/1297556-ENO-Lion-Sleeps-Tonite-Wimoweh-Seven-Deadly-Fins",""
"2681","Eno, Brian","Apollo - Atmospheres & Soundtracks","USA","558535","https://www.discogs.com/release/558535-Brian-Eno-Music-For-Films",""
"2682","Eno, Brian","Before And After Science","USA","17590","https://www.discogs.com/release/17590-Brian-Eno-Music-For-Films",""
"2685","Eno, Brian","Here Come The Warm Jets","USA","16146459","https://www.discogs.com/release/16146459-Brian-Eno-Before-And-After-Science",""
"2686","Eno, Brian","Here Come The Warm Jets","USA","6808724","https://www.discogs.com/release/6808724-Brian-Eno-Discreet-Music",""
"2687","Eno, Brian","Lion Sleeps Tonite (Wimoweh)/Seven Deadly Fins","USA","9281220","https://www.discogs.com/release/9281220-Eno-Taking-Tiger-Mountain-By-Strategy",""
"2688","Eno, Brian","More Blank Than Frank","USA","61712","https://www.discogs.com/release/61712-Brian-Eno-Ambient-4-On-Land",""
"2689","Eno, Brian","Music For Films","USA","986708","https://www.discogs.com/release/986708-Eno-Another-Green-World",""
"2690","Eno, Brian","Music For Films","USA","15164374","https://www.discogs.com/release/15164374-Eno-Here-Come-The-Warm-Jets",""
"2691","Eno, Brian","Music For Films","USA","18123388","https://www.discogs.com/release/18123388-Eno-Here-Come-The-Warm-Jets",""
"2692","Eno, Brian","Music For Palaces","USA","1242929","https://www.discogs.com/release/1242929-Brian-Eno-With-Daniel-Lanois-Roger-Eno-Apollo-Atmospheres-Soundtracks",""
"2693","Eno, Brian","Taking Tiger Mountain (By Strategy)","USA","24313511","https://www.discogs.com/release/24313511-Brian-Eno-Music-For-Palaces",""
"2696","Ferry, Bryan","Another Time, Another Place","USA","1681119","https://www.discogs.com/release/1681119-Bryan-Ferry-This-Is-Tomorrow",""
"2697","Ferry, Bryan","Boys And Girls","USA","738702","https://www.discogs.com/release/738702-Bryan-Ferry-Extended-Play",""
"2698","Ferry, Bryan","Dylanesque Live","USA","2156746","https://www.discogs.com/release/2156746-Bryan-Ferry-You-Go-To-My-Head",""
"2699","Ferry, Bryan","Extended Play","USA","13616442","https://www.discogs.com/release/13616442-Bryan-Ferry-Lets-Stick-Together-Lets-Work-Together",""
"2701","Ferry, Bryan","Heart On My Sleeve","USA","1554950","https://www.discogs.com/release/1554950-Bryan-Ferry-The-In-Crowd",""
"2702","Ferry, Bryan","Heart On My Sleeve","USA","1830563","https://www.discogs.com/release/1830563-Bryan-Ferry-Slave-To-Love",""
"2703","Ferry, Bryan","Help Me","USA","848765","https://www.discogs.com/release/848765-Bryan-Ferry-What-Goes-On-",""
"2707","Ferry, Bryan","Kiss And Tell","USA","6786792","https://www.discogs.com/release/6786792-Bryan-Ferry-The-In-Crowd",""
"2710","Ferry, Bryan","Limbo","USA","1374893","https://www.discogs.com/release/1374893-Bryan-Ferry-Hell-Have-To-Go",""
"2712","Ferry, Bryan","Slave To Love","USA","529453","https://www.discogs.com/release/529453-Bryan-Ferry-Limbo",""
"2713","Ferry, Bryan","ßete Noire","USA","5880535","https://www.discogs.com/release/5880535-Bryan-Ferry-Tokyo-Joe",""
"2714","Ferry, Bryan","Taxi","USA","12511414","https://www.discogs.com/release/12511414-Bryan-Ferry-The-Bride-Stripped-Bare",""
"2715","Ferry, Bryan","The ""In"" Crowd","USA","10643460","https://www.discogs.com/release/10643460-Bryan-Ferry-Heart-On-My-Sleeve",""
"2718","Ferry, Bryan","The Bride Stripped Bare","USA","1604222","https://www.discogs.com/release/1604222-Bryan-Ferry-In-Your-Mind",""
"2721","Ferry, Bryan","These Foolish Things","USA","381734","https://www.discogs.com/release/381734-Bryan-Ferry-Another-Time-Another-Place",""
"2722","Ferry, Bryan","These Foolish Things","USA","7860974","https://www.discogs.com/release/7860974-Bryan-Ferry-Bête-Noire",""
"2724","Ferry, Bryan","Tokyo Joe","USA","7294298","https://www.discogs.com/release/7294298-Bryan-Ferry-Boys-And-Girls",""
"2725","Ferry, Bryan","What Goes On","USA","25273270","https://www.discogs.com/release/25273270-Bryan-Ferry-Taxi",""
"2726","Ferry, Bryan","You Go To My Head","USA","","",""
"2727","Fever Tree","Another Time, Another Place","USA","3399761","https://www.discogs.com/release/3399761-Fever-Tree-The-Best-Of-Fever-Tree",""
"2728","Fever Tree","Another Time, Another Place","USA","1991488","https://www.discogs.com/release/1991488-Fever-Tree-Creation",""
"2730","Fever Tree","Creation","USA","5168593","https://www.discogs.com/release/5168593-Fever-Tree-Fever-Tree",""
"2734","Fever Tree","For Sale","USA","3481335","https://www.discogs.com/release/3481335-Fever-Tree-Live-1969",""
"2735","Fever Tree","Live 1969","USA","11618089","https://www.discogs.com/release/11618089-Fever-Tree-Another-Time-Another-Place",""
"2744","Fripp, Robert & Eno, Brian","Evening Star","USA","1139749","https://www.discogs.com/release/1139749-Fripp-Eno-No-Pussyfooting",""
"2752","Gabriel, Peter","2 (Scratch)","USA","947346","https://www.discogs.com/release/947346-Peter-Gabriel-Peter-Gabriel",""
"2753","Gabriel, Peter","Ein Deutsches Album (A German Album)","USA","932702","https://www.discogs.com/release/932702-Garbage-Garbage",""
"2757","Genesis","Duke","USA","5156706","https://www.discogs.com/release/5156706-Genesis-Genesis-A-History",""
"2759","Genesis","Illegal Alien","USA","9334892","https://www.discogs.com/release/9334892-Genesis-Live-The-Mama-Tour",""
"2760","Genesis","Live - The Mama Tour","USA","4065499","https://www.discogs.com/release/4065499-Genesis-Genesis-VideosVolume-1",""
"2762","Genesis","Videos - Volume 1","USA","2366475","https://www.discogs.com/release/2366475-Genesis-Illegal-Alien",""
"2767","Goblin","Fearless (37513 Zombie Ave.)","USA","4486117","https://www.discogs.com/release/4486117-Goblin-Zombi-Colonna-Sonora-Originale-Del-Film",""
"2771","Goblin","Profondo Rosso (Colonna Sonora Originale Del Film)","USA","8274186","https://www.discogs.com/release/8274186-Stelvio-Cipriani-Goblin-The-Bloodstained-Shadow-Original-Soundtrack-Music-From-The-Film-Solamente-Ne",""
"2772","Goblin","Roller","USA","14095127","https://www.discogs.com/release/14095127-Goblin-Fearless-37513-Zombie-Ave",""
"2774","Goblin","Suspiria (Musiche Dalla Colonna Sonora Originale Del Film)","USA","746570","https://www.discogs.com/release/746570-Goblin-Dawn-Of-The-Dead",""
"2776","Goblin","The Other Hell (Original Motion Picture Soundtrack)","USA","5224488","https://www.discogs.com/release/5224488-Goblin-Roller",""
"2777","Goblin","Zombi","USA","2678857","https://www.discogs.com/release/2678857-Goblin-ゴブリン-Suspiria-Musiche-Dalla-Colonna-Sonora-Originale-Del-Film-サスペリア",""
"2778","Goblin","Zombi (Colonna Sonora Originale Del Film)","USA","33654123","https://www.discogs.com/release/33654123-Goblin-The-Other-Hell-Original-Motion-Picture-Soundtrack",""
"2779","Golden Chords Trio","Touched By Jesus","USA","","",""
"2780","Gong","About Time","USA","706658","https://www.discogs.com/release/706658-Planet-Gong-Live-Floating-Anarchy-1977",""
"2782","Gong","Camembert Electrique","USA","731577","https://www.discogs.com/release/731577-New-York-Gong-About-Time",""
"2783","Gong","Camembert Electrique","USA","568044","https://www.discogs.com/release/568044-Gong-Magick-Brother",""
"2784","Gong","Continental Circus","USA","26833676","https://www.discogs.com/release/26833676-Gong-Live-In-Lyon-December-14th-1972",""
"2785","Gong","Flying Teapot (Radio Gnome Invisible Part 1)","USA","22979591","https://www.discogs.com/release/22979591-Gong-Gong-In-The-70s",""
"2790","Gong","Live Floating Anarchy 1977","USA","6334340","https://www.discogs.com/release/6334340-Gong-I-See-You",""
"2791","Gong","Live In Lyon December 14th, 1972","USA","5260692","https://www.discogs.com/release/5260692-Gong-You",""
"2792","Gong","Live! At Sheffield","USA","566443","https://www.discogs.com/release/566443-Gong-Angels-Egg-Radio-Gnome-Invisible-Part-2",""
"2793","Gong","Magick Brother","USA","4390066","https://www.discogs.com/release/4390066-Gong-Flying-Teapot-Radio-Gnome-Invisible-Part-1",""
"2795","Gong","You","USA","1235821","https://www.discogs.com/release/1235821-Gong-Camembert-Electrique",""
"2799","Guns N' Roses","Appetite For Destruction","USA","565793","https://www.discogs.com/release/565793-Guns-N-Roses-Nightrain",""
"2801","Guns N' Roses","Live Era '87-'93","USA","2206780","https://www.discogs.com/release/2206780-Guns-N-Roses-Use-Your-Illusion-I-",""
"2802","Guns N' Roses","Nightrain","USA","2048352","https://www.discogs.com/release/2048352-Guns-N-Roses-Use-Your-Illusion-II",""
"2804","Guns N' Roses","Use Your Illusion II","USA","9740630","https://www.discogs.com/release/9740630-Steve-Hackett-Voyage-Of-The-Acolyte",""
"2829","It's A Beautiful Day","…Today","USA","1755832","https://www.discogs.com/release/1755832-Its-A-Beautiful-Day-Choice-Quality-Stuff-Anytime",""
"2830","It's A Beautiful Day","Choice Quality Stuff / Anytime","USA","2923446","https://www.discogs.com/release/2923446-Its-A-Beautiful-Day-Today",""
"2834","It's A Beautiful Day","Marrying Maiden","USA","8784644","https://www.discogs.com/release/8784644-Its-A-Beautiful-Day-Its-A-Beautiful-Day",""
"2835","It's A Beautiful Day","Marrying Maiden","USA","11214654","https://www.discogs.com/release/11214654-Its-A-Beautiful-Day-Its-A-Beautiful-Day",""
"2848","Kiss","(Music From) The Elder","USA","7290183","https://www.discogs.com/release/7290183-Kiss-Hotter-Than-Hell",""
"2849","Kiss","Destroyer","USA","2144172","https://www.discogs.com/release/2144172-Kiss-Music-From-The-Elder",""
"2851","Kiss","Dynasty","USA","11213383","https://www.discogs.com/release/11213383-Kiss-Destroyer",""
"2852","Kiss","Hotter Than Hell","USA","1644190","https://www.discogs.com/release/1644190-KISS-Kiss",""
"2855","Kiss","Love Gun","USA","650370","https://www.discogs.com/release/650370-Kiss-Kiss-Killers",""
"2859","Led Zeppelin","Coda","USA","1175599","https://www.discogs.com/release/1175599-Led-Zeppelin-DVD",""
"2860","Led Zeppelin","DVD","USA","2692863","https://www.discogs.com/release/2692863-Led-Zeppelin-Coda",""
"2864","Love","Forever Changes","USA","382620","https://www.discogs.com/release/382620-Love-Love-Story-1966-1972",""
"2869","Madonna","Erotica","USA","230329","https://www.discogs.com/release/230329-Madonna-Like-A-Prayer",""
"2873","Malcolm","Malcolm","USA","","",""
"2876","Man","Slow Motion","USA","2322934","https://www.discogs.com/release/2322934-Man-Man",""
"2877","Marilyn Manson","Mechanical Animals","USA","235649","https://www.discogs.com/release/235649-Marilyn-Manson-The-Horrible-People-Tourniquet",""
"2878","Marilyn Manson","The Horrible People / Tourniquet","USA","239093","https://www.discogs.com/release/239093-Mar1lyn-Man5on-Mechanical-Animals",""
"2883","Meatloaf","Bad Attitude","USA","1624589","https://www.discogs.com/release/1624589-Meat-Loaf-Dead-Ringer",""
"2885","Meatloaf","Dead Ringer","USA","9079940","https://www.discogs.com/release/9079940-Meat-Loaf-Blind-Before-I-Stop",""
"2886","Meatloaf","Featuring Stoney & Meatloaf","USA","1893723","https://www.discogs.com/release/1893723-Meat-Loaf-Midnight-At-The-Lost-And-Found",""
"2887","Meatloaf","Midnight At The Lost And Found","USA","5042351","https://www.discogs.com/release/5042351-Meat-Loaf-Bad-Attitude",""
"2899","Morricone, Ennio","Giallo Criminale","USA","18069205","https://www.discogs.com/release/18069205-Ennio-Morricone-Exorcist-II-The-Heretic",""
"2900","Morricone, Ennio","The Humanoid (Original Motion Picture Soundtrack)","USA","16132566","https://www.discogs.com/release/16132566-Ennio-Morricone-Giallo",""
"2905","Nazereth","Loud 'N' Proud","USA","12297740","https://www.discogs.com/release/12297740-Nazareth-Loud-N-Proud",""
"2906","Nektar","""Thru The Ears""","USA","7824494","https://www.discogs.com/release/7824494-Nektar-Down-To-Earth",""
"2907","Nektar","Down To Earth","USA","887024","https://www.discogs.com/release/887024-Nektar-Magic-Is-A-Child",""
"2912","Nico","An Underground Experience + Heroine","USA","552131","https://www.discogs.com/release/552131-Nico-The-End",""
"2913","Nico","At The Live Inn, Tokyo '86","USA","9630721","https://www.discogs.com/release/9630721-Nico-Nico-Icon",""
"2914","Nico","BBC Session 1971","USA","4303608","https://www.discogs.com/release/4303608-Nico-Chelsea-Girl-Live",""
"2915","Nico","Behind The Iron Curtain","USA","985833","https://www.discogs.com/release/985833-Nico-My-Funny-Valentine",""
"2916","Nico","Camera Obscura","USA","985833","https://www.discogs.com/release/985833-Nico-My-Funny-Valentine",""
"2917","Nico","Camera Obscura","USA","1417088","https://www.discogs.com/release/1417088-Nico-The-Classic-Years",""
"2918","Nico","Camera Obscura","USA","882985","https://www.discogs.com/release/882985-Nico-Do-Or-Die-Diary-1982-Nico-In-Europe",""
"2919","Nico","Chelsea Girl","USA","460316","https://www.discogs.com/release/460316-Nico-Icon-Rare-Unreleased",""
"2920","Nico","Chelsea Girl","USA","551793","https://www.discogs.com/release/551793-Nico-Desertshore",""
"2921","Nico","Chelsea Girl / Live","USA","383883","https://www.discogs.com/release/383883-Nico-The-Marble-Index",""
"2922","Nico","Desertshore","USA","26848778","https://www.discogs.com/release/26848778-Nico-Live-At-The-Library-Theatre-80",""
"2923","Nico","Desertshore","USA","394851","https://www.discogs.com/release/394851-Nico-An-Underground-Experience-Heroine",""
"2924","Nico","Do Or Die - Diary 1982 (Nico In Europe)","USA","22928291","https://www.discogs.com/release/22928291-Nico-Live-At-The-Hacienda-83",""
"2925","Nico","Drama Of Exile","USA","25156492","https://www.discogs.com/release/25156492-Nico-Live-At-The-Library-Theatre-83",""
"2927","Nico","Drama Of Exile - Version Originale","USA","1173610","https://www.discogs.com/release/1173610-Nico-Live-Heroes",""
"2928","Nico","En Personne En Europe","USA","4574624","https://www.discogs.com/release/4574624-Nico-All-Tomorrows-Parties",""
"2929","Nico","Fata Morgana","USA","1971449","https://www.discogs.com/release/1971449-Nico-Heroine",""
"2930","Nico","Femme Fatale","USA","22979684","https://www.discogs.com/release/22979684-Nico-3-The-Faction-Camera-Obscura",""
"2931","Nico","Hanging Gardens","USA","22979684","https://www.discogs.com/release/22979684-Nico-3-The-Faction-Camera-Obscura",""
"2932","Nico","Heroine","USA","30442904","https://www.discogs.com/release/30442904-Nico-At-The-Live-Inn-Tokyo-86",""
"2933","Nico","Heroine - Manchester Library Theatre 1980","USA","1330699","https://www.discogs.com/release/1330699-Nico-Drama-Of-Exile",""
"2934","Nico","Icon (Rare & Unreleased)","USA","9927946","https://www.discogs.com/release/9927946-Nico-3-The-Faction-Fata-Morgana",""
"2935","Nico","Janitor Of Lunacy","USA","14013931","https://www.discogs.com/release/14013931-Nico-Heroine-Manchester-Library-Theatre-1980",""
"2938","Nico","Live At The Library Theatre '83","USA","2868654","https://www.discogs.com/release/2868654-Nico-En-Personne-En-Europe",""
"2939","Nico","Live Heroes","USA","17731438","https://www.discogs.com/release/17731438-Nico-BBC-Session-1971",""
"2940","Nico","My Funny Valentine","USA","360250","https://www.discogs.com/release/360250-Nico-3-The-Faction-Camera-Obscura",""
"2941","Nico","My Funny Valentine","USA","2578118","https://www.discogs.com/release/2578118-Nico-Drama-Of-Exile-Version-Originale",""
"2946","Nico","The Marble Index","USA","3402600","https://www.discogs.com/release/3402600-Nico-Desertshore",""
"2948","Nico","The Marble Index","USA","6049138","https://www.discogs.com/release/6049138-Nico-Chelsea-Girl",""
"2949","Nico","The Marble Index","USA","2443457","https://www.discogs.com/release/2443457-Nico-Chelsea-Girl",""
"2950","Nine Inch Nails","Fixed","USA","75544","https://www.discogs.com/release/75544-Nine-Inch-Nails-Pretty-Hate-Machine",""
"2952","Nine Inch Nails","Pretty Hate Machine","USA","100537","https://www.discogs.com/release/100537-Nine-Inch-Nails-Fixed",""
"2954","Nine Inch Nails","The Fragile","USA","66180","https://www.discogs.com/release/66180-Nine-Inch-Nails-Things-Falling-Apart",""
"2956","Nine Inch Nails","Things Falling Apart","USA","189586","https://www.discogs.com/release/189586-Nine-Inch-Nails-Head-Like-A-Hole",""
"2958","Nirvana","Bleach","USA","1836201","https://www.discogs.com/release/1836201-Nirvana-MTV-Unplugged-In-New-York",""
"2961","Nirvana","MTV Unplugged In New York","USA","2499473","https://www.discogs.com/release/2499473-Nirvana-Bleach",""
"2973","Peacock, Annette","31:31","USA","1912175","https://www.discogs.com/release/1912175-Annette-Peacock-X-Dreams",""
"2978","Peacock, Annette","X-Dreams","USA","2704734","https://www.discogs.com/release/2704734-Annette-Peacock-Im-The-One",""
"2979","Peacock, Annette","X-Dreams","USA","1575104","https://www.discogs.com/release/1575104-Annette-Peacock-3131",""
"2980","Peacock, Annette","X-Dreams","USA","1111889","https://www.discogs.com/release/1111889-Annette-Peacock-Im-The-One",""
"2982","Phair, Liz","Exile In Guyville","USA","3410676","https://www.discogs.com/release/3410676-Liz-Phair-Whip-Smart",""
"2983","Phair, Liz","Whip-Smart","USA","1008443","https://www.discogs.com/release/1008443-Liz-Phair-Exile-In-Guyville",""
"2984","Pink Fairies","Kings Of Oblivion","USA","864526","https://www.discogs.com/release/864526-Pink-Fairies-Neverneverland",""
"2985","Pink Fairies","Neverneverland","USA","2259901","https://www.discogs.com/release/2259901-Pink-Fairies-What-A-Bunch-Of-Sweeties",""
"2994","Pink Floyd","Animals","USA","7977352","https://www.discogs.com/release/7977352-Pink-Floyd-A-Nice-Pair",""
"2995","Pink Floyd","Animals","USA","6502929","https://www.discogs.com/release/6502929-Pink-Floyd-Meddle",""
"2996","Pink Floyd","Animals","USA","8663821","https://www.discogs.com/release/8663821-Pink-Floyd-Obscured-By-Clouds",""
"2997","Pink Floyd","Atom Heart Mother","USA","588086","https://www.discogs.com/release/588086-Pink-Floyd-A-Momentary-Lapse-Of-Reason",""
"3000","Pink Floyd","Electric Factory","USA","2385948","https://www.discogs.com/release/2385948-Pink-Floyd-Caught-In-The-Crossfire",""
"3002","Pink Floyd","La Carrera Panamericana","USA","9086960","https://www.discogs.com/release/9086960-Pink-Floyd-Relics-A-Bizarre-Collection-Of-Antiques-Curios",""
"3003","Pink Floyd","Live At Pompeii","USA","24516668","https://www.discogs.com/release/24516668-Pink-Floyd-Animals-2018-Remix",""
"3004","Pink Floyd","London '66 - '67","USA","7733406","https://www.discogs.com/release/7733406-The-Pink-Floyd-Soundtrack-From-The-Film-More",""
"3005","Pink Floyd","Meddle","USA","9137950","https://www.discogs.com/release/9137950-Pink-Floyd-A-Saucerful-Of-Secrets",""
"3006","Pink Floyd","Obscured By Clouds","USA","4949432","https://www.discogs.com/release/4949432-Pink-Floyd-The-Piper-At-The-Gates-Of-Dawn",""
"3007","Pink Floyd","Original Motion Picture Soundtrack From The Film ""More""","USA","1240544","https://www.discogs.com/release/1240544-Pink-Floyd-The-Final-Cut",""
"3008","Pink Floyd","Original Motion Picture Soundtrack From The Film ""More""","USA","1739699","https://www.discogs.com/release/1739699-Pink-Floyd-Electric-Factory",""
"3015","Pink Floyd","The Piper At The Gates Of Dawn","USA","2111019","https://www.discogs.com/release/2111019-Pink-Floyd-Animals",""
"3016","Pink Floyd","The Piper At The Gates Of Dawn","USA","3814164","https://www.discogs.com/release/3814164-Various-Tonite-Lets-All-Make-Love-In-London",""
"3018","Pink Floyd","The Wall","USA","4915556","https://www.discogs.com/release/4915556-Pink-Floyd-Tour-75",""
"3021","Pink Floyd","Tour '75","USA","9218307","https://www.discogs.com/release/9218307-Pink-Floyd-The-Early-Years-1965-1972",""
"3033","Queen","Greatest Video Hits 2","USA","805858","https://www.discogs.com/release/805858-Queen-Live-At-Wembley-Stadium",""
"3034","Queen","Live At Wembley Stadium","USA","7463142","https://www.discogs.com/release/7463142-Queen-Queen-II",""
"3038","Queen","Rock Montreal","USA","708737","https://www.discogs.com/release/708737-Queen-Greatest-Video-Hits-1",""
"3039","Queen","The Crown Jewels: 25th Anniversary Boxed Set","USA","2167208","https://www.discogs.com/release/2167208-Queen-Greatest-Video-Hits-2",""
"3044","Radiohead","Amnesiac","USA","1450555","https://www.discogs.com/release/1450555-Radiohead-Kid-A",""
"3050","Reed, Lou","American Poet","USA","4884632","https://www.discogs.com/release/4884632-Lou-Reed-Magic-And-Loss",""
"3051","Reed, Lou","American Poet","USA","2968084","https://www.discogs.com/release/2968084-Lou-Reed-Perfect-Day",""
"3052","Reed, Lou","Animal Serenade","USA","778974","https://www.discogs.com/release/778974-Lou-Reed-Modern-Dance",""
"3053","Reed, Lou","Berlin","USA","15642540","https://www.discogs.com/release/15642540-Lou-Reed-The-Velvet-Underground-The-Best-Of-Lou-Reed-The-Velvet-Underground",""
"3054","Reed, Lou","Berlin","USA","1309025","https://www.discogs.com/release/1309025-Lou-Reed-Power-And-Glory",""
"3055","Reed, Lou","Berlin","USA","7271450","https://www.discogs.com/release/7271450-Lou-Reed-Different-Times-Lou-Reed-In-The-70s",""
"3056","Reed, Lou","Between Thought And Expression - The Lou Reed Anthology","USA","2099778","https://www.discogs.com/release/2099778-Lou-Reed-No-Money-Down",""
"3057","Reed, Lou","City Lights (Classic Performances By Lou Reed)","USA","2113043","https://www.discogs.com/release/2113043-Lou-Reed-Between-Thought-And-Expression-The-Lou-Reed-Anthology",""
"3058","Reed, Lou","Coney Island Babty","USA","1680853","https://www.discogs.com/release/1680853-Lou-Reed-Ecstasy",""
"3059","Reed, Lou","Coney Island Baby","USA","1680853","https://www.discogs.com/release/1680853-Lou-Reed-Ecstasy",""
"3060","Reed, Lou","Coney Island Baby","USA","1680853","https://www.discogs.com/release/1680853-Lou-Reed-Ecstasy",""
"3061","Reed, Lou","Coney Island Baby","USA","2232934","https://www.discogs.com/release/2232934-Lou-Reed-Set-The-Twilight-Reeling",""
"3062","Reed, Lou","Coney Island Baby Live In Jersey","USA","2232934","https://www.discogs.com/release/2232934-Lou-Reed-Set-The-Twilight-Reeling",""
"3065","Reed, Lou","Ecstasy","USA","2777332","https://www.discogs.com/release/2777332-Lou-Reed-Wild-Child",""
"3066","Reed, Lou","Ecstasy","USA","546602","https://www.discogs.com/release/546602-Lou-Reed-The-Definitive-Collection",""
"3067","Reed, Lou","Ecstasy","USA","3162585","https://www.discogs.com/release/3162585-Lou-Reed-Sex-With-Your-Parents",""
"3068","Reed, Lou","Ecstasy","USA","4298433","https://www.discogs.com/release/4298433-Lou-Reed-Perfect-Night-Live-In-London",""
"3069","Reed, Lou","Ecstasy","USA","2099668","https://www.discogs.com/release/2099668-Lou-Reed-Whats-Good",""
"3071","Reed, Lou","Growing Up In Public","USA","2380527","https://www.discogs.com/release/2380527-Lou-Reed-Whats-Good",""
"3072","Reed, Lou","Growing Up In Public","USA","549459","https://www.discogs.com/release/549459-Lou-Reed-The-Raven",""
"3073","Reed, Lou","Growing Up In Public","USA","9895446","https://www.discogs.com/release/9895446-Lou-Reed-Transformer",""
"3074","Reed, Lou","Hooky Wooky","USA","430072","https://www.discogs.com/release/430072-Lou-Reed-Rock-N-Roll-Animal",""
"3076","Reed, Lou","Legendary","USA","2099893","https://www.discogs.com/release/2099893-Lou-Reed-Hooky-Wooky",""
"3077","Reed, Lou","Legendary Hearts","USA","2010393","https://www.discogs.com/release/2010393-Lou-Reed-Berlin",""
"3078","Reed, Lou","Live In Italy","USA","546111","https://www.discogs.com/release/546111-Lou-Reed-Rock-N-Roll-Animal",""
"3079","Reed, Lou","Live, In Concert","USA","3676690","https://www.discogs.com/release/3676690-Lou-Reed-Lou-Reed-Sampler",""
"3088","Reed, Lou","Magic And Loss","USA","437305","https://www.discogs.com/release/437305-Lou-Reed-Sally-Cant-Dance",""
"3089","Reed, Lou","Magic And Loss","USA","55761","https://www.discogs.com/release/55761-Lou-Reed-Metal-Machine-Music",""
"3090","Reed, Lou","Magic And Loss - Live In Concert","USA","55761","https://www.discogs.com/release/55761-Lou-Reed-Metal-Machine-Music",""
"3091","Reed, Lou","Magic And Loss - Live In Concert","USA","10075124","https://www.discogs.com/release/10075124-Lou-Reed-Rock-N-Roll-Animal",""
"3092","Reed, Lou","Metal Machine Music","USA","2420174","https://www.discogs.com/release/2420174-Lou-Reed-Rock-And-Roll-Heart",""
"3093","Reed, Lou","Metal Machine Music","USA","400187","https://www.discogs.com/release/400187-Lou-Reed-The-Original-Wrapper-Video-Violence",""
"3094","Reed, Lou","Metal Machine Music","USA","1981577","https://www.discogs.com/release/1981577-Lou-Reed-Street-Hassle",""
"3095","Reed, Lou","Metal Machine Music","USA","10730247","https://www.discogs.com/release/10730247-Lou-Reed-Coney-Island-Baby",""
"3096","Reed, Lou","Metal Machine Music (The Anime B Ring)","USA","981118","https://www.discogs.com/release/981118-Lou-Reed-Mistrial",""
"3097","Reed, Lou","Metal Machine Music (The Anime B Ring)","USA","548824","https://www.discogs.com/release/548824-Lou-Reed-American-Poet",""
"3098","Reed, Lou","Metal Machine Music (The Anime B Ring)","USA","758770","https://www.discogs.com/release/758770-Lou-Reed-September-Song",""
"3099","Reed, Lou","Mistrial","USA","2665124","https://www.discogs.com/release/2665124-Lou-Reed-Sally-Cant-Dance",""
"3100","Reed, Lou","Mistrial","USA","7321729","https://www.discogs.com/release/7321729-Lou-Reed-Sally-Cant-Dance",""
"3101","Reed, Lou","Mistrial","USA","1756204","https://www.discogs.com/release/1756204-Lou-Reed-City-Lights-Classic-Performances-By-Lou-Reed",""
"3102","Reed, Lou","Modern Dance","USA","5149316","https://www.discogs.com/release/5149316-Lou-Reed-New-Sensations",""
"3103","Reed, Lou","New Sensations","USA","1280196","https://www.discogs.com/release/1280196-Lou-Reed-Mistrial",""
"3104","Reed, Lou","New Sensations","USA","4298453","https://www.discogs.com/release/4298453-Lou-Reed-Rock-And-Roll-Diary-1967-1980",""
"3105","Reed, Lou","New Sensations","USA","4296907","https://www.discogs.com/release/4296907-Lou-Reed-Rock-And-Roll-Heart",""
"3106","Reed, Lou","New York","USA","5504031","https://www.discogs.com/release/5504031-Lou-Reed-Coney-Island-Baby-Live-In-Jersey",""
"3107","Reed, Lou","New York","USA","2645431","https://www.discogs.com/release/2645431-Lou-Reed-Lou-Reed-Live",""
"3108","Reed, Lou","No Money Down","USA","2645431","https://www.discogs.com/release/2645431-Lou-Reed-Lou-Reed-Live",""
"3109","Reed, Lou","Paris '72","USA","2669624","https://www.discogs.com/release/2669624-Lou-Reed-Legendary",""
"3110","Reed, Lou","Perfect Day","USA","","",""
"3111","Reed, Lou","Perfect Night Live In London","USA","1228436","https://www.discogs.com/release/1228436-Lou-Reed-New-Sensations",""
"3112","Reed, Lou","Perfect Night Live In London","USA","4569732","https://www.discogs.com/release/4569732-Lou-Reed-Rock-And-Roll-Heart",""
"3114","Reed, Lou","Rock 'N' Roll Animal","USA","2157178","https://www.discogs.com/release/2157178-Lou-Reed-Ecstasy",""
"3117","Reed, Lou","Rock And Roll Diary 1967-1980","USA","1056697","https://www.discogs.com/release/1056697-Lou-Reed-Growing-Up-In-Public",""
"3118","Reed, Lou","Rock And Roll Heart","USA","1056697","https://www.discogs.com/release/1056697-Lou-Reed-Growing-Up-In-Public",""
"3119","Reed, Lou","Rock And Roll Heart","USA","1056697","https://www.discogs.com/release/1056697-Lou-Reed-Growing-Up-In-Public",""
"3120","Reed, Lou","Rock And Roll Heart","USA","5373901","https://www.discogs.com/release/5373901-Lou-Reed-Metal-Machine-Music",""
"3121","Reed, Lou","Rock And Roll Heart","USA","6436774","https://www.discogs.com/release/6436774-Lou-Reed-Sally-Cant-Dance",""
"3122","Reed, Lou","Rock And Roll Heart","USA","6436774","https://www.discogs.com/release/6436774-Lou-Reed-Sally-Cant-Dance",""
"3129","Reed, Lou","September Song","USA","2856884","https://www.discogs.com/release/2856884-Lou-Reed-The-Raven",""
"3130","Reed, Lou","Set The Twilight Reeling","USA","2624222","https://www.discogs.com/release/2624222-Lou-Reed-Lou-Reed",""
"3131","Reed, Lou","Set The Twilight Reeling","USA","980101","https://www.discogs.com/release/980101-Lou-Reed-Live-In-Italy",""
"3133","Reed, Lou","Sex With Your Parents","USA","777623","https://www.discogs.com/release/777623-Lou-Reed-Coney-Island-Baby",""
"3134","Reed, Lou","Steet Hassle","USA","777623","https://www.discogs.com/release/777623-Lou-Reed-Coney-Island-Baby",""
"3136","Reed, Lou","Street Hassle","USA","727362","https://www.discogs.com/release/727362-Lou-Reed-The-Blue-Mask",""
"3137","Reed, Lou","Take No Prisoners","USA","748918","https://www.discogs.com/release/748918-Lou-Reed-Metal-Machine-Music-The-Amine-β-Ring",""
"3141","Reed, Lou","The Definitive Collection","USA","11519519","https://www.discogs.com/release/11519519-Lou-Reed-Lou-Reed",""
"3142","Reed, Lou","The Original Wrapper","USA","526625","https://www.discogs.com/release/526625-Lou-Reed-American-Poet-Special-Edition",""
"3143","Reed, Lou","The Original Wrapper","USA","20508940","https://www.discogs.com/release/20508940-Lou-Reed-New-York",""
"3144","Reed, Lou","The Original Wrapper","USA","16279145","https://www.discogs.com/release/16279145-Lou-Reed-Magic-And-Loss",""
"3145","Reed, Lou","The Raven","USA","6566128","https://www.discogs.com/release/6566128-Lou-Reed-Transformer",""
"3146","Reed, Lou","The Raven","USA","1415493","https://www.discogs.com/release/1415493-Lou-Reed-New-York",""
"3147","Reed, Lou","The Raven","USA","8025577","https://www.discogs.com/release/8025577-Lou-Reed-Berlin",""
"3148","Reed, Lou","The Wild Side","USA","11896566","https://www.discogs.com/release/11896566-Lou-Reed-Animal-Serenade",""
"3149","Reed, Lou","Transformer","USA","12304846","https://www.discogs.com/release/12304846-Lou-Reed-Lou-Reed",""
"3150","Reed, Lou","Transformer","USA","14462207","https://www.discogs.com/release/14462207-Lou-Reed-The-Raven",""
"3151","Reed, Lou","Transformer","USA","844527","https://www.discogs.com/release/844527-Lou-Reed-Lou-Reed",""
"3154","Reed, Lou","Wild Child","USA","310645","https://www.discogs.com/release/310645-Lou-Reed-Metal-Machine-Music-The-Amine-β-Ring",""
"3155","Reed, Lou","Wild Child","USA","310645","https://www.discogs.com/release/310645-Lou-Reed-Metal-Machine-Music-The-Amine-β-Ring",""
"3156","Reed, Lou","Wild Child","USA","2868749","https://www.discogs.com/release/2868749-Lou-Reed-Stiff-On-His-Legend",""
"3164","Ronson, Mick","Just Like This","USA","5524289","https://www.discogs.com/release/5524289-Mick-Ronson-Slaughter-On-10th-Avenue",""
"3170","Roxy Music","Angel Eyes","USA","1194232","https://www.discogs.com/release/1194232-Roxy-Music-Dance-Away",""
"3171","Roxy Music","Dance Away","USA","731367","https://www.discogs.com/release/731367-Roxy-Music-Over-You",""
"3172","Roxy Music","Dance Away","USA","2268812","https://www.discogs.com/release/2268812-Roxy-Music-Oh-Yeah",""
"3174","Roxy Music","Do The Strand","USA","3213228","https://www.discogs.com/release/3213228-Roxy-Music-Over-You",""
"3175","Roxy Music","Flesh + Blood","USA","4925863","https://www.discogs.com/release/4925863-Roxy-Music-Take-A-Chance-With-Me",""
"3176","Roxy Music","In The Midnight Hour","USA","479292","https://www.discogs.com/release/479292-Roxy-Music-Street-Life",""
"3177","Roxy Music","In The Midnight Hour","USA","14804133","https://www.discogs.com/release/14804133-Roxy-Music-Dance-Away",""
"3179","Roxy Music","Manifesto","USA","1682720","https://www.discogs.com/release/1682720-Roxy-Music-The-High-Road",""
"3180","Roxy Music","Manifesto","USA","1682720","https://www.discogs.com/release/1682720-Roxy-Music-The-High-Road",""
"3181","Roxy Music","More Than This","USA","1475599","https://www.discogs.com/release/1475599-Roxy-Music-Take-A-Chance-With-Me",""
"3183","Roxy Music","Oh Yeah","USA","22498619","https://www.discogs.com/release/22498619-Roxy-Music-Take-A-Chance-With-Me",""
"3184","Roxy Music","Over You","USA","3532802","https://www.discogs.com/release/3532802-Roxy-Music-More-Than-This-Always-Unknowing",""
"3185","Roxy Music","Over You","USA","2943413","https://www.discogs.com/release/2943413-Roxy-Music-In-The-Midnight-Hour-Rain-Rain-Rain",""
"3186","Roxy Music","Over You","USA","861805","https://www.discogs.com/release/861805-Roxy-Music-Take-A-Chance-With-Me-The-Main-Thing-Dance-Mix",""
"3189","Roxy Music","Siren","USA","9793793","https://www.discogs.com/release/9793793-Roxy-Music-Flesh-Blood",""
"3190","Roxy Music","Street Life","USA","4580215","https://www.discogs.com/release/4580215-Roxy-Music-Do-The-Strand",""
"3195","Roxy Music","The High Road","USA","556671","https://www.discogs.com/release/556671-Roxy-Music-Angel-Eyes",""
"3196","Roxy Music","The High Road","USA","6057044","https://www.discogs.com/release/6057044-Roxy-Music-Roxy-Music",""
"3200","Sade","Lovers Rock","USA","1342897","https://www.discogs.com/release/1342897-Sade-Love-Deluxe",""
"3216","Shickert, Gunter","Samtvogel","USA","888568","https://www.discogs.com/release/888568-Günter-Schickert-Samtvogel",""
"3226","Smashing Pumpkins","1979","USA","373062","https://www.discogs.com/release/373062-Smashing-Pumpkins-Today",""
"3228","Smashing Pumpkins","Disarm","USA","14107152","https://www.discogs.com/release/14107152-The-Smashing-Pumpkins-Stand-Inside-Your-Love",""
"3231","Smashing Pumpkins","Greatest Hits","USA","373073","https://www.discogs.com/release/373073-Smashing-Pumpkins-I-Am-One",""
"3233","Smashing Pumpkins","If All Goes Wrong","USA","373076","https://www.discogs.com/release/373076-Smashing-Pumpkins-Peel-Sessions",""
"3234","Smashing Pumpkins","Lull","USA","2672082","https://www.discogs.com/release/2672082-Smashing-Pumpkins-Disarm",""
"3239","Smashing Pumpkins","Peel Sessions","USA","1070017","https://www.discogs.com/release/1070017-The-Smashing-Pumpkins-Tarantula",""
"3240","Smashing Pumpkins","Peel Sessions","USA","1716738","https://www.discogs.com/release/1716738-Smashing-Pumpkins-Vieuphoria",""
"3241","Smashing Pumpkins","Pisces Iscariot","USA","1305970","https://www.discogs.com/release/1305970-Smashing-Pumpkins-Zeitgeist",""
"3242","Smashing Pumpkins","Siamese Dream","USA","1013525","https://www.discogs.com/release/1013525-Smashing-Pumpkins-Zeitgeist",""
"3243","Smashing Pumpkins","Siamese Dream","USA","1009717","https://www.discogs.com/release/1009717-Smashing-Pumpkins-Zeitgeist",""
"3244","Smashing Pumpkins","Stand Inside Your Love","USA","486281","https://www.discogs.com/release/486281-The-Smashing-Pumpkins-The-Aeroplane-Flies-High-Sampler",""
"3245","Smashing Pumpkins","Tarantula","USA","574503","https://www.discogs.com/release/574503-The-Smashing-Pumpkins-Greatest-Hits",""
"3247","Smashing Pumpkins","Today","USA","5716852","https://www.discogs.com/release/5716852-Smashing-Pumpkins-If-All-Goes-Wrong",""
"3248","Smashing Pumpkins","Today","USA","1013588","https://www.discogs.com/release/1013588-Smashing-Pumpkins-Zeitgeist",""
"3249","Smashing Pumpkins","Tristessa","USA","106442","https://www.discogs.com/release/106442-The-Smashing-Pumpkins-1979-Mixes",""
"3250","Smashing Pumpkins","Untitled","USA","640267","https://www.discogs.com/release/640267-Smashing-Pumpkins-Peel-Sessions",""
"3251","Smashing Pumpkins","Vieuphoria","USA","1596473","https://www.discogs.com/release/1596473-Smashing-Pumpkins-Tristessa",""
"3252","Smashing Pumpkins","Zeitgeist","USA","1287055","https://www.discogs.com/release/1287055-Smashing-Pumpkins-Pisces-Iscariot",""
"3253","Smashing Pumpkins","Zeitgeist","USA","1621978","https://www.discogs.com/release/1621978-Smashing-Pumpkins-Siamese-Dream",""
"3254","Smashing Pumpkins","Zeitgeist","USA","2361406","https://www.discogs.com/release/2361406-Smashing-Pumpkins-Siamese-Dream",""
"3255","Smashing Pumpkins","Zeitgeist","USA","788491","https://www.discogs.com/release/788491-The-Smashing-Pumpkins-Mellon-Collie-And-The-Infinite-Sadness",""
"3256","Soft Machine","Fifth","USA","5813228","https://www.discogs.com/release/5813228-Soft-Machine-5",""
"3258","Soft Machine","Six","USA","6928036","https://www.discogs.com/release/6928036-The-Soft-Machine-Wonderland",""
"3261","Soft Machine","Wonderland","USA","424310","https://www.discogs.com/release/424310-The-Soft-Machine-The-Soft-Machine",""
"3264","Spooky Tooth","Ceremony: An Electronic Mass","USA","2387065","https://www.discogs.com/release/2387065-Spooky-Tooth-You-Broke-My-Heart-So-I-Busted-Your-Jaw",""
"3267","Spooky Tooth","The Last Puff","USA","2093846","https://www.discogs.com/release/2093846-Spooky-Tooth-Witness",""
"3268","Spooky Tooth","The Mirror","USA","3231062","https://www.discogs.com/release/3231062-Spooky-Tooth-Spooky-Two",""
"3269","Spooky Tooth","Witness","USA","12305995","https://www.discogs.com/release/12305995-Spooky-Tooth-The-Mirror",""
"3270","Spooky Tooth","You Broke My Heart So I Busted Your Jaw","USA","1648927","https://www.discogs.com/release/1648927-Spooky-Tooth-Pierre-Henry-Ceremony-An-Electronic-Mass",""
"3271","Sprit","Feedback","USA","2158222","https://www.discogs.com/release/2158222-Spirit-Feedback",""
"3272","Stone Temple Pilots","Purple","USA","1607378","https://www.discogs.com/release/1607378-Stone-Temple-Pilots-Vasoline",""
"3274","Stone Temple Pilots","Tiny Music…Songs From The Vatican Gift Shop","USA","1213131","https://www.discogs.com/release/1213131-Stone-Temple-Pilots-Purple",""
"3275","Stone Temple Pilots","Vasoline","USA","1672435","https://www.discogs.com/release/1672435-Stone-Temple-Pilots-Tiny-MusicSongs-From-The-Vatican-Gift-Shop",""
"3276","Strauss, Richard","Four Last Songs","USA","2968709","https://www.discogs.com/release/2968709-Richard-Strauss-Elisabeth-Schwarzkopf-George-Szell-Conducting-The-Berlin-Radio-Symphony-Orchestra-Fo",""
"3278","Summer, Donna","Bad Girls","USA","160307","https://www.discogs.com/release/160307-Donna-Summer-Love-To-Love-You-Baby",""
"3281","Summer, Donna","Love To Love You Baby","USA","16110207","https://www.discogs.com/release/16110207-Donna-Summer-Live-And-More",""
"3282","Summer, Donna","The Wanderer","USA","29658163","https://www.discogs.com/release/29658163-Donna-Summer-Bad-Girls",""
"3287","Talking Heads","Fear Of Music","USA","355382","https://www.discogs.com/release/355382-Talking-Heads-True-Stories",""
"3288","Talking Heads","Little Creatures","USA","6314967","https://www.discogs.com/release/6314967-Talking-Heads-Fear-Of-Music",""
"3289","Talking Heads","More Songs About Buildings And Food","USA","6163535","https://www.discogs.com/release/6163535-Talking-Heads-Little-Creatures",""
"3290","Talking Heads","Naked","USA","7027316","https://www.discogs.com/release/7027316-Talking-Heads-More-Songs-About-Buildings-And-Food",""
"3293","Talking Heads","Stop Making Sense","USA","170719","https://www.discogs.com/release/170719-Talking-Heads-Speaking-In-Tongues",""
"3297","Talking Heads","True Stories","USA","16180997","https://www.discogs.com/release/16180997-Talking-Heads-Speaking-In-Tongues",""
"3299","Tangerine Dream","Encore","Yugoslavia","409941","https://www.discogs.com/release/409941-Tangerine-Dream-Stratosfear",""
"3300","Tangerine Dream","Force Majeure","Yugoslavia","191334","https://www.discogs.com/release/191334-Tangerine-Dream-Logos-Live",""
"3302","Tangerine Dream","Logos Live","Yugoslavia","498220","https://www.discogs.com/release/498220-Tangerine-Dream-Encore",""
"3303","Tangerine Dream","Stratosfear","Yugoslavia","26844353","https://www.discogs.com/release/26844353-Tangerine-Dream-Live-In-Paris-Palais-Des-Congrès-March-6th-1978",""
"3306","Tears For Fears","Ready Boy & Girls?","USA","1800734","https://www.discogs.com/release/1800734-Tears-For-Fears-The-Seeds-Of-Love",""
"3308","Tears For Fears","The Seeds Of Love","USA","5609790","https://www.discogs.com/release/5609790-Tears-For-Fears-Ready-Boy-Girls",""
"3319","The Doors","The Soft Parade","USA","22973291","https://www.discogs.com/release/22973291-Doors-LA-Woman-Sessions",""
"3324","The Litter","Distortions","USA","","",""
"3328","The Rolling Stones","12 X 5","USA","6319318","https://www.discogs.com/release/6319318-The-Rolling-Stones-Dirty-Work",""
"3330","The Rolling Stones","Aftermath","USA","14740786","https://www.discogs.com/release/14740786-Rolling-Stones-Made-In-The-Shade",""
"3331","The Rolling Stones","Aftermath","USA","8374346","https://www.discogs.com/release/8374346-The-Rolling-Stones-Got-Live-If-You-Want-It",""
"3332","The Rolling Stones","Beggars Banquet","USA","3813883","https://www.discogs.com/release/3813883-The-Rolling-Stones-Get-Yer-Ya-Yas-Out-The-Rolling-Stones-In-Concert",""
"3333","The Rolling Stones","Beggars Banquet","USA","4887672","https://www.discogs.com/release/4887672-The-Rolling-Stones-Emotional-Rescue",""
"3336","The Rolling Stones","Big Hits (High Tide And Green Grass)","USA","6204748","https://www.discogs.com/release/6204748-The-Rolling-Stones-Between-The-Buttons",""
"3338","The Rolling Stones","Big Hits (High Tide And Green Grass)","USA","2548388","https://www.discogs.com/release/2548388-The-Rolling-Stones-Goats-Head-Soup",""
"3339","The Rolling Stones","Big Hits (High Tide And Green Grass)","USA","1199074","https://www.discogs.com/release/1199074-The-Rolling-Stones-Metamorphosis",""
"3340","The Rolling Stones","Black And Blue","USA","1349841","https://www.discogs.com/release/1349841-The-Rolling-Stones-Out-Of-Our-Heads",""
"3341","The Rolling Stones","Dirty Work","USA","4334705","https://www.discogs.com/release/4334705-Rolling-Stones-Beggars-Banquet",""
"3342","The Rolling Stones","Emotional Rescue","USA","16091901","https://www.discogs.com/release/16091901-The-Rolling-Stones-Metamorphosis",""
"3345","The Rolling Stones","Five By Five","USA","3869141","https://www.discogs.com/release/3869141-The-Rolling-Stones-Big-Hits-High-Tide-And-Green-Grass",""
"3346","The Rolling Stones","Five By Five","USA","5517323","https://www.discogs.com/release/5517323-The-Rolling-Stones-12-X-5",""
"3347","The Rolling Stones","Get Yer Ya-Ya's Out!-The Rolling Stones In Concert","USA","765072","https://www.discogs.com/release/765072-The-Rolling-Stones-Aftermath",""
"3349","The Rolling Stones","Got Live If You Want It!","USA","1164092","https://www.discogs.com/release/1164092-The-Rolling-Stones-Their-Satanic-Majesties-Request",""
"3350","The Rolling Stones","Hot Rocks 1964-1971","USA","16087910","https://www.discogs.com/release/16087910-The-Rolling-Stones-The-Rolling-Stones",""
"3351","The Rolling Stones","Let It Bleed","USA","16087910","https://www.discogs.com/release/16087910-The-Rolling-Stones-The-Rolling-Stones",""
"3352","The Rolling Stones","Love You Live","USA","5738930","https://www.discogs.com/release/5738930-The-Rolling-Stones-Their-Satanic-Majesties-Request",""
"3354","The Rolling Stones","Metamorphosis","USA","16088043","https://www.discogs.com/release/16088043-The-Rolling-Stones-Out-Of-Our-Heads-",""
"3355","The Rolling Stones","Metamorphosis","USA","16088043","https://www.discogs.com/release/16088043-The-Rolling-Stones-Out-Of-Our-Heads-",""
"3358","The Rolling Stones","Out Of Our Heads","USA","6535118","https://www.discogs.com/release/6535118-Rolling-Stones-Exile-On-Main-St",""
"3359","The Rolling Stones","Out Of Our Heads","USA","6535118","https://www.discogs.com/release/6535118-Rolling-Stones-Exile-On-Main-St",""
"3360","The Rolling Stones","Tattoo You","USA","14245580","https://www.discogs.com/release/14245580-The-Rolling-Stones-Five-By-Five",""
"3364","The Rolling Stones","Their Satanic Majesties Request","USA","19063111","https://www.discogs.com/release/19063111-The-Rolling-Stones-Big-Hits-High-Tide-And-Green-Grass",""
"3365","The Rolling Stones","Their Satanic Majesties Request","USA","14101755","https://www.discogs.com/release/14101755-The-Rolling-Stones-Let-It-Bleed",""
"3372","The Stooges","Fun House","USA","15804673","https://www.discogs.com/release/15804673-The-Stooges-The-Stooges",""
"3369","The Rolling Stones","Undercover","USA","21310042","The Rolling Stones – The Rolling Stones – Vinyl (12"", 45 RPM + 3 more), 2010 [r21310042] | Discogs",""
"3379","The Velvet Underground","(And So On)","USA","7814615","https://www.discogs.com/release/7814615-The-Velvet-Underground-The-Best-Of-The-Velvet-Underground",""
"3384","The Velvet Underground","Another View","USA","1298065","https://www.discogs.com/release/1298065-The-Velvet-Underground-Loaded-Fully-Loaded-Edition",""
"3385","The Velvet Underground","Another View","USA","1445972","https://www.discogs.com/release/1445972-The-Velvet-Underground-The-Velvet-Underground-Nico",""
"3386","The Velvet Underground","Etc.","USA","1360821","https://www.discogs.com/release/1360821-Lou-Reed-And-The-Velvet-Underground-Thats-The-Story-Of-My-Life",""
"3390","The Velvet Underground","Loaded","USA","5348642","https://www.discogs.com/release/5348642-The-Velvet-Underground-Etc",""
"3391","The Velvet Underground","Loaded (Fully Loaded Edition)","USA","13726284","https://www.discogs.com/release/13726284-The-Velvet-Underground-Another-View",""
"3393","The Velvet Underground","The Best Of The Velvet Underground","USA","5036498","https://www.discogs.com/release/5036498-Velvet-Underground-1969-Velvet-Underground-Live-With-Lou-Reed",""
"3400","The Velvet Underground","Up-Tight","USA","6202046","https://www.discogs.com/release/6202046-The-Velvet-Underground-Nico-The-Velvet-Underground-Nico",""
"3403","The Velvet Underground","VU","USA","372030","https://www.discogs.com/release/372030-The-Velvet-Underground-White-LightWhite-Heat",""
"3404","The Velvet Underground","VU","USA","3820535","https://www.discogs.com/release/3820535-The-Velvet-Underground-Nico-The-Velvet-Underground-Nico",""
"3405","The Velvet Underground","White Light / White Heat","USA","3820535","https://www.discogs.com/release/3820535-The-Velvet-Underground-Nico-The-Velvet-Underground-Nico",""
"3406","The Velvet Underground","White Light / White Heat","USA","1491938","https://www.discogs.com/release/1491938-The-Velvet-Underground-The-Velvet-Underground",""
"3407","The Walker Brothers","Images","USA","7217832","https://www.discogs.com/release/7217832-The-Walker-Brothers-Lines-First-Day",""
"3409","The Walker Brothers","Lines","USA","1198693","https://www.discogs.com/release/1198693-The-Walker-Brothers-No-Regrets",""
"3410","The Walker Brothers","Lines","USA","1783064","https://www.discogs.com/release/1783064-The-Walker-Brothers-Images",""
"3411","The Walker Brothers","Nite Flights","USA","1792842","https://www.discogs.com/release/1792842-The-Walker-Brothers-The-Sun-Aint-Gonna-Shine-Anymore",""
"3412","The Walker Brothers","No Regrets","USA","1244268","https://www.discogs.com/release/1244268-The-Walker-Brothers-Lines",""
"3415","The Who","Face Dances","USA","1299504","https://www.discogs.com/release/1299504-The-Who-Whos-Last",""
"3416","The Who","Happy Jack","USA","2673015","https://www.discogs.com/release/2673015-The-Who-Portrait-Of-The-Who",""
"3419","The Who","Quadrophenia","USA","1087824","https://www.discogs.com/release/1087824-The-Who-Who-Are-You",""
"3422","The Who","Tommy","USA","3675449","https://www.discogs.com/release/3675449-The-Who-Whos-Next",""
"3429","Tim Curry","Baby Love","USA","5045843","https://www.discogs.com/release/5045843-Tim-Curry-Working-On-My-Tan",""
"3430","Tim Curry","Working On My Tan","USA","5094686","https://www.discogs.com/release/5094686-Tim-Curry-Baby-Love",""
"3431","Tin Machine","Baby Universal","USA","1155450","https://www.discogs.com/release/1155450-Tin-Machine-Tin-Machine",""
"3432","Tin Machine","Baby Universal","USA","1155450","https://www.discogs.com/release/1155450-Tin-Machine-Tin-Machine",""
"3433","Tin Machine","Baby Universal","USA","389990","https://www.discogs.com/release/389990-Tin-Machine-Tin-Machine",""
"3434","Tin Machine","Baby Universal","USA","389990","https://www.discogs.com/release/389990-Tin-Machine-Tin-Machine",""
"3437","Tin Machine","Japan 1992 (The Classic Budokan Broadcast)","USA","9127717","https://www.discogs.com/release/9127717-Tin-Machine-Live-Oy-Vey-Baby",""
"3438","Tin Machine","Japan 1992 (The Classic Budokan Broadcast)","USA","6586242","https://www.discogs.com/release/6586242-Tin-Machine-You-Belong-In-Rock-N-Roll",""
"3439","Tin Machine","Live At Budokan 1992 - FM Broadcast","USA","2502844","https://www.discogs.com/release/2502844-Tin-Machine-Under-The-God",""
"3443","Tin Machine","Oy Vey, Baby","USA","1443374","https://www.discogs.com/release/1443374-Tin-Machine-Tin-Machine",""
"3444","Tin Machine","Oy Vey, Baby","USA","4028844","https://www.discogs.com/release/4028844-Tin-Machine-Heavens-In-Here",""
"3445","Tin Machine","Prisoner Of Love","USA","4028844","https://www.discogs.com/release/4028844-Tin-Machine-Heavens-In-Here",""
"3446","Tin Machine","Prisoner Of Love","USA","2098089","https://www.discogs.com/release/2098089-Tin-Machine-Maggies-Farm-Live-Tin-Machine",""
"3447","Tin Machine","Prisoner Of Love","USA","1309063","https://www.discogs.com/release/1309063-Tin-Machine-You-Belong-In-Rock-N-Roll",""
"3448","Tin Machine","Prisoner Of Love","USA","1615624","https://www.discogs.com/release/1615624-Tin-Machine-Baby-Universal-New-Mix",""
"3464","Tin Machine","Under The God","USA","15743690","https://www.discogs.com/release/15743690-Tin-Machine-Live-At-Budokan-1992-FM-Broadcast",""
"3465","Tin Machine","Under The God","USA","1865304","https://www.discogs.com/release/1865304-Tin-Machine-Tin-Machine",""
"3469","Tin Machine","Oy Vey Baby","USA","2787857","https://www.discogs.com/release/2787857-Tin-Machine-You-Belong-In-Rock-N-Roll",""
"3470","Tin Machine","Oy Vey Baby","USA","1140846","https://www.discogs.com/release/1140846-Tin-Machine-Tin-Machine-II",""
"3484","Ultimate Spinach","Behold & See","USA","1972400","https://www.discogs.com/release/1972400-Ultimate-Spinach-Ultimate-Spinach",""
"3488","Van Der Graaf Generator","Godbluff","USA","2561198","https://www.discogs.com/release/2561198-Van-Der-Graaf-Generator-H-To-He-Who-Am-The-Only-One",""
"3491","Van Der Graaf Generator","The Aerosol Grey Machine","USA","1167294","https://www.discogs.com/release/1167294-Van-Der-Graaf-Generator-World-Record",""
"3492","Van Der Graaf Generator","World Record","USA","4098891","https://www.discogs.com/release/4098891-Van-Der-Graaf-Generator-The-Aerosol-Grey-Machine",""
"3493","Various Artists","20 Explosive Dynamic Super Smash Hit Explosions!","USA","13416854","https://www.discogs.com/release/13416854-Various-Encomium-A-Tribute-To-Led-Zeppelin",""
"3496","Various Artists","99X Live X IV ""Home""","USA","1453798","https://www.discogs.com/release/1453798-Various-White-Nights-Original-Motion-Picture-Soundtrack",""
"3497","Various Artists","Absolute Beginners","USA","23555831","https://www.discogs.com/release/23555831-Various-Windham-Hill-Records-Sampler-86",""
"3498","Various Artists","Absolute Beginners - The Musical (Songs From The Original Motion Picture)","USA","6187430","https://www.discogs.com/release/6187430-Jools-Holland-His-Rhythm-Blues-Orchestra-Jools-Hollands-Big-Band-Rhythm-Blues",""
"3501","Various Artists","Arnold Layne","USA","3044093","https://www.discogs.com/release/3044093-Various-Original-Motion-Picture-Sound-Track-Homer",""
"3502","Various Artists","Beside Bowie: The Mick Ronson Story (The Soundtrack)","USA","13677508","https://www.discogs.com/release/13677508-Unknown-Artist-Walt-Disneys-Story-And-Songs-From-Peter-Pan",""
"3503","Various Artists","Bossa Novaville","USA","3712954","https://www.discogs.com/release/3712954-Various-Days-Of-Wine-And-Vinyl",""
"3504","Various Artists","Carte Blanche Volume 2","USA","11631055","https://www.discogs.com/release/11631055-Robert-B-Sherman-Richard-M-Sherman-Marni-Nixon-Richard-M-Sherman-Dal-McKennon-Bill-Lee-The-Story-And",""
"3505","Various Artists","Days Of Wine And Vinyl","USA","6376506","https://www.discogs.com/release/6376506-Various-4-Sucessos-Internacionais",""
"3507","Various Artists","Duets","USA","1872526","https://www.discogs.com/release/1872526-Various-The-Rocky-Horror-Picture-Show-The-Original-Audience-Par-Tic-I-Pation-Album",""
"3510","Various Artists","French Disco Boogie Sounds Vol. 3 (1977-1987)","USA","6701297","https://www.discogs.com/release/6701297-Jimmy-Page-Death-Wish-II-The-Original-Soundtrack",""
"3511","Various Artists","Get Crazy (Origina Motion Picture Soundtrack)","USA","6984350","https://www.discogs.com/release/6984350-Various-The-London-Boys",""
"3512","Various Artists","Home (Original Motion Picture Soundtrack)","USA","1442623","https://www.discogs.com/release/1442623-Various-Zig-Zag-Festival",""
"3513","Various Artists","Jools Holland & His Rhythm & Blues Orchestra","USA","1872587","https://www.discogs.com/release/1872587-The-Rocky-Horror-Show-Original-Australian-Cast-The-Rocky-Horror-Show-Original-Australian-Cast-Album",""
"3515","Various Artists","Kraut Rock (German Rock Scene)","USA","1518828","https://www.discogs.com/release/1518828-Various-Schöner-Gigolo-Armer-Gigolo",""
"3516","Various Artists","Music For Films III","USA","1109113","https://www.discogs.com/release/1109113-Various-Times-Square",""
"3517","Various Artists","Perfect Day","USA","1983548","https://www.discogs.com/release/1983548-Original-London-Cast-The-Rocky-Horror-Show",""
"3518","Various Artists","Schoner Gigolo-Armer Gigolo","USA","","",""
"3519","Various Artists","Schoner Gigolo-Armer Gigolo","USA","4656334","https://www.discogs.com/release/4656334-Various-Get-Crazy-Original-Motion-Picture-Soundtrack",""
"3520","Various Artists","Sid & Nancy: Love Kills (Original Motion Picture Soundtrack)","USA","1986324","https://www.discogs.com/release/1986324-Various-When-The-Wind-Blows-Original-Motion-Picture-Soundtrack",""
"3522","Various Artists","Sonic The Hedgehog Three","USA","11146418","https://www.discogs.com/release/11146418-Various-Stanley-Kubricks-A-Clockwork-Orange",""
"3525","Various Artists","Television's Greatest Hits, Volume II","USA","13899181","https://www.discogs.com/release/13899181-David-Bowie-Marlene-Dietrich-Just-A-Gigolo-The-Original-Soundtrack",""
"3527","Various Artists","The London Boys","USA","1412597","https://www.discogs.com/release/1412597-Various-20-Explosive-Dynamic-Super-Smash-Hit-Explosions",""
"3528","Various Artists","The Man Who Fell To Earth","USA","4620687","https://www.discogs.com/release/4620687-Various-99X-Live-X-IV-Home",""
"3529","Various Artists","The Philips Revolutionaries Sampler","USA","1082937","https://www.discogs.com/release/1082937-David-Gilmour-David-Bowie-Richard-Wright-Arnold-Layne",""
"3531","Various Artists","The Rocky Horror Picture Show (Original Motion Picture Soundtrack)","USA","65253","https://www.discogs.com/release/65253-Various-Carte-Blanche-Volume-Two",""
"3534","Various Artists","The Rocky Horror Picture Show Audience Par-Tic-I-Pation (Original Motion Picture Soundtrack)","USA","2247917","https://www.discogs.com/release/2247917-Various-Televisions-Greatest-Hits-70s-80s",""
"3535","Various Artists","The Rocky Horror Show","USA","393159","https://www.discogs.com/release/393159-Various-Artists-Perfect-Day-97",""
"3536","Various Artists","The Rocky Horror Show (Oringal Australian Cast)","USA","1223844","https://www.discogs.com/release/1223844-The-Rocky-Horror-Picture-Show-Original-Cast-The-Rocky-Horror-Picture-Show",""
"3540","Various Artists","The Story And Songs From Walt Disney's Mary Poppins","USA","5576539","https://www.discogs.com/release/5576539-The-Rocky-Horror-Picture-Show-Original-Cast-The-Rocky-Horror-Picture-Show",""
"3542","Various Artists","Times Square (Original Motion Picutre Soundtrack)","USA","14493799","https://www.discogs.com/release/14493799-Various-Songs-From-The-Cool-World",""
"3543","Various Artists","Underworld (Music From The Motion Picture)","USA","504644","https://www.discogs.com/release/504644-Various-Kraut-Rock-German-Rock-Scene",""
"3548","Various Artists","Windham Hill Records Sampler '86","USA","528661","https://www.discogs.com/release/528661-Various-The-Shining-Original-Sound-Track",""
"3550","Walker, Scott","Aloner","USA","426793","https://www.discogs.com/release/426793-Scott-Walker-Scott-Walker-Sings-Jacques-Brel",""
"3551","Walker, Scott","And Who Shall Go To The Ball? And What Shall Go To The Ball?","USA","4723543","https://www.discogs.com/release/4723543-Scott-Walker-Humble-Beginnings-The-Scott-Engel-Sessions",""
"3552","Walker, Scott","Bish Bosch","USA","5176708","https://www.discogs.com/release/5176708-Scott-Walker-Scott",""
"3553","Walker, Scott","Boy Child - The Best Of 1967-1970","USA","415068","https://www.discogs.com/release/415068-Scott-Walker-Scott-4",""
"3554","Walker, Scott","Climate Of Hunter","USA","1788103","https://www.discogs.com/release/1788103-Scott-Walker-Scott-2",""
"3556","Walker, Scott","Pola X","USA","640783","https://www.discogs.com/release/640783-Scott-Walker-Climate-Of-Hunter",""
"3562","Walker, Scott","Stretch / We Had It All","USA","22965146","https://www.discogs.com/release/22965146-Scott-Walker-Boy-Child-The-Best-Of-1967-1970",""
"3564","Walker, Scott","The Drift","USA","3314912","https://www.discogs.com/release/3314912-Scott-Walker-Aloner",""
"3566","Walker, Scott","Til The Band Comes In","USA","1195716","https://www.discogs.com/release/1195716-Scott-Walker-Pola-X",""
"3571","Waters, Roger","The Wall Live In Berlin","USA","3324891","https://www.discogs.com/release/3324891-Roger-Waters-What-God-Wants-Part-1",""
"3573","Waters, Roger","What God Wants, Part 1","USA","2758004","https://www.discogs.com/release/2758004-Roger-Waters-In-The-Flesh",""
"3577","White Zombie","Nightcrawlers: The KMFDM Remixes","USA","1207381","https://www.discogs.com/release/1207381-White-Zombie-La-Sexorcisto-Devil-Music-Vol-1",""
"3582","Wyatt, Robert","Shipbuilding / Memories Of You / Round Midnight","USA","14806487","https://www.discogs.com/release/14806487-Robert-Wyatt-Robert-Wyatt-Box-Set",""
"3587","Young, Kristeen","Enemy","USA","1905756","https://www.discogs.com/release/1905756-Kristeen-Young-The-Orphans",""
"3590","Young, Kristeen","The Orphans","Venezuela","4098891","https://www.discogs.com/release/4098891-Van-Der-Graaf-Generator-The-Aerosol-Grey-Machine",""
"4","Allen, Daevid","Alien In New York","Argentina","2190110","https://www.discogs.com/release/2190110-EX-StopDont",""
"6","Allen, Daevid","Divided Alien Playbax 80","Argentina","7566857","https://www.discogs.com/release/7566857-Daevid-Allen-With-New-York-Gong-Jungle-Window",""
"8","Allen, Daevid","Elevenses","Argentina","829680","https://www.discogs.com/release/829680-Daevid-Allen-The-Death-Of-Rock-Other-Entrances",""
"9","Allen, Daevid","Good Morning","Argentina","1400307","https://www.discogs.com/release/1400307-Daevid-Allen-Alien-In-New-York",""
"13","Allen, Daevid","Opium For The People","Argentina","8126941","https://www.discogs.com/release/8126941-Daevid-Allen-Weird-Quartet-Elevenses",""
"20","Amos, Tori","1000 Oceans","Australia","479673","https://www.discogs.com/release/479673-Tori-Amos-Strange-Little-Girls",""
"25","Amos, Tori","American Doll Posse","Australia","1264008","https://www.discogs.com/release/1264008-Tori-Amos-Jackies-Strength",""
"27","Amos, Tori","Big Wheel","Australia","2443427","https://www.discogs.com/release/2443427-Tori-Amos-American-Doll-Posse",""
"29","Amos, Tori","Boys For Pele","Australia","283714","https://www.discogs.com/release/283714-Tori-Amos-Cruel-Raspberry-Swirl",""
"31","Amos, Tori","Cruel / Raspberry Swirl","Australia","1186811","https://www.discogs.com/release/1186811-Tori-Amos-Spark",""
"32","Amos, Tori","Cruel / Raspberry Swirl","Australia","1411090","https://www.discogs.com/release/1411090-Tori-Amos-1000-Oceans",""
"34","Amos, Tori","Glory Of The 80's","Australia","166955","https://www.discogs.com/release/166955-Tori-Amos-Raspberry-Swirl",""
"36","Amos, Tori","Gold Dust","Australia","1379811","https://www.discogs.com/release/1379811-Tori-Amos-Spark",""
"40","Amos, Tori","Live At Montreaux 1991 & 1992","Australia","444546","https://www.discogs.com/release/444546-Tori-Amos-Tales-Of-A-Librarian-A-Tori-Amos-Collection",""
"42","Amos, Tori","Professional Widow / Hey Jupiter","Australia","1198276","https://www.discogs.com/release/1198276-Tori-Amos-1000-Oceans",""
"44","Amos, Tori","Raspberry Swirl","Australia","205613","https://www.discogs.com/release/205613-Tori-Amos-Jackies-Strength",""
"48","Amos, Tori","Spark","Australia","2080227","https://www.discogs.com/release/2080227-Tori-Amos-Midwinter-Graces",""
"50","Amos, Tori","Spark","Australia","1385015","https://www.discogs.com/release/1385015-Tori-Amos-A-Sorta-Fairytale",""
"54","Amos, Tori","Strange Little Girls","Australia","1762749","https://www.discogs.com/release/1762749-Tori-Amos-Sleeps-With-Butterflies",""
"56","Amos, Tori","Strange Little Girls","Australia","1784716","https://www.discogs.com/release/1784716-Tori-Amos-Abnormally-Attracted-To-Sin",""
"328","Badfinger","Straight Up","EU","9610561","Badfinger – Airwaves – Vinyl (LP, Album, Stereo), 1979 [r9610561] | Discogs",""
"1439","Bowie, David","Memory Of A Free Festival","USA","6859600","https://www.discogs.com/sell/release/6859600?ev=rb",""
"2529","Bush, Kate","Hounds Of Love","USA","1315758","Kate Bush – The Red Shoes – Vinyl (LP, Album), 1993 [r1315758] | Discogs",""
"2544","Bush, Kate","The Red Shoes","USA","1800599","Kate Bush – Lionheart – Vinyl (Gatefold, Winchester Pressing, LP, Album + 2 more), 1984 [r1800599] | Discogs",""
"2741","Fortheringay","Fortheringay","USA","29010805","Fotheringay – Fotheringay – Vinyl (Terre Haute, LP, Album), 1970 [r29010805] | Discogs",""
"3366","The Rolling Stones","Their Satanic Majesties Request","USA","2670295","The Rolling Stones – Hot Rocks 1964-1971 – 2 x Vinyl (Terre Haute Pressing, LP, Compilation + 2 more), 1971 [r2670295] | Discogs",""
"3549","Various Artists","Zig-Zag Festival","USA","74518","Music For Films III – Vinyl (LP, Album), 1988 [r74518] | Discogs",""
"64","Amos, Tori","Unrepentant Geraldines","Australia","1461114","https://www.discogs.com/release/1461114-Tori-Amos-American-Doll-Posse",""